target,coefficient_id,monomial,target_coefficient,candidate_coefficient,residual
e4_residual_1_over_16,0,f0^8,0.00012513780082743178,0.00012513780083127195,3.84016277978072e-15
e4_residual_1_over_16,1,f0^7*f1,-1.2440429379455644e-05,-1.2440429381451672e-05,-1.9960280580070752e-15
e4_residual_1_over_16,2,f0^7*f2,-6.712580693831983e-05,-6.712580693801508e-05,3.0474212563136316e-16
e4_residual_1_over_16,3,f0^7*f3,2.5282074453240756e-05,2.5282074454448262e-05,1.2075064526832074e-15
e4_residual_1_over_16,4,f0^6*f1^2,0.00011733975209397645,0.00011733975210119942,7.222968425625587e-15
e4_residual_1_over_16,5,f0^6*f1*f2,0.0003397806063242106,0.0003397806063212671,-2.943500478080896e-15
e4_residual_1_over_16,6,f0^6*f1*f3,0.00034838061388304446,0.0003483806138835385,4.940167198930201e-16
e4_residual_1_over_16,7,f0^6*f2^2,0.0003385706966606613,0.00033857069666444635,3.7850582043641445e-15
e4_residual_1_over_16,8,f0^6*f2*f3,0.0005921802256889847,0.0005921802256889361,-4.868067754459915e-17
e4_residual_1_over_16,9,f0^6*f3^2,0.0003291316068946481,0.0003291316068964634,1.81527969739248e-15
e4_residual_1_over_16,10,f0^5*f1^3,-2.2285196685392488e-05,-2.2285196684490818e-05,9.016699604839917e-16
e4_residual_1_over_16,11,f0^5*f1^2*f2,-0.00010602282404686508,-0.00010602282404707977,-2.1468558267928595e-16
e4_residual_1_over_16,12,f0^5*f1^2*f3,-4.1024657654378755e-05,-4.102465765320371e-05,1.1750447620126336e-15
e4_residual_1_over_16,13,f0^5*f1*f2^2,-1.815231312097423e-05,-1.8152313121019867e-05,-4.56381351980617e-17
e4_residual_1_over_16,14,f0^5*f1*f2*f3,0.0001687619441007818,0.00016876194410269724,1.9154328730758285e-15
e4_residual_1_over_16,15,f0^5*f1*f3^2,-7.659194478540297e-05,-7.65919447867253e-05,-1.3223200746176333e-15
e4_residual_1_over_16,16,f0^5*f2^3,-0.00014648422096439885,-0.00014648422096439362,5.231275482242559e-18
e4_residual_1_over_16,17,f0^5*f2^2*f3,-2.153865978584409e-05,-2.1538659784883283e-05,9.60806412729498e-16
e4_residual_1_over_16,18,f0^5*f2*f3^2,2.7224281702989862e-05,2.7224281703849123e-05,8.592607148808634e-16
e4_residual_1_over_16,19,f0^5*f3^3,4.217331588180294e-06,4.217331591655533e-06,3.4752398102798863e-15
e4_residual_1_over_16,20,f0^4*f1^4,-3.982688067901319e-05,-3.982688067366443e-05,5.348762340158519e-15
e4_residual_1_over_16,21,f0^4*f1^3*f2,0.0006956701389812525,0.0006956701389768063,-4.446204689145805e-15
e4_residual_1_over_16,22,f0^4*f1^3*f3,0.00047393847405853486,0.00047393847405614197,-2.3928884047841326e-15
e4_residual_1_over_16,23,f0^4*f1^2*f2^2,0.0009672476905017292,0.0009672476905040171,2.2878834243789115e-15
e4_residual_1_over_16,24,f0^4*f1^2*f2*f3,0.001068152748710385,0.0010681527487109979,6.127910678888071e-16
e4_residual_1_over_16,25,f0^4*f1^2*f3^2,0.0006536506455995421,0.0006536506456008207,1.2785996220121554e-15
e4_residual_1_over_16,26,f0^4*f1*f2^3,0.0007399296484781097,0.0007399296484776362,-4.734710887244198e-16
e4_residual_1_over_16,27,f0^4*f1*f2^2*f3,0.00020356796638234452,0.0002035679663820944,-2.5012544119240587e-16
e4_residual_1_over_16,28,f0^4*f1*f2*f3^2,0.00034865373355585813,0.00034865373355380265,-2.0554846887066436e-15
e4_residual_1_over_16,29,f0^4*f1*f3^3,0.0010079457241363346,0.0010079457241370484,7.138387103644561e-16
e4_residual_1_over_16,30,f0^4*f2^4,0.0003897771739038898,0.0003897771739035792,-3.1056971230847275e-16
e4_residual_1_over_16,31,f0^4*f2^3*f3,0.0012931529542887284,0.0012931529542885864,-1.4203048459560108e-16
e4_residual_1_over_16,32,f0^4*f2^2*f3^2,0.0010858040916043566,0.0010858040916071829,2.826298223235213e-15
e4_residual_1_over_16,33,f0^4*f2*f3^3,0.001060383781903906,0.0010603837819024736,-1.4324479102878485e-15
e4_residual_1_over_16,34,f0^4*f3^4,0.00040586429098145933,0.00040586429098010365,-1.3556863964758747e-15
e4_residual_1_over_16,35,f0^3*f1^5,-5.077562741941225e-06,-5.077562736835575e-06,5.105650331769379e-15
e4_residual_1_over_16,36,f0^3*f1^4*f2,-6.224303269234218e-06,-6.224303267458726e-06,1.7754920187611038e-15
e4_residual_1_over_16,37,f0^3*f1^4*f3,-8.133314685125204e-05,-8.133314684839045e-05,2.861589003949616e-15
e4_residual_1_over_16,38,f0^3*f1^3*f2^2,2.189260856016042e-05,2.189260856106615e-05,9.057289423672343e-16
e4_residual_1_over_16,39,f0^3*f1^3*f2*f3,0.00037225510719891277,0.0003722551072018069,2.8941150691241813e-15
e4_residual_1_over_16,40,f0^3*f1^3*f3^2,-6.694143635784798e-05,-6.69414363572067e-05,6.412784799708637e-16
e4_residual_1_over_16,41,f0^3*f1^2*f2^3,-0.00010490771815794196,-0.0001049077181582438,-3.0184188481996443e-16
e4_residual_1_over_16,42,f0^3*f1^2*f2^2*f3,1.736080282943069e-05,1.736080282938445e-05,-4.6241222656506764e-17
e4_residual_1_over_16,43,f0^3*f1^2*f2*f3^2,0.00021160396537622103,0.00021160396537624735,2.631900773708562e-17
e4_residual_1_over_16,44,f0^3*f1^2*f3^3,-8.754067329879763e-05,-8.754067329695743e-05,1.8402027948324906e-15
e4_residual_1_over_16,45,f0^3*f1*f2^4,3.3100131648417473e-05,3.310013164844946e-05,3.198396408832238e-17
e4_residual_1_over_16,46,f0^3*f1*f2^3*f3,0.00040907312821129654,0.00040907312821166495,3.684118982105744e-16
e4_residual_1_over_16,47,f0^3*f1*f2^2*f3^2,0.00011309628064446595,0.00011309628064273781,-1.7281369477789577e-15
e4_residual_1_over_16,48,f0^3*f1*f2*f3^3,0.0003287771362252611,0.00032877713622470636,-5.547320415522083e-16
e4_residual_1_over_16,49,f0^3*f1*f3^4,-3.305950093515923e-05,-3.305950093642271e-05,-1.2634817779695606e-15
e4_residual_1_over_16,50,f0^3*f2^5,-7.763505710057944e-05,-7.76350570999692e-05,6.102431927834662e-16
e4_residual_1_over_16,51,f0^3*f2^4*f3,-1.871658031024218e-05,-1.8716580309324088e-05,9.180922352653581e-16
e4_residual_1_over_16,52,f0^3*f2^3*f3^2,0.00018925745790434887,0.0001892574579038678,-4.810605039318183e-16
e4_residual_1_over_16,53,f0^3*f2^2*f3^3,6.652674678599197e-05,6.652674678715319e-05,1.1612211843134435e-15
e4_residual_1_over_16,54,f0^3*f2*f3^4,0.0002647194014437917,0.00026471940144321,-5.816744655384731e-16
e4_residual_1_over_16,55,f0^3*f3^5,-6.7877140939909595e-06,-6.78771409221847e-06,1.7724892869630873e-15
e4_residual_1_over_16,56,f0^2*f1^6,-1.7001863123484193e-05,-1.700186313223487e-05,-8.750677049293443e-15
e4_residual_1_over_16,57,f0^2*f1^5*f2,0.00040011924341740645,0.0004001192434099299,-7.47654976124279e-15
e4_residual_1_over_16,58,f0^2*f1^5*f3,3.24533115852781e-05,3.245331157427126e-05,-1.1006840783863575e-14
e4_residual_1_over_16,59,f0^2*f1^4*f2^2,0.0010518179213038989,0.001051817921303314,-5.848186518386811e-16
e4_residual_1_over_16,60,f0^2*f1^4*f2*f3,0.00027451542100543464,0.00027451542100230184,-3.132802177396865e-15
e4_residual_1_over_16,61,f0^2*f1^4*f3^2,0.0005721988039416805,0.0005721988039383389,-3.3416195158175732e-15
e4_residual_1_over_16,62,f0^2*f1^3*f2^3,0.0009223238645844737,0.0009223238645832933,-1.1804793254022172e-15
e4_residual_1_over_16,63,f0^2*f1^3*f2^2*f3,-0.0003173127342789518,-0.00031731273427949223,-5.404205728753997e-16
e4_residual_1_over_16,64,f0^2*f1^3*f2*f3^2,-7.958576149240207e-05,-7.958576149618827e-05,-3.786196616645254e-15
e4_residual_1_over_16,65,f0^2*f1^3*f3^3,0.0008768602976008435,0.000876860297599591,-1.2524703496552547e-15
e4_residual_1_over_16,66,f0^2*f1^2*f2^4,0.0013768886959676834,0.0013768886959690024,1.3190403630458647e-15
e4_residual_1_over_16,67,f0^2*f1^2*f2^3*f3,0.0011217730836922313,0.0011217730836925515,3.20273321752218e-16
e4_residual_1_over_16,68,f0^2*f1^2*f2^2*f3^2,0.002110283355911199,0.0021102833559132647,2.065621979019383e-15
e4_residual_1_over_16,69,f0^2*f1^2*f2*f3^3,0.0008476800187679204,0.000847680018767951,3.0574501264091225e-17
e4_residual_1_over_16,70,f0^2*f1^2*f3^4,0.0009665515028976371,0.0009665515028979183,2.811336233254913e-16
e4_residual_1_over_16,71,f0^2*f1*f2^5,0.0003935431471698025,0.0003935431471692586,-5.438900198273533e-16
e4_residual_1_over_16,72,f0^2*f1*f2^4*f3,-0.0006760477144498431,-0.0006760477144494172,4.2587461335230614e-16
e4_residual_1_over_16,73,f0^2*f1*f2^3*f3^2,-0.000208636794948243,-0.00020863679494738724,8.5576077474280865e-16
e4_residual_1_over_16,74,f0^2*f1*f2^2*f3^3,-7.5277664926988e-05,-7.527766492492621e-05,2.0617866138342156e-15
e4_residual_1_over_16,75,f0^2*f1*f2*f3^4,-0.00031601719268568136,-0.00031601719268357703,2.1043279965771156e-15
e4_residual_1_over_16,76,f0^2*f1*f3^5,0.0008523316023945812,0.0008523316023956328,1.0516761073109393e-15
e4_residual_1_over_16,77,f0^2*f2^6,0.00017813942005712592,0.0001781394200502232,-6.902708656400525e-15
e4_residual_1_over_16,78,f0^2*f2^5*f3,0.0006845720339053267,0.0006845720339050813,-2.454633718507182e-16
e4_residual_1_over_16,79,f0^2*f2^4*f3^2,0.0009702327665521988,0.0009702327665551624,2.963558218271878e-15
e4_residual_1_over_16,80,f0^2*f2^3*f3^3,0.0010974148766124874,0.0010974148766133747,8.873110579621368e-16
e4_residual_1_over_16,81,f0^2*f2^2*f3^4,0.0009376362317355179,0.0009376362317374872,1.9693448261026703e-15
e4_residual_1_over_16,82,f0^2*f2*f3^5,0.00032557789771311507,0.0003255778977114014,-1.7136899538305883e-15
e4_residual_1_over_16,83,f0^2*f3^6,0.00023736873072949672,0.00023736873072656789,-2.9288366436980295e-15
e4_residual_1_over_16,84,f0*f1^7,1.0227843456649832e-05,1.0227843456586278e-05,-6.355457609838466e-17
e4_residual_1_over_16,85,f0*f1^6*f2,4.580951524769457e-05,4.580951524698941e-05,-7.0515831672099405e-16
e4_residual_1_over_16,86,f0*f1^6*f3,-3.667384763680599e-05,-3.667384763937242e-05,-2.5664285150175936e-15
e4_residual_1_over_16,87,f0*f1^5*f2^2,2.825394309116187e-05,2.8253943090687598e-05,-4.742706878266278e-16
e4_residual_1_over_16,88,f0*f1^5*f2*f3,0.00018457979635915625,0.0001845797963573454,-1.8108615735396016e-15
e4_residual_1_over_16,89,f0*f1^5*f3^2,4.856153655525818e-05,4.856153655325132e-05,-2.0068649975342467e-15
e4_residual_1_over_16,90,f0*f1^4*f2^3,9.884809813964542e-05,9.884809813842066e-05,-1.224755431621094e-15
e4_residual_1_over_16,91,f0*f1^4*f2^2*f3,-7.187867822969591e-05,-7.187867823171527e-05,-2.0193672038357202e-15
e4_residual_1_over_16,92,f0*f1^4*f2*f3^2,0.00021259291105383779,0.00021259291105082744,-3.0103415420146273e-15
e4_residual_1_over_16,93,f0*f1^4*f3^3,-4.9799713451679193e-05,-4.97997134524612e-05,-7.820079219594822e-16
e4_residual_1_over_16,94,f0*f1^3*f2^4,3.8281659080299067e-05,3.828165907987766e-05,-4.2140905565438147e-16
e4_residual_1_over_16,95,f0*f1^3*f2^3*f3,0.00041697772967961796,0.00041697772967948357,-1.3438685927957827e-16
e4_residual_1_over_16,96,f0*f1^3*f2^2*f3^2,4.777218335817697e-05,4.777218335690566e-05,-1.2713151386657684e-15
e4_residual_1_over_16,97,f0*f1^3*f2*f3^3,0.00028886802768837065,0.00028886802768673904,-1.6316158493734356e-15
e4_residual_1_over_16,98,f0*f1^3*f3^4,5.768183585132265e-05,5.768183585003654e-05,-1.2861077220566175e-15
e4_residual_1_over_16,99,f0*f1^2*f2^5,4.00467255905253e-05,4.0046725590535696e-05,1.0394788328704774e-17
e4_residual_1_over_16,100,f0*f1^2*f2^4*f3,-2.751081345520901e-05,-2.751081345543608e-05,-2.270692043681438e-16
e4_residual_1_over_16,101,f0*f1^2*f2^3*f3^2,0.00043373815886382685,0.00043373815886345844,-3.684118982105744e-16
e4_residual_1_over_16,102,f0*f1^2*f2^2*f3^3,-9.866865275338564e-05,-9.866865275270138e-05,6.84267096109914e-16
e4_residual_1_over_16,103,f0*f1^2*f2*f3^4,0.00042119240492520765,0.00042119240492511127,-9.638557313396134e-17
e4_residual_1_over_16,104,f0*f1^2*f3^5,7.498041381507923e-06,7.498041381931309e-06,4.23386030553273e-16
e4_residual_1_over_16,105,f0*f1*f2^6,1.6240818853091115e-05,1.624081885296783e-05,-1.232839514069689e-16
e4_residual_1_over_16,106,f0*f1*f2^5*f3,0.00018019064356250737,0.00018019064356217967,-3.277001066337437e-16
e4_residual_1_over_16,107,f0*f1*f2^4*f3^2,3.807015519181676e-05,3.8070155192129756e-05,3.1299561466940906e-16
e4_residual_1_over_16,108,f0*f1*f2^3*f3^3,0.00024198822940685704,0.00024198822940839457,1.537534205856006e-15
e4_residual_1_over_16,109,f0*f1*f2^2*f3^4,-1.714866495880195e-05,-1.714866495827525e-05,5.2669863912988e-16
e4_residual_1_over_16,110,f0*f1*f2*f3^5,0.00011250117650162122,0.00011250117650314595,1.524727067693521e-15
e4_residual_1_over_16,111,f0*f1*f3^6,3.2333169592832484e-05,3.23331695944527e-05,1.6202181740351818e-15
e4_residual_1_over_16,112,f0*f2^7,4.0768950614975025e-19,-2.4195818468046746e-15,-2.4199895363108243e-15
e4_residual_1_over_16,113,f0*f2^6*f3,-9.183425419471792e-06,-9.18342541903885e-06,4.32942256264196e-16
e4_residual_1_over_16,114,f0*f2^5*f3^2,0.00019285844571121665,0.00019285844571157124,3.5458832051138423e-16
e4_residual_1_over_16,115,f0*f2^4*f3^3,-1.9651853457196078e-05,-1.9651853455095277e-05,2.1008009513847486e-15
e4_residual_1_over_16,116,f0*f2^3*f3^4,0.00040464388064800373,0.00040464388064942615,1.4224190401923575e-15
e4_residual_1_over_16,117,f0*f2^2*f3^5,-1.7133000813811648e-05,-1.7133000811300585e-05,2.5110630534532635e-15
e4_residual_1_over_16,118,f0*f2*f3^6,0.00017869476048863172,0.00017869476048725126,-1.3804604161171685e-15
e4_residual_1_over_16,119,f0*f3^7,1.4177253849324848e-05,1.4177253845404257e-05,-3.920590252188411e-15
e4_residual_1_over_16,120,f1^8,3.9277843233182956e-05,3.927784322643605e-05,-6.746908804214358e-15
e4_residual_1_over_16,121,f1^7*f2,-3.779381258819359e-05,-3.77938125816789e-05,6.514686251395119e-15
e4_residual_1_over_16,122,f1^7*f3,-0.00020340591346674315,-0.00020340591346360338,3.1397681763550844e-15
e4_residual_1_over_16,123,f1^6*f2^2,0.0005256807048587098,0.0005256807048632935,4.583789944834216e-15
e4_residual_1_over_16,124,f1^6*f2*f3,-0.00018030148251832635,-0.00018030148250767846,1.0647895325871515e-14
e4_residual_1_over_16,125,f1^6*f3^2,0.00038058381609119027,0.0003805838160994497,8.259452149994573e-15
e4_residual_1_over_16,126,f1^5*f2^3,-8.090379627360881e-05,-8.09037962718588e-05,1.7500107266088527e-15
e4_residual_1_over_16,127,f1^5*f2^2*f3,-0.0005864112875170055,-0.0005864112875109498,6.0557028142005365e-15
e4_residual_1_over_16,128,f1^5*f2*f3^2,-0.0003239835543513752,-0.00032398355434357036,7.8048461790714e-15
e4_residual_1_over_16,129,f1^5*f3^3,-0.0002485509611412596,-0.00024855096113545844,5.801186354209564e-15
e4_residual_1_over_16,130,f1^4*f2^4,0.0010337103415837194,0.001033710341586063,2.3436114160446664e-15
e4_residual_1_over_16,131,f1^4*f2^3*f3,-0.0004020017805870732,-0.0004020017805840851,2.9881153974786745e-15
e4_residual_1_over_16,132,f1^4*f2^2*f3^2,0.001741994688831528,0.001741994688836611,5.082956625046542e-15
e4_residual_1_over_16,133,f1^4*f2*f3^3,-0.0004082634569617453,-0.00040826345695546415,6.281162655968897e-15
e4_residual_1_over_16,134,f1^4*f3^4,0.0006279816959441024,0.0006279816959487187,4.616316010008781e-15
e4_residual_1_over_16,135,f1^3*f2^5,-3.241812076398146e-05,-3.241812076308432e-05,8.971366401502867e-16
e4_residual_1_over_16,136,f1^3*f2^4*f3,-0.0007816890782114451,-0.0007816890782096834,1.7617201100716962e-15
e4_residual_1_over_16,137,f1^3*f2^3*f3^2,-0.0006897390310698001,-0.0006897390310681493,1.650806227826429e-15
e4_residual_1_over_16,138,f1^3*f2^2*f3^3,-0.0006348156814225666,-0.0006348156814185807,3.9859608669257085e-15
e4_residual_1_over_16,139,f1^3*f2*f3^4,-0.0005534722600626424,-0.0005534722600581859,4.4565046097844174e-15
e4_residual_1_over_16,140,f1^3*f3^5,0.00020638405127960038,0.00020638405128342775,3.827369194145391e-15
e4_residual_1_over_16,141,f1^2*f2^6,0.0004711553789738442,0.0004711553789714959,-2.348273485386354e-15
e4_residual_1_over_16,142,f1^2*f2^5*f3,-0.00017003240069109592,-0.00017003240069119846,-1.0253842046281658e-16
e4_residual_1_over_16,143,f1^2*f2^4*f3^2,0.0016570924089474657,0.001657092408947767,3.0119136351647313e-16
e4_residual_1_over_16,144,f1^2*f2^3*f3^3,-0.0005777492114256246,-0.0005777492114246734,9.512789861387816e-16
e4_residual_1_over_16,145,f1^2*f2^2*f3^4,0.001423240348204773,0.0014232403482057766,1.003537530852583e-15
e4_residual_1_over_16,146,f1^2*f2*f3^5,-0.00046218996190795195,-0.00046218996190724114,7.108029442814967e-16
e4_residual_1_over_16,147,f1^2*f3^6,0.0003645748070393739,0.00036457480704011344,7.395343018523626e-16
e4_residual_1_over_16,148,f1*f2^7,1.200479012464723e-18,7.02472599390481e-15,7.023525514892346e-15
e4_residual_1_over_16,149,f1*f2^6*f3,-0.00033162801779411947,-0.0003316280177955298,-1.4103301859691442e-15
e4_residual_1_over_16,150,f1*f2^5*f3^2,-0.00029628878487787343,-0.00029628878488164554,-3.772101988402943e-15
e4_residual_1_over_16,151,f1*f2^4*f3^3,-0.000709659512688164,-0.0007096595126928649,-4.70088377946265e-15
e4_residual_1_over_16,152,f1*f2^3*f3^4,-0.0004984499023087713,-0.0004984499023122074,-3.4360535250410607e-15
e4_residual_1_over_16,153,f1*f2^2*f3^5,-5.631958407151248e-05,-5.631958407245929e-05,-9.468066521772789e-16
e4_residual_1_over_16,154,f1*f2*f3^6,-0.00022728849049969394,-0.00022728849049827706,1.4168896091126815e-15
e4_residual_1_over_16,155,f1*f3^7,0.00018928591153463963,0.00018928591154066215,6.02252622772248e-15
e4_residual_1_over_16,156,f2^8,3.6591823321385775e-19,-7.629745690088619e-16,-7.633404872420757e-16
e4_residual_1_over_16,157,f2^7*f3,-2.1360994495104484e-18,1.1143339399090564e-14,1.1145475498540075e-14
e4_residual_1_over_16,158,f2^6*f3^2,0.0002716746368400891,0.0002716746368295353,-1.0553786577299773e-14
e4_residual_1_over_16,159,f2^5*f3^3,-0.0001715132110714152,-0.00017151321107957204,-8.15683241436882e-15
e4_residual_1_over_16,160,f2^4*f3^4,0.0005851726612157821,0.0005851726612105047,-5.277462494790441e-15
e4_residual_1_over_16,161,f2^3*f3^5,-0.0003569482400238494,-0.0003569482400250753,-1.2259073964293599e-15
e4_residual_1_over_16,162,f2^2*f3^6,0.00034142887018882926,0.0003414288701935562,4.7269588417109265e-15
e4_residual_1_over_16,163,f2*f3^7,-0.0001578012159482635,-0.00015780121593843402,9.829485315970832e-15
e4_residual_1_over_16,164,f3^8,3.573996281034471e-05,3.573996280855581e-05,-1.788899703283192e-15
e4,0,f0^8,0.00028147234556017103,0.000281472345560171,-5.421010862427522e-20
e4,1,f0^7*f1,-1.7359830075807072e-05,-1.735983007580707e-05,3.3881317890172014e-21
e4,2,f0^7*f2,-8.936073812630053e-05,-8.936073812630054e-05,-1.3552527156068805e-20
e4,3,f0^7*f3,3.067056491051119e-05,3.0670564910511154e-05,-3.3881317890172014e-20
e4,4,f0^6*f1^2,0.0006313551515975441,0.0006313551515975444,3.2526065174565133e-19
e4,5,f0^6*f1*f2,0.0004522706264304277,0.0004522706264304277,0.0
e4,6,f0^6*f1*f3,0.00046218323821223186,0.00046218323821223197,1.0842021724855044e-19
e4,7,f0^6*f2^2,0.0009255923081271699,0.0009255923081271699,0.0
e4,8,f0^6*f2*f3,0.0007883694036081028,0.0007883694036081027,-1.0842021724855044e-19
e4,9,f0^6*f3^2,0.0009119206687674996,0.0009119206687675006,9.75781955236954e-19
e4,10,f0^5*f1^3,-3.0814525670528286e-05,-3.0814525670528374e-05,-8.809142651444724e-20
e4,11,f0^5*f1^2*f2,-0.00014190325063648322,-0.00014190325063648317,5.421010862427522e-20
e4,12,f0^5*f1^2*f3,-4.8481174740620816e-05,-4.848117474062093e-05,-1.1519648082658485e-19
e4,13,f0^5*f1*f2^2,-2.096082030480724e-05,-2.0960820304807285e-05,-4.404571325722362e-20
e4,14,f0^5*f1*f2*f3,0.0002262236912319104,0.00022622369123191045,5.421010862427522e-20
e4,15,f0^5*f1*f3^2,-9.304595652536736e-05,-9.304595652536746e-05,-9.486769009248164e-20
e4,16,f0^5*f2^3,-0.00019342121577529115,-0.00019342121577529107,8.131516293641283e-20
e4,17,f0^5*f2^2*f3,-1.7343781135715132e-05,-1.7343781135715084e-05,4.743384504624082e-20
e4,18,f0^5*f2*f3^2,3.56041431031021e-05,3.560414310310207e-05,-3.3881317890172014e-20
e4,19,f0^5*f3^3,9.413502566147385e-06,9.413502566147487e-06,1.0164395367051604e-19
e4,20,f0^4*f1^4,0.0006522668060078836,0.0006522668060078836,0.0
e4,21,f0^4*f1^3*f2,0.0009320063489488894,0.0009320063489488894,0.0
e4,22,f0^4*f1^3*f3,0.0006503831084705379,0.0006503831084705378,-1.0842021724855044e-19
e4,23,f0^4*f1^2*f2^2,0.0026552179666197075,0.002655217966619707,-4.336808689942018e-19
e4,24,f0^4*f1^2*f2*f3,0.0014244978950269775,0.0014244978950269766,-8.673617379884035e-19
e4,25,f0^4*f1^2*f3^2,0.002255250742113877,0.002255250742113877,0.0
e4,26,f0^4*f1*f2^3,0.000977637942683805,0.0009776379426838053,2.168404344971009e-19
e4,27,f0^4*f1*f2^2*f3,0.0002741049858904691,0.0002741049858904686,-4.87890977618477e-19
e4,28,f0^4*f1*f2*f3^2,0.00045576557095331003,0.00045576557095330835,-1.6805133673525319e-18
e4,29,f0^4*f1*f3^3,0.0013175161738665016,0.001317516173866502,4.336808689942018e-19
e4,30,f0^4*f2^4,0.0012260837676333512,0.0012260837676333518,6.505213034913027e-19
e4,31,f0^4*f2^3*f3,0.0017071605066322694,0.0017071605066322694,0.0
e4,32,f0^4*f2^2*f3^2,0.002816522922152976,0.0028165229221529765,4.336808689942018e-19
e4,33,f0^4*f2*f3^3,0.0014144773474476042,0.0014144773474476045,2.168404344971009e-19
e4,34,f0^4*f3^4,0.0012441317694935556,0.001244131769493556,4.336808689942018e-19
e4,35,f0^3*f1^5,-5.52246839524768e-06,-5.52246839524766e-06,2.0328790734103208e-20
e4,36,f0^3*f1^4*f2,-6.426837856291443e-06,-6.426837856291419e-06,2.371692252312041e-20
e4,37,f0^3*f1^4*f3,-0.00010584770905643006,-0.00010584770905643006,0.0
e4,38,f0^3*f1^3*f2^2,2.7685994728295468e-05,2.7685994728295512e-05,4.404571325722362e-20
e4,39,f0^3*f1^3*f2*f3,0.00048784848294153755,0.0004878484829415377,1.6263032587282567e-19
e4,40,f0^3*f1^3*f3^2,-7.442148271347488e-05,-7.442148271347483e-05,4.0657581468206416e-20
e4,41,f0^3*f1^2*f2^3,-0.00013051313722186935,-0.00013051313722186946,-1.0842021724855044e-19
e4,42,f0^3*f1^2*f2^2*f3,-6.6656614733334556e-06,-6.665661473333845e-06,-3.8963515573697816e-19
e4,43,f0^3*f1^2*f2*f3^2,0.0002947937761241308,0.00029479377612413106,2.710505431213761e-19
e4,44,f0^3*f1^2*f3^3,-0.00010750501980606988,-0.00010750501980606996,-8.131516293641283e-20
e4,45,f0^3*f1*f2^4,4.091725881202006e-05,4.091725881202007e-05,6.776263578034403e-21
e4,46,f0^3*f1*f2^3*f3,0.0005238682619304957,0.0005238682619304957,0.0
e4,47,f0^3*f1*f2^2*f3^2,0.00011075348016929079,0.00011075348016929067,-1.2197274440461925e-19
e4,48,f0^3*f1*f2*f3^3,0.00042954089330070284,0.00042954089330070246,-3.7947076036992655e-19
e4,49,f0^3*f1*f3^4,-3.8592172534599433e-05,-3.859217253459936e-05,7.453889935837843e-20
e4,50,f0^3*f2^5,-0.00010233712072349082,-0.00010233712072349073,9.486769009248164e-20
e4,51,f0^3*f2^4*f3,-2.313680104854926e-05,-2.313680104854926e-05,0.0
e4,52,f0^3*f2^3*f3^2,0.0002565342377776446,0.0002565342377776448,2.168404344971009e-19
e4,53,f0^3*f2^2*f3^3,6.301193054545197e-05,6.301193054545193e-05,-4.0657581468206416e-20
e4,54,f0^3*f2*f3^4,0.00035402308745026846,0.00035402308745026873,2.710505431213761e-19
e4,55,f0^3*f3^5,-3.989138536432399e-06,-3.9891385364324625e-06,-6.352747104407253e-20
e4,56,f0^2*f1^6,0.00044737563322073335,0.00044737563322073357,2.168404344971009e-19
e4,57,f0^2*f1^5*f2,0.0005130082121543695,0.0005130082121543692,-3.2526065174565133e-19
e4,58,f0^2*f1^5*f3,3.124464932180728e-05,3.12446493218073e-05,2.0328790734103208e-20
e4,59,f0^2*f1^4*f2^2,0.0028013472152328845,0.0028013472152328854,8.673617379884035e-19
e4,60,f0^2*f1^4*f2*f3,0.0003790939502210477,0.0003790939502210472,-4.87890977618477e-19
e4,61,f0^2*f1^4*f3^2,0.002180782533137961,0.0021807825331379613,4.336808689942018e-19
e4,62,f0^2*f1^3*f2^3,0.0011610734719386462,0.0011610734719386471,8.673617379884035e-19
e4,63,f0^2*f1^3*f2^2*f3,-0.00044684329759986526,-0.00044684329759986526,0.0
e4,64,f0^2*f1^3*f2*f3^2,-6.115239788680118e-05,-6.115239788680148e-05,-2.981555974335137e-19
e4,65,f0^2*f1^3*f3^3,0.0011333431395288086,0.0011333431395288088,2.168404344971009e-19
e4,66,f0^2*f1^2*f2^4,0.00319068165770535,0.0031906816577053515,1.3010426069826053e-18
e4,67,f0^2*f1^2*f2^3*f3,0.001445646208112417,0.0014456462081124184,1.5178830414797062e-18
e4,68,f0^2*f1^2*f2^2*f3^2,0.005702258443858652,0.005702258443858653,8.673617379884035e-19
e4,69,f0^2*f1^2*f2*f3^3,0.0010735722679269372,0.0010735722679269376,4.336808689942018e-19
e4,70,f0^2*f1^2*f3^4,0.0026507649270037324,0.0026507649270037324,0.0
e4,71,f0^2*f1*f2^5,0.0005187614212692794,0.0005187614212692792,-2.168404344971009e-19
e4,72,f0^2*f1*f2^4*f3,-0.0008358312714688398,-0.0008358312714688395,3.2526065174565133e-19
e4,73,f0^2*f1*f2^3*f3^2,-0.0001830704078368574,-0.00018307040783685735,5.421010862427522e-20
e4,74,f0^2*f1*f2^2*f3^3,3.4715259354271616e-07,3.4715259354323115e-07,5.149960319306146e-19
e4,75,f0^2*f1*f2*f3^4,-0.0004011181086231942,-0.0004011181086231942,0.0
e4,76,f0^2*f1*f3^5,0.001110008642735484,0.0011100086427354831,-8.673617379884035e-19
e4,77,f0^2*f2^6,0.0007014965169795159,0.0007014965169795163,4.336808689942018e-19
e4,78,f0^2*f2^5*f3,0.0009023904083297489,0.000902390408329749,1.0842021724855044e-19
e4,79,f0^2*f2^4*f3^2,0.002687912792033958,0.0026879127920339586,4.336808689942018e-19
e4,80,f0^2*f2^3*f3^3,0.0014185652533205864,0.001418565253320587,6.505213034913027e-19
e4,81,f0^2*f2^2*f3^4,0.002670633688290679,0.00267063368829068,8.673617379884035e-19
e4,82,f0^2*f2*f3^5,0.0004315356168781044,0.0004315356168781043,-1.0842021724855044e-19
e4,83,f0^2*f3^6,0.0007786645628858979,0.0007786645628858982,3.2526065174565133e-19
e4,84,f0*f1^7,1.3392866092127761e-05,1.3392866092127773e-05,1.1858461261560205e-20
e4,85,f0*f1^6*f2,5.9252476062274875e-05,5.925247606227485e-05,-2.710505431213761e-20
e4,86,f0*f1^6*f3,-4.834340229847146e-05,-4.834340229847146e-05,0.0
e4,87,f0*f1^5*f2^2,3.8711386671040926e-05,3.871138667104093e-05,6.776263578034403e-21
e4,88,f0*f1^5*f2*f3,0.00024271142497065247,0.00024271142497065258,1.0842021724855044e-19
e4,89,f0*f1^5*f3^2,5.9391052167506644e-05,5.9391052167506596e-05,-4.743384504624082e-20
e4,90,f0*f1^4*f2^3,0.0001250331989148474,0.00012503319891484727,-1.3552527156068805e-19
e4,91,f0*f1^4*f2^2*f3,-9.353607784347183e-05,-9.353607784347157e-05,2.574980159653073e-19
e4,92,f0*f1^4*f2*f3^2,0.0002922563854298722,0.0002922563854298723,5.421010862427522e-20
e4,93,f0*f1^4*f3^3,-6.839628759780096e-05,-6.839628759780085e-05,1.0842021724855044e-19
e4,94,f0*f1^3*f2^4,5.1280313675784386e-05,5.128031367578421e-05,-1.7618285302889447e-19
e4,95,f0*f1^3*f2^3*f3,0.0005324427448791848,0.0005324427448791846,-1.0842021724855044e-19
e4,96,f0*f1^3*f2^2*f3^2,6.981001433526823e-05,6.981001433526785e-05,-3.7947076036992655e-19
e4,97,f0*f1^3*f2*f3^3,0.00039030166624417996,0.0003903016662441799,-5.421010862427522e-20
e4,98,f0*f1^3*f3^4,7.134826827226602e-05,7.134826827226601e-05,-1.3552527156068805e-20
e4,99,f0*f1^2*f2^5,5.278886555114717e-05,5.278886555114718e-05,6.776263578034403e-21
e4,100,f0*f1^2*f2^4*f3,-4.072526733848494e-05,-4.072526733848505e-05,-1.0842021724855044e-19
e4,101,f0*f1^2*f2^3*f3^2,0.000574064863294017,0.0005740648632940172,2.168404344971009e-19
e4,102,f0*f1^2*f2^2*f3^3,-0.0001177124021440473,-0.00011771240214404738,-8.131516293641283e-20
e4,103,f0*f1^2*f2*f3^4,0.0005461018119050455,0.0005461018119050454,-1.0842021724855044e-19
e4,104,f0*f1^2*f3^5,3.561916933913548e-06,3.5619169339134976e-06,-5.039846036163087e-20
e4,105,f0*f1*f2^6,2.1947052504175322e-05,2.1947052504175275e-05,-4.743384504624082e-20
e4,106,f0*f1*f2^5*f3,0.000237524030150578,0.00023752403015057791,-8.131516293641283e-20
e4,107,f0*f1*f2^4*f3^2,5.085730589882039e-05,5.085730589882086e-05,4.675621868843738e-19
e4,108,f0*f1*f2^3*f3^3,0.00034262362593924083,0.0003426236259392413,4.87890977618477e-19
e4,109,f0*f1*f2^2*f3^4,-4.065808458709677e-06,-4.0658084587096926e-06,-1.5246593050577406e-20
e4,110,f0*f1*f2*f3^5,0.00015580318644593436,0.0001558031864459343,-5.421010862427522e-20
e4,111,f0*f1*f3^6,3.833510903700533e-05,3.833510903700531e-05,-2.0328790734103208e-20
e4,112,f0*f2^7,5.994875684192311e-19,6.020420121692509e-19,2.5544437500198516e-21
e4,113,f0*f2^6*f3,-1.2410034350637399e-05,-1.2410034350637487e-05,-8.809142651444724e-20
e4,114,f0*f2^5*f3^2,0.0002542224966193312,0.0002542224966193311,-1.0842021724855044e-19
e4,115,f0*f2^4*f3^3,-2.5007347342456846e-05,-2.5007347342456886e-05,-4.0657581468206416e-20
e4,116,f0*f2^3*f3^4,0.0005246968249745019,0.0005246968249745017,-1.0842021724855044e-19
e4,117,f0*f2^2*f3^5,-1.6270990731044887e-05,-1.6270990731044917e-05,-3.049318610115481e-20
e4,118,f0*f2*f3^6,0.00023738365390701556,0.00023738365390701548,-8.131516293641283e-20
e4,119,f0*f3^7,1.716814888618677e-05,1.716814888618675e-05,-2.0328790734103208e-20
e4,120,f1^8,0.0001692425076613321,0.00016924250766133198,-1.3552527156068805e-19
e4,121,f1^7*f2,-4.8751033712650335e-05,-4.875103371265033e-05,6.776263578034403e-21
e4,122,f1^7*f3,-0.00026725658581302965,-0.00026725658581302955,1.0842021724855044e-19
e4,123,f1^6*f2^2,0.0011711594766863956,0.0011711594766863954,-2.168404344971009e-19
e4,124,f1^6*f2*f3,-0.00023587892170018768,-0.00023587892170018774,-5.421010862427522e-20
e4,125,f1^6*f3^2,0.0009672546531961569,0.0009672546531961573,4.336808689942018e-19
e4,126,f1^5*f2^3,-0.0001021758740047911,-0.00010217587400479114,-4.0657581468206416e-20
e4,127,f1^5*f2^2*f3,-0.0007991689284459582,-0.0007991689284459579,3.2526065174565133e-19
e4,128,f1^5*f2*f3^2,-0.0004349754190228856,-0.00043497541902288533,2.710505431213761e-19
e4,129,f1^5*f3^3,-0.0003143286270433763,-0.0003143286270433761,2.168404344971009e-19
e4,130,f1^4*f2^4,0.00205779552911185,0.0020577955291118505,4.336808689942018e-19
e4,131,f1^4*f2^3*f3,-0.0005116804381706465,-0.0005116804381706462,3.2526065174565133e-19
e4,132,f1^4*f2^2*f3^2,0.003715545730963822,0.0037155457309638235,1.734723475976807e-18
e4,133,f1^4*f2*f3^3,-0.0005560090030066444,-0.0005560090030066445,-1.0842021724855044e-19
e4,134,f1^4*f3^4,0.0015396236067516363,0.0015396236067516363,0.0
e4,135,f1^3*f2^5,-4.2732977370708356e-05,-4.273297737070837e-05,-1.3552527156068805e-20
e4,136,f1^3*f2^4*f3,-0.001047113998992045,-0.0010471139989920448,2.168404344971009e-19
e4,137,f1^3*f2^3*f3^2,-0.0008943622355029066,-0.0008943622355029067,-1.0842021724855044e-19
e4,138,f1^3*f2^2*f3^3,-0.0008625270466204489,-0.0008625270466204492,-3.2526065174565133e-19
e4,139,f1^3*f2*f3^4,-0.0007332296368384435,-0.0007332296368384435,0.0
e4,140,f1^3*f3^5,0.00026636627266369336,0.00026636627266369336,0.0
e4,141,f1^2*f2^6,0.0010974640290291361,0.0010974640290291361,0.0
e4,142,f1^2*f2^5*f3,-0.00022413361909280852,-0.00022413361909280838,1.3552527156068805e-19
e4,143,f1^2*f2^4*f3^2,0.003605477502943329,0.00360547750294333,8.673617379884035e-19
e4,144,f1^2*f2^3*f3^3,-0.0007785909220312782,-0.0007785909220312786,-4.336808689942018e-19
e4,145,f1^2*f2^2*f3^4,0.0033271140968998683,0.0033271140968998696,1.3010426069826053e-18
e4,146,f1^2*f2*f3^5,-0.0006063047372305804,-0.0006063047372305806,-2.168404344971009e-19
e4,147,f1^2*f3^6,0.0009489934159545075,0.0009489934159545076,1.0842021724855044e-19
e4,148,f1*f2^7,-1.496071943087908e-19,-1.3596365704631658e-19,1.364353726247422e-20
e4,149,f1*f2^6*f3,-0.0004481459699920532,-0.0004481459699920526,5.963111948670274e-19
e4,150,f1*f2^5*f3^2,-0.00039056248915720216,-0.00039056248915720205,1.0842021724855044e-19
e4,151,f1*f2^4*f3^3,-0.0009030548679454837,-0.0009030548679454839,-1.0842021724855044e-19
e4,152,f1*f2^3*f3^4,-0.0006724463398168461,-0.0006724463398168459,2.168404344971009e-19
e4,153,f1*f2^2*f3^5,-7.128777219097534e-05,-7.128777219097547e-05,-1.2197274440461925e-19
e4,154,f1*f2*f3^6,-0.00030701122372844136,-0.0003070112237284412,1.6263032587282567e-19
e4,155,f1*f3^7,0.00025119512647456277,0.0002511951264745628,5.421010862427522e-20
e4,156,f2^8,0.0001177375699266982,0.00011773756992669826,5.421010862427522e-20
e4,157,f2^7*f3,-2.912311030897098e-18,-2.8932290313080268e-18,1.9081999589071342e-20
e4,158,f2^6*f3^2,0.0008278954585781165,0.000827895458578117,5.421010862427522e-19
e4,159,f2^5*f3^3,-0.00022608559641232003,-0.00022608559641232003,0.0
e4,160,f2^4*f3^4,0.001471263161535551,0.001471263161535551,0.0
e4,161,f2^3*f3^5,-0.00046346729382434415,-0.0004634672938243442,-5.421010862427522e-20
e4,162,f2^2*f3^6,0.0009185189894816858,0.0009185189894816858,0.0
e4,163,f2*f3^7,-0.00020974788440785423,-0.0002097478844078542,2.710505431213761e-20
e4,164,f3^8,0.00016522283359476182,0.0001652228335947617,-1.0842021724855044e-19
e5,0,f0^10,6.839718599878072e-06,6.839718599696935e-06,-1.8113714873738487e-16
e5,1,f0^9*f1,-6.809761300059107e-07,-6.809761302331463e-07,-2.272355404631609e-16
e5,2,f0^9*f2,-3.972193998085508e-06,-3.972193998556183e-06,-4.706750329655333e-16
e5,3,f0^9*f3,1.7024375633315871e-06,1.7024375638681543e-06,5.365672082401031e-16
e5,4,f0^8*f1^2,1.0445637829094041e-05,1.0445637829159661e-05,6.561964242379065e-17
e5,5,f0^8*f1*f2,2.0166874770132585e-05,2.0166874770132466e-05,-1.1858461261560205e-19
e5,6,f0^8*f1*f3,2.0686338489669577e-05,2.068633848957915e-05,-9.042584931708009e-17
e5,7,f0^8*f2^2,2.3734685078702155e-05,2.3734685078695114e-05,-7.040537857577744e-18
e5,8,f0^8*f2*f3,3.4861923274880774e-05,3.486192327486203e-05,-1.8743145056843158e-17
e5,9,f0^8*f3^2,2.309264517414325e-05,2.3092645174316405e-05,1.731538632095131e-16
e5,10,f0^7*f1^3,-1.5036887469894583e-06,-1.5036887472781373e-06,-2.886789928196326e-16
e5,11,f0^7*f1^2*f2,-8.185164630049121e-06,-8.185164630000044e-06,4.907708896391416e-17
e5,12,f0^7*f1^2*f3,-2.3413089677891534e-06,-2.3413089675806897e-06,2.0846370216522948e-16
e5,13,f0^7*f1*f2^2,-3.566971934304514e-06,-3.566971934244579e-06,5.993478079829341e-17
e5,14,f0^7*f1*f2*f3,8.37760731631345e-06,8.377607316276665e-06,-3.6784946833359755e-17
e5,15,f0^7*f1*f3^2,-4.686578487712601e-06,-4.686578487941047e-06,-2.284464799403793e-16
e5,16,f0^7*f2^3,-1.1639521922689178e-05,-1.163952192297805e-05,-2.888721163316066e-16
e5,17,f0^7*f2^2*f3,-3.866355663832187e-06,-3.86635566362917e-06,2.030168567979107e-16
e5,18,f0^7*f2*f3^2,3.804214030738456e-07,3.8042140292336535e-07,-1.5048027351917317e-16
e5,19,f0^7*f3^3,1.349682387758153e-06,1.3496823879919816e-06,2.3382852728723313e-16
e5,20,f0^6*f1^4,3.3792114582074676e-06,3.3792114581915358e-06,-1.5931842704906135e-17
e5,21,f0^6*f1^3*f2,4.9426093791928004e-05,4.9426093791888675e-05,-3.9329433806911673e-17
e5,22,f0^6*f1^3*f3,3.562171533083497e-05,3.562171533051476e-05,-3.2020555911643767e-16
e5,23,f0^6*f1^2*f2^2,8.200430235630996e-05,8.200430235667592e-05,3.6595889079532595e-16
e5,24,f0^6*f1^2*f2*f3,8.771442654064424e-05,8.771442654062062e-05,-2.3622054833027928e-17
e5,25,f0^6*f1^2*f3^2,6.226943396425564e-05,6.226943396450888e-05,2.532425224383017e-16
e5,26,f0^6*f1*f2^3,5.8708652485332455e-05,5.870865248530396e-05,-2.8494188345634663e-17
e5,27,f0^6*f1*f2^2*f3,4.189517497068581e-05,4.189517497061566e-05,-7.015465682339017e-17
e5,28,f0^6*f1*f2*f3^2,5.3363225865469486e-05,5.33632258654426e-05,-2.688821387764051e-17
e5,29,f0^6*f1*f3^3,7.626093271681957e-05,7.626093271683956e-05,1.9989977555201488e-17
e5,30,f0^6*f2^4,3.652504763516032e-05,3.652504763508825e-05,-7.207233941597391e-17
e5,31,f0^6*f2^3*f3,0.00010280131651660459,0.00010280131651654958,-5.500970772648328e-17
e5,32,f0^6*f2^2*f3^2,0.00010678246813057709,0.00010678246813096591,3.8882200410761403e-16
e5,33,f0^6*f2*f3^3,8.828515420836239e-05,8.828515420805849e-05,-3.039018689476869e-16
e5,34,f0^6*f3^4,3.706669408878105e-05,3.706669408897221e-05,1.911583955363505e-16
e5,35,f0^5*f1^5,-1.0670196985107244e-06,-1.0670196987777916e-06,-2.6706715892867595e-16
e5,36,f0^5*f1^4*f2,-5.291927455750815e-06,-5.291927455683072e-06,6.774315402255718e-17
e5,37,f0^5*f1^4*f3,-6.416215734654706e-06,-6.416215734455647e-06,1.9905867183539136e-16
e5,38,f0^5*f1^3*f2^2,-4.896924364113968e-06,-4.896924364279263e-06,-1.652950915248877e-16
e5,39,f0^5*f1^3*f2*f3,2.1610459227874127e-05,2.161045922792584e-05,5.1713055495769544e-17
e5,40,f0^5*f1^3*f3^2,-1.1498085625783593e-05,-1.1498085625987424e-05,-2.0383170249316934e-16
e5,41,f0^5*f1^2*f2^3,-2.1092657018174845e-05,-2.1092657017990622e-05,1.842228897642323e-16
e5,42,f0^5*f1^2*f2^2*f3,4.5935665780728305e-06,4.593566578029434e-06,-4.3396886019626824e-17
e5,43,f0^5*f1^2*f2*f3^2,3.923433383013734e-06,3.923433383007005e-06,-6.728829732988162e-18
e5,44,f0^5*f1^2*f3^3,-1.0017422640268017e-05,-1.0017422640192647e-05,7.537068571258215e-17
e5,45,f0^5*f1*f2^4,-2.5546788823443017e-06,-2.554678882308186e-06,3.611579080502886e-17
e5,46,f0^5*f1*f2^3*f3,3.4769411063168176e-05,3.476941106310469e-05,-6.348681346260432e-17
e5,47,f0^5*f1*f2^2*f3^2,1.7398626203136147e-05,1.7398626203174365e-05,3.821812658011403e-17
e5,48,f0^5*f1*f2*f3^3,2.004555981907887e-05,2.0045559819138968e-05,6.009868167358712e-17
e5,49,f0^5*f1*f3^4,-7.0569559554330515e-06,-7.056955955468795e-06,-3.574394334118422e-17
e5,50,f0^5*f2^5,-1.215933841789148e-05,-1.2159338417944433e-05,-5.295311173054984e-17
e5,51,f0^5*f2^4*f3,-9.055054771855415e-06,-9.055054771810101e-06,4.531456861221056e-17
e5,52,f0^5*f2^3*f3^2,2.4768913394195007e-06,2.476891339437555e-06,1.8054507270725412e-17
e5,53,f0^5*f2^2*f3^3,7.715197749803476e-06,7.715197749844774e-06,4.129793837633067e-17
e5,54,f0^5*f2*f3^4,1.3522506966607112e-05,1.3522506966485368e-05,-1.217440455088606e-16
e5,55,f0^5*f3^5,-7.261040779049916e-07,-7.261040777793591e-07,1.2563245613234986e-16
e5,56,f0^4*f1^6,-1.989097057376265e-06,-1.989097057570697e-06,-1.9443175436101474e-16
e5,57,f0^4*f1^5*f2,4.811934710511238e-05,4.8119347105216075e-05,1.0369716153466046e-16
e5,58,f0^4*f1^5*f3,1.9992570800493505e-05,1.9992570799925576e-05,-5.679288148704303e-16
e5,59,f0^4*f1^4*f2^2,0.0001041192361266675,0.00010411923612693248,2.649790109554573e-16
e5,60,f0^4*f1^4*f2*f3,6.862000764491597e-05,6.862000764499352e-05,7.75475603870257e-17
e5,61,f0^4*f1^4*f3^2,5.827523081012437e-05,5.827523081046833e-05,3.4395636295744825e-16
e5,62,f0^4*f1^3*f2^3,0.0001396486550507639,0.00013964865505059688,-1.6702134467139196e-16
e5,63,f0^4*f1^3*f2^2*f3,6.949174192909062e-05,6.949174192911899e-05,2.836543933765201e-17
e5,64,f0^4*f1^3*f2*f3^2,6.908167404522628e-05,6.90816740451647e-05,-6.156913087002058e-17
e5,65,f0^4*f1^3*f3^3,0.00012198115869295481,0.00012198115869290715,-4.766423800789399e-17
e5,66,f0^4*f1^2*f2^4,0.00015543597454438008,0.00015543597454473516,3.550762114890027e-16
e5,67,f0^4*f1^2*f2^3*f3,0.00019731945383447177,0.00019731945383431326,-1.5851035761738075e-16
e5,68,f0^4*f1^2*f2^2*f3^2,0.00022967034751758398,0.0002296703475177866,2.0261028098322864e-16
e5,69,f0^4*f1^2*f2*f3^3,0.0001673219741472765,0.00016732197414717206,-1.0443577426466621e-16
e5,70,f0^4*f1^2*f3^4,0.00012426788247097738,0.00012426788247112185,1.4446993948369347e-16
e5,71,f0^4*f1*f2^5,6.132290356386012e-05,6.132290356382696e-05,-3.3163033950900367e-17
e5,72,f0^4*f1*f2^4*f3,-2.8059288600770213e-06,-2.8059288600943796e-06,-1.7358246188082377e-17
e5,73,f0^4*f1*f2^3*f3^2,2.901792469878311e-05,2.901792469877587e-05,-7.24043763312976e-18
e5,74,f0^4*f1*f2^2*f3^3,4.742162655612338e-05,4.7421626556070555e-05,-5.2827750854356204e-17
e5,75,f0^4*f1*f2*f3^4,3.688336356011608e-05,3.688336356021853e-05,1.0245032903630213e-16
e5,76,f0^4*f1*f3^5,0.00010339483195529958,0.00010339483195526177,-3.781155076543197e-17
e5,77,f0^4*f2^6,2.852875429999186e-05,2.8528754299789725e-05,-2.0213594253276623e-16
e5,78,f0^4*f2^5*f3,0.00010739671128248589,0.00010739671128250165,1.576158908250802e-17
e5,79,f0^4*f2^4*f3^2,0.00015246266035927547,0.00015246266035960786,3.323892810297435e-16
e5,80,f0^4*f2^3*f3^3,0.0001942926092548675,0.00019429260925463146,-2.360308129500943e-16
e5,81,f0^4*f2^2*f3^4,0.00013841477321555753,0.0001384147732159377,3.8017549178204213e-16
e5,82,f0^4*f2*f3^5,7.427281341031183e-05,7.427281340998699e-05,-3.248405234038132e-16
e5,83,f0^4*f3^6,3.288112085853086e-05,3.28811208585867e-05,5.584318814658151e-17
e5,84,f0^3*f1^7,3.089956319859608e-09,3.089956168554371e-09,-1.5130523728768455e-16
e5,85,f0^3*f1^6*f2,1.7097194004303139e-06,1.70971940050033e-06,7.001616693651409e-17
e5,86,f0^3*f1^6*f3,-4.782515634164655e-06,-4.782515633913895e-06,2.5075986886989934e-16
e5,87,f0^3*f1^5*f2^2,4.068478392513846e-06,4.068478392358553e-06,-1.5529332648370892e-16
e5,88,f0^3*f1^5*f2*f3,2.799875879517499e-05,2.7998758795205243e-05,3.025262874413459e-17
e5,89,f0^3*f1^5*f3^2,-3.0417686176513194e-06,-3.041768617821916e-06,-1.7059667074175236e-16
e5,90,f0^3*f1^4*f2^3,-1.8305608040393794e-06,-1.830560803961158e-06,7.82213750965665e-17
e5,91,f0^3*f1^4*f2^2*f3,4.829774316199806e-06,4.8297743161893656e-06,-1.0440528107856506e-17
e5,92,f0^3*f1^4*f2*f3^2,2.0099114376581616e-05,2.0099114376629524e-05,4.790818349670323e-17
e5,93,f0^3*f1^4*f3^3,-1.0748250916168634e-05,-1.0748250916140509e-05,2.812488198063179e-17
e5,94,f0^3*f1^3*f2^4,7.923582258977424e-06,7.92358225890652e-06,-7.090343394876297e-17
e5,95,f0^3*f1^3*f2^3*f3,7.565952796879512e-05,7.565952796884716e-05,5.204170427930421e-17
e5,96,f0^3*f1^3*f2^2*f3^2,2.8264468797087452e-05,2.826446879708443e-05,-3.0222135558033436e-18
e5,97,f0^3*f1^3*f2*f3^3,6.75326677951073e-05,6.753266779517216e-05,6.48623949689453e-17
e5,98,f0^3*f1^3*f3^4,-6.362873899952516e-06,-6.362873899945098e-06,7.417467519105908e-18
e5,99,f0^3*f1^2*f2^5,-9.967257618311338e-06,-9.967257618125942e-06,1.8539687742912675e-16
e5,100,f0^3*f1^2*f2^4*f3,1.2333209732960525e-05,1.2333209732895333e-05,-6.519273781837448e-17
e5,101,f0^3*f1^2*f2^3*f3^2,3.199023216822843e-05,3.199023216823681e-05,8.375461782450522e-18
e5,102,f0^3*f1^2*f2^2*f3^3,3.7242786471370485e-06,3.724278647160347e-06,2.3298488247176785e-17
e5,103,f0^3*f1^2*f2*f3^4,5.924017016240077e-05,5.924017016234976e-05,-5.100493595186495e-17
e5,104,f0^3*f1^2*f3^5,-5.872182453526389e-06,-5.872182453519564e-06,6.824544456027898e-18
e5,105,f0^3*f1*f2^6,2.829156048414535e-06,2.829156048324293e-06,-9.02420431675259e-17
e5,106,f0^3*f1*f2^5*f3,3.651574028566274e-05,3.6515740285643135e-05,-1.9603730531253527e-17
e5,107,f0^3*f1*f2^4*f3^2,3.8286370109211364e-05,3.8286370109252604e-05,4.1240340135917375e-17
e5,108,f0^3*f1*f2^3*f3^3,5.4343163949598836e-05,5.434316394956591e-05,-3.292586472566916e-17
e5,109,f0^3*f1*f2^2*f3^4,5.3174087162341e-06,5.317408716225833e-06,-8.267041565201971e-18
e5,110,f0^3*f1*f2*f3^5,3.872368689232454e-05,3.8723686892365695e-05,4.115224870940293e-17
e5,111,f0^3*f1*f3^6,3.0386298165627396e-07,3.0386298176519414e-07,1.089201784456673e-16
e5,112,f0^3*f2^7,-3.675902324837998e-06,-3.6759023245922245e-06,2.457733859094133e-16
e5,113,f0^3*f2^6*f3,-1.5997557638984712e-06,-1.5997557640595006e-06,-1.6102943360251504e-16
e5,114,f0^3*f2^5*f3^2,1.4666947867376358e-05,1.466694786752304e-05,1.466823895419217e-16
e5,115,f0^3*f2^4*f3^3,1.91908168967872e-05,1.919081689674093e-05,-4.627171584260792e-17
e5,116,f0^3*f2^3*f3^4,4.6970835234757814e-05,4.697083523474124e-05,-1.657474071187215e-17
e5,117,f0^3*f2^2*f3^5,1.3860491264354618e-05,1.3860491264518472e-05,1.6385344144866087e-16
e5,118,f0^3*f2*f3^6,2.5507284176894403e-05,2.5507284176829958e-05,-6.444565475889619e-17
e5,119,f0^3*f3^7,2.4802400538542174e-07,2.480240053847881e-07,-6.3363358410542e-19
e5,120,f0^2*f1^8,8.318376972223509e-07,8.318376965842094e-07,-6.381414934507074e-16
e5,121,f0^2*f1^7*f2,2.0384407809642087e-05,2.038440780970135e-05,5.926181312169987e-17
e5,122,f0^2*f1^7*f3,-4.369826106038008e-06,-4.369826106770827e-06,-7.328190246465305e-16
e5,123,f0^2*f1^6*f2^2,6.993409623515011e-05,6.99340962353154e-05,1.6528662119541515e-16
e5,124,f0^2*f1^6*f2*f3,-3.954574610431623e-06,-3.954574610406518e-06,2.5105209523670208e-17
e5,125,f0^2*f1^6*f3^2,3.5644327118042194e-05,3.564432711826948e-05,2.2728943293442994e-16
e5,126,f0^2*f1^5*f2^3,8.582155576175329e-05,8.582155576163789e-05,-1.1539976873392588e-16
e5,127,f0^2*f1^5*f2^2*f3,-4.174277601834937e-05,-4.174277601839546e-05,-4.609214485779001e-17
e5,128,f0^2*f1^5*f2*f3^2,-6.156361893816291e-06,-6.1563618939317945e-06,-1.155031067534909e-16
e5,129,f0^2*f1^5*f3^3,3.797163768674073e-05,3.797163768666094e-05,-7.979050363135509e-17
e5,130,f0^2*f1^4*f2^4,0.00018950048278788226,0.00018950048278800602,1.2376167798922033e-16
e5,131,f0^2*f1^4*f2^3*f3,5.374235075700392e-05,5.374235075690747e-05,-9.645333576974169e-17
e5,132,f0^2*f1^4*f2^2*f3^2,0.0002563076897482112,0.00025630768974825954,4.83554168928535e-17
e5,133,f0^2*f1^4*f2*f3^3,5.161259896019781e-05,5.161259896011392e-05,-8.38901430960659e-17
e5,134,f0^2*f1^4*f3^4,0.00010612126851844546,0.00010612126851854355,9.809319155562601e-17
e5,135,f0^2*f1^3*f2^5,8.548668852859751e-05,8.548668852847686e-05,-1.2065814927048057e-16
e5,136,f0^2*f1^3*f2^4*f3,-0.00011847323024243544,-0.00011847323024237702,5.842494456981262e-17
e5,137,f0^2*f1^3*f2^3*f3^2,-2.8989412004766238e-05,-2.89894120047872e-05,-2.0962371378649425e-17
e5,138,f0^2*f1^3*f2^2*f3^3,-7.63993586639984e-06,-7.639935866412394e-06,-1.2553028278308731e-17
e5,139,f0^2*f1^3*f2*f3^4,-6.791664143169195e-05,-6.791664143168094e-05,1.100465205072787e-17
e5,140,f0^2*f1^3*f3^5,0.00011397355880560421,0.0001139735588055079,-9.630425797102493e-17
e5,141,f0^2*f1^2*f2^6,0.00010811632767324643,0.00010811632767349362,2.47198095326695e-16
e5,142,f0^2*f1^2*f2^5*f3,9.870748347070484e-05,9.87074834705924e-05,-1.124317652867468e-16
e5,143,f0^2*f1^2*f2^4*f3^2,0.0003013585153617683,0.0003013585153618961,1.2782743613604097e-16
e5,144,f0^2*f1^2*f2^3*f3^3,0.00017161344944670559,0.00017161344944665994,-4.5644911461639737e-17
e5,145,f0^2*f1^2*f2^2*f3^4,0.00023694141572698662,0.00023694141572709796,1.113475631142613e-16
e5,146,f0^2*f1^2*f2*f3^5,3.5628778166324846e-05,3.562877816623012e-05,-9.472538855734292e-17
e5,147,f0^2*f1^2*f3^6,9.562180427579245e-05,9.562180427586262e-05,7.017498561412427e-17
e5,148,f0^2*f1*f2^7,1.8633671740994544e-05,1.8633671740949465e-05,-4.5079093452873864e-17
e5,149,f0^2*f1*f2^6*f3,-5.778706088677776e-05,-5.778706088681292e-05,-3.5162031706420516e-17
e5,150,f0^2*f1*f2^5*f3^2,-3.1846725605337296e-05,-3.184672560535711e-05,-1.9813794702172594e-17
e5,151,f0^2*f1*f2^4*f3^3,-0.00012468953661206103,-0.00012468953661204737,1.3660947373317356e-17
e5,152,f0^2*f1*f2^3*f3^4,-7.991580990687321e-05,-7.991580990686039e-05,1.282069068964109e-17
e5,153,f0^2*f1*f2^2*f3^5,3.193976465831929e-05,3.193976465821203e-05,-1.0726147617670656e-16
e5,154,f0^2*f1*f2*f3^6,-2.802660430692882e-05,-2.8026604306823843e-05,1.0497787535090897e-16
e5,155,f0^2*f1*f3^7,5.625658373874796e-05,5.6256583738715675e-05,-3.2282119685755895e-17
e5,156,f0^2*f2^8,8.731430752883763e-06,8.731430752293406e-06,-5.903565532478297e-16
e5,157,f0^2*f2^7*f3,3.24134485750627e-05,3.241344857510762e-05,4.4919851258790056e-17
e5,158,f0^2*f2^6*f3^2,7.33562797493725e-05,7.335627974954769e-05,1.7517996601934538e-16
e5,159,f0^2*f2^5*f3^3,9.588663784046035e-05,9.588663784029285e-05,-1.6749568312185437e-16
e5,160,f0^2*f2^4*f3^4,0.00011765239457114814,0.00011765239457134785,1.9971004017182992e-16
e5,161,f0^2*f2^3*f3^5,6.391279884818031e-05,6.391279884799659e-05,-1.8371805812766873e-16
e5,162,f0^2*f2^2*f3^6,6.945694296596475e-05,6.945694296616574e-05,2.0099753025165645e-16
e5,163,f0^2*f2*f3^7,7.2221503862987895e-06,7.222150386013871e-06,-2.849181665338235e-16
e5,164,f0^2*f3^8,1.4008361268317e-05,1.4008361268173751e-05,-1.4324851797375276e-16
e5,165,f0*f1^9,5.348440512734669e-07,5.34844052278736e-07,1.0052690779550075e-15
e5,166,f0*f1^8*f2,2.403717296701806e-06,2.403717296963112e-06,2.61305852579689e-16
e5,167,f0*f1^8*f3,-2.1185991700083036e-06,-2.1185991692982706e-06,7.100329913324425e-16
e5,168,f0*f1^7*f2^2,2.122374397023203e-06,2.122374396845772e-06,-1.774313795931473e-16
e5,169,f0*f1^7*f2*f3,8.529985107122014e-06,8.529985107188444e-06,6.642940592136576e-17
e5,170,f0*f1^7*f3^2,4.354185167642551e-06,4.354185167635302e-06,-7.249754995549557e-18
e5,171,f0*f1^6*f2^3,9.69040414276592e-06,9.69040414273497e-06,-3.0950583892672134e-17
e5,172,f0*f1^6*f2^2*f3,-9.238900713181756e-06,-9.238900713215296e-06,-3.3540810645375785e-17
e5,173,f0*f1^6*f2*f3^2,9.810387416905366e-06,9.810387416929606e-06,2.4240388884523567e-17
e5,174,f0*f1^6*f3^3,-5.537045782401101e-06,-5.537045782376256e-06,2.4845170408863138e-17
e5,175,f0*f1^5*f2^4,3.707546235695723e-06,3.7075462356225914e-06,-7.313155411651541e-17
e5,176,f0*f1^5*f2^3*f3,3.791301288189928e-05,3.7913012881884904e-05,-1.4372455049010968e-17
e5,177,f0*f1^5*f2^2*f3^2,2.6421941029246863e-06,2.642194102858484e-06,-6.62024010915016e-17
e5,178,f0*f1^5*f2*f3^3,2.5450065028481855e-05,2.545006502847288e-05,-8.975161109106566e-18
e5,179,f0*f1^5*f3^4,6.299986950556316e-06,6.299986950529631e-06,-2.6684925970299478e-17
e5,180,f0*f1^4*f2^5,9.067907922914835e-06,9.067907922944195e-06,2.935985601772856e-17
e5,181,f0*f1^4*f2^4*f3,-7.039527877312276e-06,-7.039527877361375e-06,-4.9099111820542773e-17
e5,182,f0*f1^4*f2^3*f3^2,3.8690992712571994e-05,3.8690992712526e-05,-4.599050090411949e-17
e5,183,f0*f1^4*f2^2*f3^3,-2.3656913763709418e-05,-2.3656913763751624e-05,-4.220595769578728e-17
e5,184,f0*f1^4*f2*f3^4,3.7984312324007484e-05,3.798431232394923e-05,-5.825553798036176e-17
e5,185,f0*f1^4*f3^5,-1.7517270722146378e-06,-1.7517270722430274e-06,-2.838957977664876e-17
e5,186,f0*f1^3*f2^6,3.3827380390002357e-06,3.382738038969667e-06,-3.0568572033460445e-17
e5,187,f0*f1^3*f2^5*f3,3.746473904951478e-05,3.746473904950762e-05,-7.162510601982364e-18
e5,188,f0*f1^3*f2^4*f3^2,1.3281800123649774e-06,1.3281800123654093e-06,4.3198680309969317e-19
e5,189,f0*f1^3*f2^3*f3^3,4.871492934685296e-05,4.871492934683137e-05,-2.1589175759617607e-17
e5,190,f0*f1^3*f2^2*f3^4,-2.5519585476955326e-06,-2.551958547718707e-06,-2.317439792040403e-17
e5,191,f0*f1^3*f2*f3^5,1.9994536898090746e-05,1.999453689808312e-05,-7.62668465707772e-18
e5,192,f0*f1^3*f3^6,5.482417242350954e-06,5.48241724240522e-06,5.4266012798794006e-17
e5,193,f0*f1^2*f2^7,1.8961517798544579e-06,1.8961517800011724e-06,1.4671457679391736e-16
e5,194,f0*f1^2*f2^6*f3,-2.539310587078795e-06,-2.539310587113374e-06,-3.457884952223593e-17
e5,195,f0*f1^2*f2^5*f3^2,3.579195191681497e-05,3.5791951916844025e-05,2.905661822261152e-17
e5,196,f0*f1^2*f2^4*f3^3,-1.9655036944294264e-05,-1.9655036944284563e-05,9.700221311956247e-18
e5,197,f0*f1^2*f2^3*f3^4,7.508348125895422e-05,7.508348125894826e-05,-5.9631119486702744e-18
e5,198,f0*f1^2*f2^2*f3^5,-1.2960526001953106e-05,-1.296052600188007e-05,7.30362629099493e-17
e5,199,f0*f1^2*f2*f3^6,3.598899077486883e-05,3.5988990774833665e-05,-3.516880796999855e-17
e5,200,f0*f1^2*f3^7,2.6271036749917767e-06,2.6271036748772845e-06,-1.144921729309429e-16
e5,201,f0*f1*f2^8,7.315684168059091e-07,7.315684167287319e-07,-7.717719523083876e-17
e5,202,f0*f1*f2^7*f3,8.531753956558104e-06,8.5317539566254e-06,6.729676765935416e-17
e5,203,f0*f1*f2^6*f3^2,3.360141469717866e-06,3.360141469731766e-06,1.389981066444307e-17
e5,204,f0*f1*f2^5*f3^3,1.645611260433857e-05,1.6456112604356676e-05,1.8106176280507924e-17
e5,205,f0*f1*f2^4*f3^4,-9.619473028399916e-06,-9.619473028342383e-06,5.75338659093011e-17
e5,206,f0*f1*f2^3*f3^5,1.2094694871721476e-05,1.2094694871731847e-05,1.0371071406181653e-17
e5,207,f0*f1*f2^2*f3^6,-5.614401472258798e-06,-5.614401472291417e-06,-3.2619238798763106e-17
e5,208,f0*f1*f2*f3^7,7.939830484485241e-06,7.939830484576438e-06,9.11966492990815e-17
e5,209,f0*f1*f3^8,2.250571115125319e-06,2.2505711156313128e-06,5.059937657671959e-16
e5,210,f0*f2^9,1.9583190809463223e-20,6.909822699053735e-16,6.90962686714564e-16
e5,211,f0*f2^8*f3,-4.1366781168791794e-07,-4.1366781184964914e-07,-1.6173120039931523e-16
e5,212,f0*f2^7*f3^2,9.131555194659924e-06,9.131555194923248e-06,2.633239085765224e-16
e5,213,f0*f2^6*f3^3,-1.6996781086586062e-06,-1.6996781086945242e-06,-3.591800861184498e-17
e5,214,f0*f2^5*f3^4,3.5098443278539975e-05,3.509844327861413e-05,7.415265233443047e-17
e5,215,f0*f2^4*f3^5,-6.319470094437397e-06,-6.319470094351023e-06,8.637449073036277e-17
e5,216,f0*f2^3*f3^6,3.416490910843195e-05,3.416490910842826e-05,-3.686287386450715e-18
e5,217,f0*f2^2*f3^7,-3.2223914766417056e-06,-3.2223914764902168e-06,1.5148887800111623e-16
e5,218,f0*f2*f3^8,8.799383490596563e-06,8.799383490275463e-06,-3.211000259087382e-16
e5,219,f0*f3^9,8.331097610424792e-07,8.331097600401034e-07,-1.0023758251654236e-15
e5,220,f1^10,1.9647408045447923e-06,1.964740804629333e-06,8.454066439955721e-17
e5,221,f1^9*f2,-2.0258707765020197e-06,-2.0258707766664864e-06,-1.64466693302473e-16
e5,222,f1^9*f3,-1.0575885370183597e-05,-1.0575885370388003e-05,-2.0440599083140776e-16
e5,223,f1^8*f2^2,2.8395581257289742e-05,2.8395581257097638e-05,-1.921036843054863e-16
e5,224,f1^8*f2*f3,-8.624825997551768e-06,-8.624825997564218e-06,-1.2449690258743706e-17
e5,225,f1^8*f3^2,2.3879741653152804e-05,2.3879741653291877e-05,1.3907264554378906e-16
e5,226,f1^7*f2^3,-8.029556960395666e-06,-8.029556960575623e-06,-1.7995723184185963e-16
e5,227,f1^7*f2^2*f3,-4.646412713846038e-05,-4.646412713862892e-05,-1.6853922771287166e-16
e5,228,f1^7*f2*f3^2,-1.5079189944585785e-05,-1.50791899447002e-05,-1.1441382238332187e-16
e5,229,f1^7*f3^3,-2.8870193097841187e-05,-2.8870193097971745e-05,-1.3055827035798884e-16
e5,230,f1^6*f2^4,8.727648001043886e-05,8.727648001042878e-05,-1.0083080204115191e-17
e5,231,f1^6*f2^3*f3,-3.7445735343641845e-05,-3.744573534372076e-05,-7.891636562978865e-17
e5,232,f1^6*f2^2*f3^2,0.0001509898783752156,0.00015098987837515823,-5.738139997879532e-17
e5,233,f1^6*f2*f3^3,-2.7593290879570944e-05,-2.7593290879644154e-05,-7.321075169708369e-17
e5,234,f1^6*f3^4,5.1721829087063626e-05,5.172182908701926e-05,-4.4364197645391235e-17
e5,235,f1^5*f2^5,-7.446852114779195e-06,-7.446852114840949e-06,-6.175378405252202e-17
e5,236,f1^5*f2^4*f3,-7.88364661625436e-05,-7.883646616253777e-05,5.827586677109586e-18
e5,237,f1^5*f2^3*f3^2,-6.337289602641045e-05,-6.337289602643113e-05,-2.0681156440160997e-17
e5,238,f1^5*f2^2*f3^3,-7.463035621808824e-05,-7.4630356218116e-05,-2.7755575615628914e-17
e5,239,f1^5*f2*f3^4,-4.995940260628701e-05,-4.995940260629554e-05,-8.531315844745313e-18
e5,240,f1^5*f3^5,-2.741289576278904e-06,-2.7412895763689568e-06,-9.005273130381457e-17
e5,241,f1^4*f2^6,8.456607973222088e-05,8.456607973223959e-05,1.870248747537495e-17
e5,242,f1^4*f2^5*f3,-3.637688649708982e-05,-3.637688649714401e-05,-5.418977983354112e-17
e5,243,f1^4*f2^4*f3^2,0.0002473587817814987,0.0002473587817814877,-1.100465205072787e-17
e5,244,f1^4*f2^3*f3^3,-7.253542463431895e-05,-7.253542463435827e-05,-3.9315881279755605e-17
e5,245,f1^4*f2^2*f3^4,0.00021189613595911394,0.0002118961359591177,3.767602549387128e-18
e5,246,f1^4*f2*f3^5,-5.0772313146747364e-05,-5.077231314677497e-05,-2.7606497816912157e-17
e5,247,f1^4*f3^6,5.013052303747165e-05,5.013052303749471e-05,2.3066401219629107e-17
e5,248,f1^3*f2^7,-1.534948899809669e-06,-1.5349488999151538e-06,-1.0548482456984067e-16
e5,249,f1^3*f2^6*f3,-6.907353137412848e-05,-6.907353137413172e-05,-3.2390539903004445e-18
e5,250,f1^3*f2^5*f3^2,-5.98295423947625e-05,-5.9829542394826914e-05,-6.441516157279503e-17
e5,251,f1^3*f2^4*f3^3,-0.0001209089178832202,-0.00012090891788325263,-3.243119748447265e-17
e5,252,f1^3*f2^3*f3^4,-9.650052648722961e-05,-9.650052648726345e-05,-3.384066030870381e-17
e5,253,f1^3*f2^2*f3^5,-2.053023180768822e-05,-2.053023180772048e-05,-3.226179089502179e-17
e5,254,f1^3*f2*f3^6,-4.502288746717331e-05,-4.5022887467122275e-05,5.1032041006177087e-17
e5,255,f1^3*f3^7,2.477184335530192e-05,2.4771843355310887e-05,8.968384845528532e-18
e5,256,f1^2*f2^8,2.1930347821204427e-05,2.1930347821166527e-05,-3.7899642191946414e-17
e5,257,f1^2*f2^7*f3,-8.050776547874072e-06,-8.050776548018403e-06,-1.4433102608034376e-16
e5,258,f1^2*f2^6*f3^2,0.00013397976701017396,0.00013397976701013046,-4.3503612170980865e-17
e5,259,f1^2*f2^5*f3^3,-4.5486952903516826e-05,-4.5486952903619216e-05,-1.0238934266409982e-16
e5,260,f1^2*f2^4*f3^4,0.00020656403609350976,0.00020656403609348474,-2.5017965130103015e-17
e5,261,f1^2*f2^3*f3^5,-7.708706829526326e-05,-7.708706829532533e-05,-6.207057437479513e-17
e5,262,f1^2*f2^2*f3^6,0.00010586586051705608,0.00010586586051710926,5.318011656041399e-17
e5,263,f1^2*f2*f3^7,-3.9424218946704565e-05,-3.942421894674985e-05,-4.5285769492003913e-17
e5,264,f1^2*f3^8,2.2259056608596403e-05,2.2259056608475345e-05,-1.210579488215846e-16
e5,265,f1*f2^9,5.653903563891827e-20,6.832635665151882e-20,1.1787321012600545e-20
e5,266,f1*f2^8*f3,-1.493819899973513e-05,-1.4938198999690392e-05,4.4738586208077635e-17
e5,267,f1*f2^7*f3^2,-1.402882504156586e-05,-1.4028825041723148e-05,-1.5728724204154554e-16
e5,268,f1*f2^6*f3^3,-6.13780649720685e-05,-6.137806497216959e-05,-1.0108830005711722e-16
e5,269,f1*f2^5*f3^4,-3.91302139220301e-05,-3.9130213922141116e-05,-1.1101552619893762e-16
e5,270,f1*f2^4*f3^5,-4.253865328563158e-05,-4.253865328569453e-05,-6.294471237636157e-17
e5,271,f1*f2^3*f3^6,-3.486183119347394e-05,-3.4861831193473056e-05,8.876905287225068e-19
e5,272,f1*f2^2*f3^7,1.36516753744779e-05,1.3651675374326623e-05,-1.5127669624782902e-16
e5,273,f1*f2*f3^8,-1.4339077052343116e-05,-1.433907705241983e-05,-7.671407996692747e-17
e5,274,f1*f3^9,9.600103814247076e-06,9.60010381457653e-06,3.294534648345601e-16
e5,275,f2^10,1.650414022620529e-20,-9.759378179040791e-17,-9.761028593063412e-17
e5,276,f2^9*f3,-9.705310127084674e-20,1.1745855649533493e-16,1.1755560959660578e-16
e5,277,f2^8*f3^2,1.2944728806170412e-05,1.2944728806072582e-05,-9.783061134197718e-17
e5,278,f2^7*f3^3,-8.120890675730071e-06,-8.120890675946281e-06,-2.1621024198434369e-16
e5,279,f2^6*f3^4,4.5331485766418494e-05,4.53314857663783e-05,-4.0196795544900077e-17
e5,280,f2^5*f3^5,-3.0864400842515065e-05,-3.0864400842697035e-05,-1.8196978212453585e-16
e5,281,f2^4*f3^6,5.102811100976345e-05,5.1028111009767595e-05,4.1470733097570545e-18
e5,282,f2^3*f3^7,-2.9967239043691708e-05,-2.9967239043720642e-05,-2.89346454782069e-17
e5,283,f2^2*f3^8,2.048407693549238e-05,2.0484076936019258e-05,5.268782101146979e-16
e5,284,f2*f3^9,-7.98005825942053e-06,-7.980058258476166e-06,9.443638091573975e-16
e5,285,f3^10,1.7385568648983119e-06,1.7385568645690632e-06,-3.292486946195614e-16
