row,face_column,numerator,denominator,exact_value,floating_value
0,0,-2402,10633,-2402/10633,-0.2259004984482272
0,1,-3537,30191,-3537/30191,-0.11715411877711901
0,2,29533,89016,29533/89016,0.33177181630268715
0,3,-3937,14112,-3937/14112,-0.2789824263038549
0,4,-3981,23050,-3981/23050,-0.1727114967462039
0,5,9189,15901,9189/15901,0.5778881831331363
0,6,-3526,60045,-3526/60045,-0.05872262469814306
0,7,16057,65322,16057/65322,0.24581304920241268
0,8,-21535,23138,-21535/23138,-0.9307200276601262
0,9,-3345,66929,-3345/66929,-0.049978335250788146
0,10,6768,68551,6768/68551,0.09872941313766392
0,11,-521,52324,-521/52324,-0.009957189817292256
0,12,1019,31668,1019/31668,0.03217759252242011
0,13,-6001,79754,-6001/79754,-0.07524387491536474
0,14,918,90683,918/90683,0.010123176339556478
0,15,-2081,98693,-2081/98693,-0.02108558864357148
0,16,-5776,75327,-5776/75327,-0.07667901283736243
0,17,10625,51397,10625/51397,0.20672412786738525
0,18,-766,45151,-766/45151,-0.016965294234900667
0,19,4987,59789,4987/59789,0.08340999180451253
0,20,-10213,31798,-10213/31798,-0.3211837222466822
0,21,-201,16399,-201/16399,-0.012256844929568876
0,22,3041,79466,3041/79466,0.038267938489416856
0,23,-3510,24977,-3510/24977,-0.14052928694398847
0,24,43633,79943,43633/79943,0.5458013834857336
0,25,1261,87836,1261/87836,0.01435630037797714
0,26,-6136,97949,-6136/97949,-0.06264484578709328
0,27,16137,69220,16137/69220,0.23312626408552442
0,28,-83456,87591,-83456/87591,-0.9527919535112055
0,29,-2153,39477,-2153/39477,-0.054538085467487396
0,30,27,93655,27/93655,0.00028829213603117823
0,31,-54,98113,-54/98113,-0.0005503857796622262
0,32,-24,21695,-24/21695,-0.0011062456787278175
0,33,-1420,52661,-1420/52661,-0.026964926606027232
0,34,-211,99733,-211/99733,-0.002115648782248604
0,35,230,81127,230/81127,0.002835061077076682
0,36,-29,19533,-29/19533,-0.001484666973839144
0,37,-571,41608,-571/41608,-0.013723322437992694
0,38,-11,16752,-11/16752,-0.0006566380133715377
0,39,120,72467,120/72467,0.001655926145693902
0,40,-77,94725,-77/94725,-0.0008128793877012404
0,41,-767,27680,-767/27680,-0.027709537572254334
0,42,2797,57457,2797/57457,0.04867988234679847
0,43,545,99961,545/99961,0.0054521263292684145
0,44,47,52688,47/52688,0.0008920437291223808
0,45,3573,29831,3573/29831,0.11977473098454627
1,0,1,1,1,1.0
1,1,0,1,0,0.0
1,2,0,1,0,0.0
1,3,0,1,0,0.0
1,4,0,1,0,0.0
1,5,0,1,0,0.0
1,6,0,1,0,0.0
1,7,0,1,0,0.0
1,8,0,1,0,0.0
1,9,0,1,0,0.0
1,10,0,1,0,0.0
1,11,0,1,0,0.0
1,12,0,1,0,0.0
1,13,0,1,0,0.0
1,14,0,1,0,0.0
1,15,0,1,0,0.0
1,16,0,1,0,0.0
1,17,0,1,0,0.0
1,18,0,1,0,0.0
1,19,0,1,0,0.0
1,20,0,1,0,0.0
1,21,0,1,0,0.0
1,22,0,1,0,0.0
1,23,0,1,0,0.0
1,24,0,1,0,0.0
1,25,0,1,0,0.0
1,26,0,1,0,0.0
1,27,0,1,0,0.0
1,28,0,1,0,0.0
1,29,0,1,0,0.0
1,30,0,1,0,0.0
1,31,0,1,0,0.0
1,32,0,1,0,0.0
1,33,0,1,0,0.0
1,34,0,1,0,0.0
1,35,0,1,0,0.0
1,36,0,1,0,0.0
1,37,0,1,0,0.0
1,38,0,1,0,0.0
1,39,0,1,0,0.0
1,40,0,1,0,0.0
1,41,0,1,0,0.0
1,42,0,1,0,0.0
1,43,0,1,0,0.0
1,44,0,1,0,0.0
1,45,0,1,0,0.0
2,0,0,1,0,0.0
2,1,1,1,1,1.0
2,2,0,1,0,0.0
2,3,0,1,0,0.0
2,4,0,1,0,0.0
2,5,0,1,0,0.0
2,6,0,1,0,0.0
2,7,0,1,0,0.0
2,8,0,1,0,0.0
2,9,0,1,0,0.0
2,10,0,1,0,0.0
2,11,0,1,0,0.0
2,12,0,1,0,0.0
2,13,0,1,0,0.0
2,14,0,1,0,0.0
2,15,0,1,0,0.0
2,16,0,1,0,0.0
2,17,0,1,0,0.0
2,18,0,1,0,0.0
2,19,0,1,0,0.0
2,20,0,1,0,0.0
2,21,0,1,0,0.0
2,22,0,1,0,0.0
2,23,0,1,0,0.0
2,24,0,1,0,0.0
2,25,0,1,0,0.0
2,26,0,1,0,0.0
2,27,0,1,0,0.0
2,28,0,1,0,0.0
2,29,0,1,0,0.0
2,30,0,1,0,0.0
2,31,0,1,0,0.0
2,32,0,1,0,0.0
2,33,0,1,0,0.0
2,34,0,1,0,0.0
2,35,0,1,0,0.0
2,36,0,1,0,0.0
2,37,0,1,0,0.0
2,38,0,1,0,0.0
2,39,0,1,0,0.0
2,40,0,1,0,0.0
2,41,0,1,0,0.0
2,42,0,1,0,0.0
2,43,0,1,0,0.0
2,44,0,1,0,0.0
2,45,0,1,0,0.0
3,0,0,1,0,0.0
3,1,0,1,0,0.0
3,2,1,1,1,1.0
3,3,0,1,0,0.0
3,4,0,1,0,0.0
3,5,0,1,0,0.0
3,6,0,1,0,0.0
3,7,0,1,0,0.0
3,8,0,1,0,0.0
3,9,0,1,0,0.0
3,10,0,1,0,0.0
3,11,0,1,0,0.0
3,12,0,1,0,0.0
3,13,0,1,0,0.0
3,14,0,1,0,0.0
3,15,0,1,0,0.0
3,16,0,1,0,0.0
3,17,0,1,0,0.0
3,18,0,1,0,0.0
3,19,0,1,0,0.0
3,20,0,1,0,0.0
3,21,0,1,0,0.0
3,22,0,1,0,0.0
3,23,0,1,0,0.0
3,24,0,1,0,0.0
3,25,0,1,0,0.0
3,26,0,1,0,0.0
3,27,0,1,0,0.0
3,28,0,1,0,0.0
3,29,0,1,0,0.0
3,30,0,1,0,0.0
3,31,0,1,0,0.0
3,32,0,1,0,0.0
3,33,0,1,0,0.0
3,34,0,1,0,0.0
3,35,0,1,0,0.0
3,36,0,1,0,0.0
3,37,0,1,0,0.0
3,38,0,1,0,0.0
3,39,0,1,0,0.0
3,40,0,1,0,0.0
3,41,0,1,0,0.0
3,42,0,1,0,0.0
3,43,0,1,0,0.0
3,44,0,1,0,0.0
3,45,0,1,0,0.0
4,0,0,1,0,0.0
4,1,0,1,0,0.0
4,2,0,1,0,0.0
4,3,1,1,1,1.0
4,4,0,1,0,0.0
4,5,0,1,0,0.0
4,6,0,1,0,0.0
4,7,0,1,0,0.0
4,8,0,1,0,0.0
4,9,0,1,0,0.0
4,10,0,1,0,0.0
4,11,0,1,0,0.0
4,12,0,1,0,0.0
4,13,0,1,0,0.0
4,14,0,1,0,0.0
4,15,0,1,0,0.0
4,16,0,1,0,0.0
4,17,0,1,0,0.0
4,18,0,1,0,0.0
4,19,0,1,0,0.0
4,20,0,1,0,0.0
4,21,0,1,0,0.0
4,22,0,1,0,0.0
4,23,0,1,0,0.0
4,24,0,1,0,0.0
4,25,0,1,0,0.0
4,26,0,1,0,0.0
4,27,0,1,0,0.0
4,28,0,1,0,0.0
4,29,0,1,0,0.0
4,30,0,1,0,0.0
4,31,0,1,0,0.0
4,32,0,1,0,0.0
4,33,0,1,0,0.0
4,34,0,1,0,0.0
4,35,0,1,0,0.0
4,36,0,1,0,0.0
4,37,0,1,0,0.0
4,38,0,1,0,0.0
4,39,0,1,0,0.0
4,40,0,1,0,0.0
4,41,0,1,0,0.0
4,42,0,1,0,0.0
4,43,0,1,0,0.0
4,44,0,1,0,0.0
4,45,0,1,0,0.0
5,0,0,1,0,0.0
5,1,0,1,0,0.0
5,2,0,1,0,0.0
5,3,0,1,0,0.0
5,4,1,1,1,1.0
5,5,0,1,0,0.0
5,6,0,1,0,0.0
5,7,0,1,0,0.0
5,8,0,1,0,0.0
5,9,0,1,0,0.0
5,10,0,1,0,0.0
5,11,0,1,0,0.0
5,12,0,1,0,0.0
5,13,0,1,0,0.0
5,14,0,1,0,0.0
5,15,0,1,0,0.0
5,16,0,1,0,0.0
5,17,0,1,0,0.0
5,18,0,1,0,0.0
5,19,0,1,0,0.0
5,20,0,1,0,0.0
5,21,0,1,0,0.0
5,22,0,1,0,0.0
5,23,0,1,0,0.0
5,24,0,1,0,0.0
5,25,0,1,0,0.0
5,26,0,1,0,0.0
5,27,0,1,0,0.0
5,28,0,1,0,0.0
5,29,0,1,0,0.0
5,30,0,1,0,0.0
5,31,0,1,0,0.0
5,32,0,1,0,0.0
5,33,0,1,0,0.0
5,34,0,1,0,0.0
5,35,0,1,0,0.0
5,36,0,1,0,0.0
5,37,0,1,0,0.0
5,38,0,1,0,0.0
5,39,0,1,0,0.0
5,40,0,1,0,0.0
5,41,0,1,0,0.0
5,42,0,1,0,0.0
5,43,0,1,0,0.0
5,44,0,1,0,0.0
5,45,0,1,0,0.0
6,0,0,1,0,0.0
6,1,0,1,0,0.0
6,2,0,1,0,0.0
6,3,0,1,0,0.0
6,4,0,1,0,0.0
6,5,1,1,1,1.0
6,6,0,1,0,0.0
6,7,0,1,0,0.0
6,8,0,1,0,0.0
6,9,0,1,0,0.0
6,10,0,1,0,0.0
6,11,0,1,0,0.0
6,12,0,1,0,0.0
6,13,0,1,0,0.0
6,14,0,1,0,0.0
6,15,0,1,0,0.0
6,16,0,1,0,0.0
6,17,0,1,0,0.0
6,18,0,1,0,0.0
6,19,0,1,0,0.0
6,20,0,1,0,0.0
6,21,0,1,0,0.0
6,22,0,1,0,0.0
6,23,0,1,0,0.0
6,24,0,1,0,0.0
6,25,0,1,0,0.0
6,26,0,1,0,0.0
6,27,0,1,0,0.0
6,28,0,1,0,0.0
6,29,0,1,0,0.0
6,30,0,1,0,0.0
6,31,0,1,0,0.0
6,32,0,1,0,0.0
6,33,0,1,0,0.0
6,34,0,1,0,0.0
6,35,0,1,0,0.0
6,36,0,1,0,0.0
6,37,0,1,0,0.0
6,38,0,1,0,0.0
6,39,0,1,0,0.0
6,40,0,1,0,0.0
6,41,0,1,0,0.0
6,42,0,1,0,0.0
6,43,0,1,0,0.0
6,44,0,1,0,0.0
6,45,0,1,0,0.0
7,0,0,1,0,0.0
7,1,0,1,0,0.0
7,2,0,1,0,0.0
7,3,0,1,0,0.0
7,4,0,1,0,0.0
7,5,0,1,0,0.0
7,6,1,1,1,1.0
7,7,0,1,0,0.0
7,8,0,1,0,0.0
7,9,0,1,0,0.0
7,10,0,1,0,0.0
7,11,0,1,0,0.0
7,12,0,1,0,0.0
7,13,0,1,0,0.0
7,14,0,1,0,0.0
7,15,0,1,0,0.0
7,16,0,1,0,0.0
7,17,0,1,0,0.0
7,18,0,1,0,0.0
7,19,0,1,0,0.0
7,20,0,1,0,0.0
7,21,0,1,0,0.0
7,22,0,1,0,0.0
7,23,0,1,0,0.0
7,24,0,1,0,0.0
7,25,0,1,0,0.0
7,26,0,1,0,0.0
7,27,0,1,0,0.0
7,28,0,1,0,0.0
7,29,0,1,0,0.0
7,30,0,1,0,0.0
7,31,0,1,0,0.0
7,32,0,1,0,0.0
7,33,0,1,0,0.0
7,34,0,1,0,0.0
7,35,0,1,0,0.0
7,36,0,1,0,0.0
7,37,0,1,0,0.0
7,38,0,1,0,0.0
7,39,0,1,0,0.0
7,40,0,1,0,0.0
7,41,0,1,0,0.0
7,42,0,1,0,0.0
7,43,0,1,0,0.0
7,44,0,1,0,0.0
7,45,0,1,0,0.0
8,0,0,1,0,0.0
8,1,0,1,0,0.0
8,2,0,1,0,0.0
8,3,0,1,0,0.0
8,4,0,1,0,0.0
8,5,0,1,0,0.0
8,6,0,1,0,0.0
8,7,1,1,1,1.0
8,8,0,1,0,0.0
8,9,0,1,0,0.0
8,10,0,1,0,0.0
8,11,0,1,0,0.0
8,12,0,1,0,0.0
8,13,0,1,0,0.0
8,14,0,1,0,0.0
8,15,0,1,0,0.0
8,16,0,1,0,0.0
8,17,0,1,0,0.0
8,18,0,1,0,0.0
8,19,0,1,0,0.0
8,20,0,1,0,0.0
8,21,0,1,0,0.0
8,22,0,1,0,0.0
8,23,0,1,0,0.0
8,24,0,1,0,0.0
8,25,0,1,0,0.0
8,26,0,1,0,0.0
8,27,0,1,0,0.0
8,28,0,1,0,0.0
8,29,0,1,0,0.0
8,30,0,1,0,0.0
8,31,0,1,0,0.0
8,32,0,1,0,0.0
8,33,0,1,0,0.0
8,34,0,1,0,0.0
8,35,0,1,0,0.0
8,36,0,1,0,0.0
8,37,0,1,0,0.0
8,38,0,1,0,0.0
8,39,0,1,0,0.0
8,40,0,1,0,0.0
8,41,0,1,0,0.0
8,42,0,1,0,0.0
8,43,0,1,0,0.0
8,44,0,1,0,0.0
8,45,0,1,0,0.0
9,0,0,1,0,0.0
9,1,0,1,0,0.0
9,2,0,1,0,0.0
9,3,0,1,0,0.0
9,4,0,1,0,0.0
9,5,0,1,0,0.0
9,6,0,1,0,0.0
9,7,0,1,0,0.0
9,8,1,1,1,1.0
9,9,0,1,0,0.0
9,10,0,1,0,0.0
9,11,0,1,0,0.0
9,12,0,1,0,0.0
9,13,0,1,0,0.0
9,14,0,1,0,0.0
9,15,0,1,0,0.0
9,16,0,1,0,0.0
9,17,0,1,0,0.0
9,18,0,1,0,0.0
9,19,0,1,0,0.0
9,20,0,1,0,0.0
9,21,0,1,0,0.0
9,22,0,1,0,0.0
9,23,0,1,0,0.0
9,24,0,1,0,0.0
9,25,0,1,0,0.0
9,26,0,1,0,0.0
9,27,0,1,0,0.0
9,28,0,1,0,0.0
9,29,0,1,0,0.0
9,30,0,1,0,0.0
9,31,0,1,0,0.0
9,32,0,1,0,0.0
9,33,0,1,0,0.0
9,34,0,1,0,0.0
9,35,0,1,0,0.0
9,36,0,1,0,0.0
9,37,0,1,0,0.0
9,38,0,1,0,0.0
9,39,0,1,0,0.0
9,40,0,1,0,0.0
9,41,0,1,0,0.0
9,42,0,1,0,0.0
9,43,0,1,0,0.0
9,44,0,1,0,0.0
9,45,0,1,0,0.0
10,0,-57058,71469,-57058/71469,-0.7983601281674573
10,1,12412,88925,12412/88925,0.13957829631712118
10,2,5501,73956,5501/73956,0.07438206501162854
10,3,8729,85446,8729/85446,0.10215808814924046
10,4,-1437,20618,-1437/20618,-0.06969638180230867
10,5,1822,53871,1822/53871,0.0338215366338104
10,6,-182,56631,-182/56631,-0.0032137875015450902
10,7,3121,51506,3121/51506,0.06059488214965247
10,8,-11562,68717,-11562/68717,-0.1682553080023866
10,9,14297,65982,14297/65982,0.21668030675032585
10,10,805,32287,805/32287,0.024932635426022857
10,11,-3441,69916,-3441/69916,-0.04921620229990274
10,12,91,32626,91/32626,0.002789186538343652
10,13,-1023,56066,-1023/56066,-0.01824635251310955
10,14,705,93698,705/93698,0.007524173408183739
10,15,-138,30481,-138/30481,-0.004527410518027623
10,16,-2338,44843,-2338/44843,-0.052137457351203086
10,17,-5951,69507,-5951/69507,-0.0856172759578172
10,18,49,38319,49/38319,0.0012787390067590491
10,19,1348,42943,1348/42943,0.03139044780290152
10,20,-6205,90689,-6205/90689,-0.06842064638489784
10,21,-381,93145,-381/93145,-0.004090396693327608
10,22,103,53034,103/53034,0.001942150318663499
10,23,-732,26881,-732/26881,-0.027231129794278486
10,24,9183,95975,9183/95975,0.09568116697056525
10,25,34,9359,34/9359,0.0036328667592691525
10,26,-737,71705,-737/71705,-0.01027822327592218
10,27,1091,26003,1091/26003,0.041956697304157214
10,28,-11421,65752,-11421/65752,-0.1736981384596666
10,29,20361,38321,20361/38321,0.5313274705774902
10,30,31462,67163,31462/67163,0.4684424459896074
10,31,-1315,52642,-1315/52642,-0.024980053949318036
10,32,6525,77642,6525/77642,0.08403956621416243
10,33,5655,37106,5655/37106,0.1524012289117663
10,34,1838,93819,1838/93819,0.019590914420319978
10,35,346,24183,346/24183,0.014307571434478765
10,36,2803,94132,2803/94132,0.029777333956571624
10,37,2053,37956,2053/37956,0.05408894509431974
10,38,-99,41662,-99/41662,-0.0023762661418078824
10,39,-25,11806,-25/11806,-0.0021175673386413687
10,40,135,58784,135/58784,0.002296543277082199
10,41,97,58180,97/58180,0.0016672396012375388
10,42,171,6188,171/6188,0.027634130575307045
10,43,-192,27611,-192/27611,-0.006953750316902684
10,44,-193,77287,-193/77287,-0.002497185813914371
10,45,544,28243,544/28243,0.019261409906879582
11,0,0,1,0,0.0
11,1,0,1,0,0.0
11,2,0,1,0,0.0
11,3,0,1,0,0.0
11,4,0,1,0,0.0
11,5,0,1,0,0.0
11,6,0,1,0,0.0
11,7,0,1,0,0.0
11,8,0,1,0,0.0
11,9,1,1,1,1.0
11,10,0,1,0,0.0
11,11,0,1,0,0.0
11,12,0,1,0,0.0
11,13,0,1,0,0.0
11,14,0,1,0,0.0
11,15,0,1,0,0.0
11,16,0,1,0,0.0
11,17,0,1,0,0.0
11,18,0,1,0,0.0
11,19,0,1,0,0.0
11,20,0,1,0,0.0
11,21,0,1,0,0.0
11,22,0,1,0,0.0
11,23,0,1,0,0.0
11,24,0,1,0,0.0
11,25,0,1,0,0.0
11,26,0,1,0,0.0
11,27,0,1,0,0.0
11,28,0,1,0,0.0
11,29,0,1,0,0.0
11,30,0,1,0,0.0
11,31,0,1,0,0.0
11,32,0,1,0,0.0
11,33,0,1,0,0.0
11,34,0,1,0,0.0
11,35,0,1,0,0.0
11,36,0,1,0,0.0
11,37,0,1,0,0.0
11,38,0,1,0,0.0
11,39,0,1,0,0.0
11,40,0,1,0,0.0
11,41,0,1,0,0.0
11,42,0,1,0,0.0
11,43,0,1,0,0.0
11,44,0,1,0,0.0
11,45,0,1,0,0.0
12,0,0,1,0,0.0
12,1,0,1,0,0.0
12,2,0,1,0,0.0
12,3,0,1,0,0.0
12,4,0,1,0,0.0
12,5,0,1,0,0.0
12,6,0,1,0,0.0
12,7,0,1,0,0.0
12,8,0,1,0,0.0
12,9,0,1,0,0.0
12,10,1,1,1,1.0
12,11,0,1,0,0.0
12,12,0,1,0,0.0
12,13,0,1,0,0.0
12,14,0,1,0,0.0
12,15,0,1,0,0.0
12,16,0,1,0,0.0
12,17,0,1,0,0.0
12,18,0,1,0,0.0
12,19,0,1,0,0.0
12,20,0,1,0,0.0
12,21,0,1,0,0.0
12,22,0,1,0,0.0
12,23,0,1,0,0.0
12,24,0,1,0,0.0
12,25,0,1,0,0.0
12,26,0,1,0,0.0
12,27,0,1,0,0.0
12,28,0,1,0,0.0
12,29,0,1,0,0.0
12,30,0,1,0,0.0
12,31,0,1,0,0.0
12,32,0,1,0,0.0
12,33,0,1,0,0.0
12,34,0,1,0,0.0
12,35,0,1,0,0.0
12,36,0,1,0,0.0
12,37,0,1,0,0.0
12,38,0,1,0,0.0
12,39,0,1,0,0.0
12,40,0,1,0,0.0
12,41,0,1,0,0.0
12,42,0,1,0,0.0
12,43,0,1,0,0.0
12,44,0,1,0,0.0
12,45,0,1,0,0.0
13,0,0,1,0,0.0
13,1,0,1,0,0.0
13,2,0,1,0,0.0
13,3,0,1,0,0.0
13,4,0,1,0,0.0
13,5,0,1,0,0.0
13,6,0,1,0,0.0
13,7,0,1,0,0.0
13,8,0,1,0,0.0
13,9,0,1,0,0.0
13,10,0,1,0,0.0
13,11,1,1,1,1.0
13,12,0,1,0,0.0
13,13,0,1,0,0.0
13,14,0,1,0,0.0
13,15,0,1,0,0.0
13,16,0,1,0,0.0
13,17,0,1,0,0.0
13,18,0,1,0,0.0
13,19,0,1,0,0.0
13,20,0,1,0,0.0
13,21,0,1,0,0.0
13,22,0,1,0,0.0
13,23,0,1,0,0.0
13,24,0,1,0,0.0
13,25,0,1,0,0.0
13,26,0,1,0,0.0
13,27,0,1,0,0.0
13,28,0,1,0,0.0
13,29,0,1,0,0.0
13,30,0,1,0,0.0
13,31,0,1,0,0.0
13,32,0,1,0,0.0
13,33,0,1,0,0.0
13,34,0,1,0,0.0
13,35,0,1,0,0.0
13,36,0,1,0,0.0
13,37,0,1,0,0.0
13,38,0,1,0,0.0
13,39,0,1,0,0.0
13,40,0,1,0,0.0
13,41,0,1,0,0.0
13,42,0,1,0,0.0
13,43,0,1,0,0.0
13,44,0,1,0,0.0
13,45,0,1,0,0.0
14,0,0,1,0,0.0
14,1,0,1,0,0.0
14,2,0,1,0,0.0
14,3,0,1,0,0.0
14,4,0,1,0,0.0
14,5,0,1,0,0.0
14,6,0,1,0,0.0
14,7,0,1,0,0.0
14,8,0,1,0,0.0
14,9,0,1,0,0.0
14,10,0,1,0,0.0
14,11,0,1,0,0.0
14,12,1,1,1,1.0
14,13,0,1,0,0.0
14,14,0,1,0,0.0
14,15,0,1,0,0.0
14,16,0,1,0,0.0
14,17,0,1,0,0.0
14,18,0,1,0,0.0
14,19,0,1,0,0.0
14,20,0,1,0,0.0
14,21,0,1,0,0.0
14,22,0,1,0,0.0
14,23,0,1,0,0.0
14,24,0,1,0,0.0
14,25,0,1,0,0.0
14,26,0,1,0,0.0
14,27,0,1,0,0.0
14,28,0,1,0,0.0
14,29,0,1,0,0.0
14,30,0,1,0,0.0
14,31,0,1,0,0.0
14,32,0,1,0,0.0
14,33,0,1,0,0.0
14,34,0,1,0,0.0
14,35,0,1,0,0.0
14,36,0,1,0,0.0
14,37,0,1,0,0.0
14,38,0,1,0,0.0
14,39,0,1,0,0.0
14,40,0,1,0,0.0
14,41,0,1,0,0.0
14,42,0,1,0,0.0
14,43,0,1,0,0.0
14,44,0,1,0,0.0
14,45,0,1,0,0.0
15,0,0,1,0,0.0
15,1,0,1,0,0.0
15,2,0,1,0,0.0
15,3,0,1,0,0.0
15,4,0,1,0,0.0
15,5,0,1,0,0.0
15,6,0,1,0,0.0
15,7,0,1,0,0.0
15,8,0,1,0,0.0
15,9,0,1,0,0.0
15,10,0,1,0,0.0
15,11,0,1,0,0.0
15,12,0,1,0,0.0
15,13,1,1,1,1.0
15,14,0,1,0,0.0
15,15,0,1,0,0.0
15,16,0,1,0,0.0
15,17,0,1,0,0.0
15,18,0,1,0,0.0
15,19,0,1,0,0.0
15,20,0,1,0,0.0
15,21,0,1,0,0.0
15,22,0,1,0,0.0
15,23,0,1,0,0.0
15,24,0,1,0,0.0
15,25,0,1,0,0.0
15,26,0,1,0,0.0
15,27,0,1,0,0.0
15,28,0,1,0,0.0
15,29,0,1,0,0.0
15,30,0,1,0,0.0
15,31,0,1,0,0.0
15,32,0,1,0,0.0
15,33,0,1,0,0.0
15,34,0,1,0,0.0
15,35,0,1,0,0.0
15,36,0,1,0,0.0
15,37,0,1,0,0.0
15,38,0,1,0,0.0
15,39,0,1,0,0.0
15,40,0,1,0,0.0
15,41,0,1,0,0.0
15,42,0,1,0,0.0
15,43,0,1,0,0.0
15,44,0,1,0,0.0
15,45,0,1,0,0.0
16,0,32323,95612,32323/95612,0.3380642597163536
16,1,-68924,78615,-68924/78615,-0.8767283597277873
16,2,24421,97511,24421/97511,0.250443539703213
16,3,6131,87961,6131/87961,0.06970134491422335
16,4,5603,95382,5603/95382,0.058742739720282655
16,5,-10679,93071,-10679/93071,-0.11474035951048124
16,6,-14346,98921,-14346/98921,-0.14502481778388815
16,7,-3800,60113,-3800/60113,-0.063214279773094
16,8,22215,94139,22215/94139,0.23598083684764018
16,9,-4091,90203,-4091/90203,-0.045353258760795094
16,10,-2369,90963,-2369/90963,-0.026043556171190484
16,11,15885,58312,15885/58312,0.27241391137330223
16,12,-10611,66961,-10611/66961,-0.15846537536775138
16,13,2015,13944,2015/13944,0.14450659781985084
16,14,41417,90775,41417/90775,0.4562599834756266
16,15,-12855,63556,-12855/63556,-0.20226257159040845
16,16,745,34599,745/34599,0.02153241423162519
16,17,-2961,83180,-2961/83180,-0.035597499398893964
16,18,2573,83875,2573/83875,0.030676602086438153
16,19,-637,52551,-637/52551,-0.012121558105459458
16,20,7921,93122,7921/93122,0.08506045832348962
16,21,955,40384,955/40384,0.0236479793977813
16,22,3019,56210,3019/56210,0.0537093043942359
16,23,2737,91717,2737/91717,0.029841795959309615
16,24,-3476,90907,-3476/90907,-0.03823687944822731
16,25,-1408,94445,-1408/94445,-0.01490814759913177
16,26,813,5756,813/5756,0.1412439193884642
16,27,-5399,95626,-5399/95626,-0.0564595402923891
16,28,10110,52253,10110/52253,0.19348171396857597
16,29,-736,56445,-736/56445,-0.013039241739746656
16,30,-1956,62993,-1956/62993,-0.031051069166415316
16,31,-6409,98417,-6409/98417,-0.06512086326549275
16,32,-9081,91354,-9081/91354,-0.09940451430698163
16,33,-2767,64040,-2767/64040,-0.04320737039350406
16,34,-10221,42394,-10221/42394,-0.24109543803368402
16,35,-4583,38984,-4583/38984,-0.11756105068746152
16,36,-14075,90203,-14075/90203,-0.15603693890447104
16,37,-7645,51603,-7645/51603,-0.14815030133906942
16,38,28,96037,28/96037,0.00029155429678144883
16,39,-39960,92603,-39960/92603,-0.43151949720851374
16,40,-15032,75219,-15032/75219,-0.1998431247424188
16,41,-26589,79018,-26589/79018,-0.336492950973196
16,42,-10441,36846,-10441/36846,-0.28336861531780927
16,43,-38888,51413,-38888/51413,-0.7563845719954098
16,44,-3503,10235,-3503/10235,-0.34225696140693695
16,45,-9526,21781,-9526/21781,-0.43735365685689365
17,0,0,1,0,0.0
17,1,0,1,0,0.0
17,2,0,1,0,0.0
17,3,0,1,0,0.0
17,4,0,1,0,0.0
17,5,0,1,0,0.0
17,6,0,1,0,0.0
17,7,0,1,0,0.0
17,8,0,1,0,0.0
17,9,0,1,0,0.0
17,10,0,1,0,0.0
17,11,0,1,0,0.0
17,12,0,1,0,0.0
17,13,0,1,0,0.0
17,14,1,1,1,1.0
17,15,0,1,0,0.0
17,16,0,1,0,0.0
17,17,0,1,0,0.0
17,18,0,1,0,0.0
17,19,0,1,0,0.0
17,20,0,1,0,0.0
17,21,0,1,0,0.0
17,22,0,1,0,0.0
17,23,0,1,0,0.0
17,24,0,1,0,0.0
17,25,0,1,0,0.0
17,26,0,1,0,0.0
17,27,0,1,0,0.0
17,28,0,1,0,0.0
17,29,0,1,0,0.0
17,30,0,1,0,0.0
17,31,0,1,0,0.0
17,32,0,1,0,0.0
17,33,0,1,0,0.0
17,34,0,1,0,0.0
17,35,0,1,0,0.0
17,36,0,1,0,0.0
17,37,0,1,0,0.0
17,38,0,1,0,0.0
17,39,0,1,0,0.0
17,40,0,1,0,0.0
17,41,0,1,0,0.0
17,42,0,1,0,0.0
17,43,0,1,0,0.0
17,44,0,1,0,0.0
17,45,0,1,0,0.0
18,0,0,1,0,0.0
18,1,0,1,0,0.0
18,2,0,1,0,0.0
18,3,0,1,0,0.0
18,4,0,1,0,0.0
18,5,0,1,0,0.0
18,6,0,1,0,0.0
18,7,0,1,0,0.0
18,8,0,1,0,0.0
18,9,0,1,0,0.0
18,10,0,1,0,0.0
18,11,0,1,0,0.0
18,12,0,1,0,0.0
18,13,0,1,0,0.0
18,14,0,1,0,0.0
18,15,1,1,1,1.0
18,16,0,1,0,0.0
18,17,0,1,0,0.0
18,18,0,1,0,0.0
18,19,0,1,0,0.0
18,20,0,1,0,0.0
18,21,0,1,0,0.0
18,22,0,1,0,0.0
18,23,0,1,0,0.0
18,24,0,1,0,0.0
18,25,0,1,0,0.0
18,26,0,1,0,0.0
18,27,0,1,0,0.0
18,28,0,1,0,0.0
18,29,0,1,0,0.0
18,30,0,1,0,0.0
18,31,0,1,0,0.0
18,32,0,1,0,0.0
18,33,0,1,0,0.0
18,34,0,1,0,0.0
18,35,0,1,0,0.0
18,36,0,1,0,0.0
18,37,0,1,0,0.0
18,38,0,1,0,0.0
18,39,0,1,0,0.0
18,40,0,1,0,0.0
18,41,0,1,0,0.0
18,42,0,1,0,0.0
18,43,0,1,0,0.0
18,44,0,1,0,0.0
18,45,0,1,0,0.0
19,0,2381,6184,2381/6184,0.38502587322121606
19,1,12485,50896,12485/50896,0.24530414963847846
19,2,-84511,95433,-84511/95433,-0.8855532153447969
19,3,139,30570,139/30570,0.004546941445861956
19,4,-3142,99521,-3142/99521,-0.031571226173370444
19,5,10329,85037,10329/85037,0.1214647741571316
19,6,-836,74995,-836/74995,-0.011147409827321821
19,7,1673,23472,1673/23472,0.07127641445126108
19,8,-12395,35001,-12395/35001,-0.35413273906459813
19,9,11839,97516,11839/97516,0.1214057180360146
19,10,-3182,10117,-3182/10117,-0.3145201146584956
19,11,2244,70553,2244/70553,0.031805876433319634
19,12,-5837,40125,-5837/40125,-0.14547040498442368
19,13,55144,98343,55144/98343,0.5607313179382366
19,14,-5239,96208,-5239/96208,-0.05445493098287045
19,15,20841,83215,20841/83215,0.2504476356426125
19,16,-1502,72565,-1502/72565,-0.02069868393853786
19,17,3359,84040,3359/84040,0.039969062351261304
19,18,-363,97814,-363/97814,-0.0037111251968020937
19,19,1483,45733,1483/45733,0.03242735005357182
19,20,-1630,10689,-1630/10689,-0.15249321732622323
19,21,-142,37965,-142/37965,-0.0037402871065455026
19,22,416,26233,416/26233,0.01585788891853772
19,23,-1539,22612,-1539/22612,-0.06806120643905891
19,24,2172,6145,2172/6145,0.3534580960130187
19,25,424,77205,424/77205,0.005491872288064244
19,26,-3323,93781,-3323/93781,-0.0354336166174385
19,27,9706,70617,9706/70617,0.13744565756121047
19,28,-75310,91961,-75310/91961,-0.8189341133741478
19,29,10649,92318,10649/92318,0.11535128577308867
19,30,-4087,85897,-4087/85897,-0.047580241451971546
19,31,273,50422,273/50422,0.005414303280314148
19,32,-1331,31143,-1331/31143,-0.042738336062678614
19,33,18139,85724,18139/85724,0.2115976855956325
19,34,361,57334,361/57334,0.00629643841350682
19,35,-2016,99517,-2016/99517,-0.020257845393249395
19,36,9956,97485,9956/97485,0.10212853259475817
19,37,-25047,81130,-25047/81130,-0.30872673486996177
19,38,240,63067,240/63067,0.0038054767152393486
19,39,-1013,58046,-1013/58046,-0.01745167625676188
19,40,2421,75260,2421/75260,0.03216848259367526
19,41,-16317,76793,-16317/76793,-0.2124803041943927
19,42,7236,17263,7236/17263,0.419162370387534
19,43,1135,80229,1135/80229,0.014147004200476137
19,44,-3383,83352,-3383/83352,-0.040586908532488725
19,45,50703,98158,50703/98158,0.5165447543755985
20,0,17179,89265,17179/89265,0.1924494482719991
20,1,4399,93732,4399/93732,0.046931677548756025
20,2,-8887,37808,-8887/37808,-0.23505607278882776
20,3,-54018,92611,-54018/92611,-0.5832784442452841
20,4,17460,67177,17460/67177,0.2599103859952067
20,5,-18619,58385,-18619/58385,-0.3189004025006423
20,6,-179,79852,-179/79852,-0.0022416470470370186
20,7,-10877,79379,-10877/79379,-0.13702616561055192
20,8,34541,67819,34541/67819,0.5093115498606585
20,9,601,25680,601/25680,0.023403426791277257
20,10,-5389,43332,-5389/43332,-0.12436536508815656
20,11,522,71527,522/71527,0.007297943433948019
20,12,-145,72743,-145/72743,-0.001993318944778192
20,13,3845,94386,3845/94386,0.040736973703727246
20,14,-898,98125,-898/98125,-0.009151592356687898
20,15,1098,94601,1098/94601,0.011606642635912939
20,16,13229,50339,13229/50339,0.26279822801406466
20,17,-6481,51527,-6481/51527,-0.1257787179536942
20,18,-1831,45415,-1831/45415,-0.04031707585599471
20,19,-4364,96995,-4364/96995,-0.04499200989741739
20,20,10931,64428,10931/64428,0.16966225864530948
20,21,1217,71007,1217/71007,0.017139155294548424
20,22,-1027,48517,-1027/48517,-0.02116783807737494
20,23,7222,91707,7222/91707,0.07875080419161024
20,24,-17323,57411,-17323/57411,-0.3017366009998084
20,25,-9,991,-9/991,-0.009081735620585268
20,26,2027,58302,2027/58302,0.034767246406641285
20,27,-2282,17687,-2282/17687,-0.12902131509017922
20,28,48521,92216,48521/92216,0.5261668257135421
20,29,3824,51359,3824/51359,0.07445627835432933
20,30,-1861,35945,-1861/35945,-0.05177354291278342
20,31,43,59174,43/59174,0.0007266704971778145
20,32,120,4021,120/4021,0.029843322556577966
20,33,2087,72985,2087/72985,0.028594916763718572
20,34,139,56831,139/56831,0.0024458482166423256
20,35,-195,40363,-195/40363,-0.00483115724797463
20,36,301,76630,301/76630,0.0039279655487407025
20,37,1117,89249,1117/89249,0.012515546392676668
20,38,11,22952,11/22952,0.00047926106657371906
20,39,3,6679,3/6679,0.0004491690372810301
20,40,96,95743,96/95743,0.001002684269346062
20,41,1347,81302,1347/81302,0.016567858109271603
20,42,-1036,41705,-1036/41705,-0.024841146145546097
20,43,-289,99561,-289/99561,-0.002902743041954179
20,44,-7,69420,-7/69420,-0.00010083549409392106
20,45,-78,1181,-78/1181,-0.06604572396274344
21,0,0,1,0,0.0
21,1,0,1,0,0.0
21,2,0,1,0,0.0
21,3,0,1,0,0.0
21,4,0,1,0,0.0
21,5,0,1,0,0.0
21,6,0,1,0,0.0
21,7,0,1,0,0.0
21,8,0,1,0,0.0
21,9,0,1,0,0.0
21,10,0,1,0,0.0
21,11,0,1,0,0.0
21,12,0,1,0,0.0
21,13,0,1,0,0.0
21,14,0,1,0,0.0
21,15,0,1,0,0.0
21,16,1,1,1,1.0
21,17,0,1,0,0.0
21,18,0,1,0,0.0
21,19,0,1,0,0.0
21,20,0,1,0,0.0
21,21,0,1,0,0.0
21,22,0,1,0,0.0
21,23,0,1,0,0.0
21,24,0,1,0,0.0
21,25,0,1,0,0.0
21,26,0,1,0,0.0
21,27,0,1,0,0.0
21,28,0,1,0,0.0
21,29,0,1,0,0.0
21,30,0,1,0,0.0
21,31,0,1,0,0.0
21,32,0,1,0,0.0
21,33,0,1,0,0.0
21,34,0,1,0,0.0
21,35,0,1,0,0.0
21,36,0,1,0,0.0
21,37,0,1,0,0.0
21,38,0,1,0,0.0
21,39,0,1,0,0.0
21,40,0,1,0,0.0
21,41,0,1,0,0.0
21,42,0,1,0,0.0
21,43,0,1,0,0.0
21,44,0,1,0,0.0
21,45,0,1,0,0.0
22,0,0,1,0,0.0
22,1,0,1,0,0.0
22,2,0,1,0,0.0
22,3,0,1,0,0.0
22,4,0,1,0,0.0
22,5,0,1,0,0.0
22,6,0,1,0,0.0
22,7,0,1,0,0.0
22,8,0,1,0,0.0
22,9,0,1,0,0.0
22,10,0,1,0,0.0
22,11,0,1,0,0.0
22,12,0,1,0,0.0
22,13,0,1,0,0.0
22,14,0,1,0,0.0
22,15,0,1,0,0.0
22,16,0,1,0,0.0
22,17,1,1,1,1.0
22,18,0,1,0,0.0
22,19,0,1,0,0.0
22,20,0,1,0,0.0
22,21,0,1,0,0.0
22,22,0,1,0,0.0
22,23,0,1,0,0.0
22,24,0,1,0,0.0
22,25,0,1,0,0.0
22,26,0,1,0,0.0
22,27,0,1,0,0.0
22,28,0,1,0,0.0
22,29,0,1,0,0.0
22,30,0,1,0,0.0
22,31,0,1,0,0.0
22,32,0,1,0,0.0
22,33,0,1,0,0.0
22,34,0,1,0,0.0
22,35,0,1,0,0.0
22,36,0,1,0,0.0
22,37,0,1,0,0.0
22,38,0,1,0,0.0
22,39,0,1,0,0.0
22,40,0,1,0,0.0
22,41,0,1,0,0.0
22,42,0,1,0,0.0
22,43,0,1,0,0.0
22,44,0,1,0,0.0
22,45,0,1,0,0.0
23,0,0,1,0,0.0
23,1,0,1,0,0.0
23,2,0,1,0,0.0
23,3,0,1,0,0.0
23,4,0,1,0,0.0
23,5,0,1,0,0.0
23,6,0,1,0,0.0
23,7,0,1,0,0.0
23,8,0,1,0,0.0
23,9,0,1,0,0.0
23,10,0,1,0,0.0
23,11,0,1,0,0.0
23,12,0,1,0,0.0
23,13,0,1,0,0.0
23,14,0,1,0,0.0
23,15,0,1,0,0.0
23,16,0,1,0,0.0
23,17,0,1,0,0.0
23,18,1,1,1,1.0
23,19,0,1,0,0.0
23,20,0,1,0,0.0
23,21,0,1,0,0.0
23,22,0,1,0,0.0
23,23,0,1,0,0.0
23,24,0,1,0,0.0
23,25,0,1,0,0.0
23,26,0,1,0,0.0
23,27,0,1,0,0.0
23,28,0,1,0,0.0
23,29,0,1,0,0.0
23,30,0,1,0,0.0
23,31,0,1,0,0.0
23,32,0,1,0,0.0
23,33,0,1,0,0.0
23,34,0,1,0,0.0
23,35,0,1,0,0.0
23,36,0,1,0,0.0
23,37,0,1,0,0.0
23,38,0,1,0,0.0
23,39,0,1,0,0.0
23,40,0,1,0,0.0
23,41,0,1,0,0.0
23,42,0,1,0,0.0
23,43,0,1,0,0.0
23,44,0,1,0,0.0
23,45,0,1,0,0.0
24,0,0,1,0,0.0
24,1,0,1,0,0.0
24,2,0,1,0,0.0
24,3,0,1,0,0.0
24,4,0,1,0,0.0
24,5,0,1,0,0.0
24,6,0,1,0,0.0
24,7,0,1,0,0.0
24,8,0,1,0,0.0
24,9,0,1,0,0.0
24,10,0,1,0,0.0
24,11,0,1,0,0.0
24,12,0,1,0,0.0
24,13,0,1,0,0.0
24,14,0,1,0,0.0
24,15,0,1,0,0.0
24,16,0,1,0,0.0
24,17,0,1,0,0.0
24,18,0,1,0,0.0
24,19,1,1,1,1.0
24,20,0,1,0,0.0
24,21,0,1,0,0.0
24,22,0,1,0,0.0
24,23,0,1,0,0.0
24,24,0,1,0,0.0
24,25,0,1,0,0.0
24,26,0,1,0,0.0
24,27,0,1,0,0.0
24,28,0,1,0,0.0
24,29,0,1,0,0.0
24,30,0,1,0,0.0
24,31,0,1,0,0.0
24,32,0,1,0,0.0
24,33,0,1,0,0.0
24,34,0,1,0,0.0
24,35,0,1,0,0.0
24,36,0,1,0,0.0
24,37,0,1,0,0.0
24,38,0,1,0,0.0
24,39,0,1,0,0.0
24,40,0,1,0,0.0
24,41,0,1,0,0.0
24,42,0,1,0,0.0
24,43,0,1,0,0.0
24,44,0,1,0,0.0
24,45,0,1,0,0.0
25,0,0,1,0,0.0
25,1,0,1,0,0.0
25,2,0,1,0,0.0
25,3,0,1,0,0.0
25,4,0,1,0,0.0
25,5,0,1,0,0.0
25,6,0,1,0,0.0
25,7,0,1,0,0.0
25,8,0,1,0,0.0
25,9,0,1,0,0.0
25,10,0,1,0,0.0
25,11,0,1,0,0.0
25,12,0,1,0,0.0
25,13,0,1,0,0.0
25,14,0,1,0,0.0
25,15,0,1,0,0.0
25,16,0,1,0,0.0
25,17,0,1,0,0.0
25,18,0,1,0,0.0
25,19,0,1,0,0.0
25,20,1,1,1,1.0
25,21,0,1,0,0.0
25,22,0,1,0,0.0
25,23,0,1,0,0.0
25,24,0,1,0,0.0
25,25,0,1,0,0.0
25,26,0,1,0,0.0
25,27,0,1,0,0.0
25,28,0,1,0,0.0
25,29,0,1,0,0.0
25,30,0,1,0,0.0
25,31,0,1,0,0.0
25,32,0,1,0,0.0
25,33,0,1,0,0.0
25,34,0,1,0,0.0
25,35,0,1,0,0.0
25,36,0,1,0,0.0
25,37,0,1,0,0.0
25,38,0,1,0,0.0
25,39,0,1,0,0.0
25,40,0,1,0,0.0
25,41,0,1,0,0.0
25,42,0,1,0,0.0
25,43,0,1,0,0.0
25,44,0,1,0,0.0
25,45,0,1,0,0.0
26,0,0,1,0,0.0
26,1,0,1,0,0.0
26,2,0,1,0,0.0
26,3,0,1,0,0.0
26,4,0,1,0,0.0
26,5,0,1,0,0.0
26,6,0,1,0,0.0
26,7,0,1,0,0.0
26,8,0,1,0,0.0
26,9,0,1,0,0.0
26,10,0,1,0,0.0
26,11,0,1,0,0.0
26,12,0,1,0,0.0
26,13,0,1,0,0.0
26,14,0,1,0,0.0
26,15,0,1,0,0.0
26,16,0,1,0,0.0
26,17,0,1,0,0.0
26,18,0,1,0,0.0
26,19,0,1,0,0.0
26,20,0,1,0,0.0
26,21,1,1,1,1.0
26,22,0,1,0,0.0
26,23,0,1,0,0.0
26,24,0,1,0,0.0
26,25,0,1,0,0.0
26,26,0,1,0,0.0
26,27,0,1,0,0.0
26,28,0,1,0,0.0
26,29,0,1,0,0.0
26,30,0,1,0,0.0
26,31,0,1,0,0.0
26,32,0,1,0,0.0
26,33,0,1,0,0.0
26,34,0,1,0,0.0
26,35,0,1,0,0.0
26,36,0,1,0,0.0
26,37,0,1,0,0.0
26,38,0,1,0,0.0
26,39,0,1,0,0.0
26,40,0,1,0,0.0
26,41,0,1,0,0.0
26,42,0,1,0,0.0
26,43,0,1,0,0.0
26,44,0,1,0,0.0
26,45,0,1,0,0.0
27,0,0,1,0,0.0
27,1,0,1,0,0.0
27,2,0,1,0,0.0
27,3,0,1,0,0.0
27,4,0,1,0,0.0
27,5,0,1,0,0.0
27,6,0,1,0,0.0
27,7,0,1,0,0.0
27,8,0,1,0,0.0
27,9,0,1,0,0.0
27,10,0,1,0,0.0
27,11,0,1,0,0.0
27,12,0,1,0,0.0
27,13,0,1,0,0.0
27,14,0,1,0,0.0
27,15,0,1,0,0.0
27,16,0,1,0,0.0
27,17,0,1,0,0.0
27,18,0,1,0,0.0
27,19,0,1,0,0.0
27,20,0,1,0,0.0
27,21,0,1,0,0.0
27,22,1,1,1,1.0
27,23,0,1,0,0.0
27,24,0,1,0,0.0
27,25,0,1,0,0.0
27,26,0,1,0,0.0
27,27,0,1,0,0.0
27,28,0,1,0,0.0
27,29,0,1,0,0.0
27,30,0,1,0,0.0
27,31,0,1,0,0.0
27,32,0,1,0,0.0
27,33,0,1,0,0.0
27,34,0,1,0,0.0
27,35,0,1,0,0.0
27,36,0,1,0,0.0
27,37,0,1,0,0.0
27,38,0,1,0,0.0
27,39,0,1,0,0.0
27,40,0,1,0,0.0
27,41,0,1,0,0.0
27,42,0,1,0,0.0
27,43,0,1,0,0.0
27,44,0,1,0,0.0
27,45,0,1,0,0.0
28,0,0,1,0,0.0
28,1,0,1,0,0.0
28,2,0,1,0,0.0
28,3,0,1,0,0.0
28,4,0,1,0,0.0
28,5,0,1,0,0.0
28,6,0,1,0,0.0
28,7,0,1,0,0.0
28,8,0,1,0,0.0
28,9,0,1,0,0.0
28,10,0,1,0,0.0
28,11,0,1,0,0.0
28,12,0,1,0,0.0
28,13,0,1,0,0.0
28,14,0,1,0,0.0
28,15,0,1,0,0.0
28,16,0,1,0,0.0
28,17,0,1,0,0.0
28,18,0,1,0,0.0
28,19,0,1,0,0.0
28,20,0,1,0,0.0
28,21,0,1,0,0.0
28,22,0,1,0,0.0
28,23,1,1,1,1.0
28,24,0,1,0,0.0
28,25,0,1,0,0.0
28,26,0,1,0,0.0
28,27,0,1,0,0.0
28,28,0,1,0,0.0
28,29,0,1,0,0.0
28,30,0,1,0,0.0
28,31,0,1,0,0.0
28,32,0,1,0,0.0
28,33,0,1,0,0.0
28,34,0,1,0,0.0
28,35,0,1,0,0.0
28,36,0,1,0,0.0
28,37,0,1,0,0.0
28,38,0,1,0,0.0
28,39,0,1,0,0.0
28,40,0,1,0,0.0
28,41,0,1,0,0.0
28,42,0,1,0,0.0
28,43,0,1,0,0.0
28,44,0,1,0,0.0
28,45,0,1,0,0.0
29,0,0,1,0,0.0
29,1,0,1,0,0.0
29,2,0,1,0,0.0
29,3,0,1,0,0.0
29,4,0,1,0,0.0
29,5,0,1,0,0.0
29,6,0,1,0,0.0
29,7,0,1,0,0.0
29,8,0,1,0,0.0
29,9,0,1,0,0.0
29,10,0,1,0,0.0
29,11,0,1,0,0.0
29,12,0,1,0,0.0
29,13,0,1,0,0.0
29,14,0,1,0,0.0
29,15,0,1,0,0.0
29,16,0,1,0,0.0
29,17,0,1,0,0.0
29,18,0,1,0,0.0
29,19,0,1,0,0.0
29,20,0,1,0,0.0
29,21,0,1,0,0.0
29,22,0,1,0,0.0
29,23,0,1,0,0.0
29,24,1,1,1,1.0
29,25,0,1,0,0.0
29,26,0,1,0,0.0
29,27,0,1,0,0.0
29,28,0,1,0,0.0
29,29,0,1,0,0.0
29,30,0,1,0,0.0
29,31,0,1,0,0.0
29,32,0,1,0,0.0
29,33,0,1,0,0.0
29,34,0,1,0,0.0
29,35,0,1,0,0.0
29,36,0,1,0,0.0
29,37,0,1,0,0.0
29,38,0,1,0,0.0
29,39,0,1,0,0.0
29,40,0,1,0,0.0
29,41,0,1,0,0.0
29,42,0,1,0,0.0
29,43,0,1,0,0.0
29,44,0,1,0,0.0
29,45,0,1,0,0.0
30,0,11751,66370,11751/66370,0.17705288533976193
30,1,-750,50851,-750/50851,-0.014748972488249985
30,2,-3841,14707,-3841/14707,-0.26116815122050724
30,3,9630,55783,9630/55783,0.1726332395174157
30,4,39147,98651,39147/98651,0.39682314421546666
30,5,-60558,97697,-60558/97697,-0.619855266794272
30,6,-42023,48866,-42023/48866,-0.8599639831375598
30,7,12946,58285,12946/58285,0.22211546710131252
30,8,57072,95641,57072/95641,0.5967315272738679
30,9,3724,78345,3724/78345,0.04753334609738975
30,10,-7571,98516,-7571/98516,-0.07685046083884851
30,11,-1337,85228,-1337/85228,-0.01568733280142676
30,12,1500,85517,1500/85517,0.01754037208975993
30,13,177,78758,177/78758,0.002247390741258031
30,14,-7131,79541,-7131/79541,-0.08965187764800543
30,15,2546,28985,2546/28985,0.08783853717440056
30,16,8032,95949,8032/95949,0.08371113820884012
30,17,-13339,69841,-13339/69841,-0.19099096519236552
30,18,-447,6803,-447/6803,-0.0657063060414523
30,19,-1657,42036,-1657/42036,-0.03941859358644971
30,20,17060,66041,17060/66041,0.2583243742523584
30,21,5204,19033,5204/19033,0.27341984973467137
30,22,-14494,81717,-14494/81717,-0.1773682342719385
30,23,5084,27583,5084/27583,0.1843164267846137
30,24,-34318,64485,-34318/64485,-0.5321857796386756
30,25,21801,48196,21801/48196,0.45234044319030625
30,26,-18827,92823,-18827/92823,-0.20282688557792788
30,27,-2867,30819,-2867/30819,-0.09302702878094682
30,28,22593,28723,22593/28723,0.7865821815269992
30,29,97,1868,97/1868,0.05192719486081371
30,30,695,71947,695/71947,0.009659888529056112
30,31,207,11957,207/11957,0.01731203479133562
30,32,1993,59686,1993/59686,0.03339141507221124
30,33,2107,72564,2107/72564,0.029036436800617387
30,34,5179,73503,5179/73503,0.0704597091275186
30,35,2108,83935,2108/83935,0.02511467206767141
30,36,21,419,21/419,0.050119331742243436
30,37,3101,51928,3101/51928,0.05971730087813896
30,38,1855,66032,1855/66032,0.02809244002907681
30,39,3589,26581,3589/26581,0.13502125578420676
30,40,3583,91436,3583/91436,0.0391858786473599
30,41,1415,9966,1415/9966,0.14198274132048966
30,42,545,50838,545/50838,0.010720327314213777
30,43,23420,91473,23420/91473,0.2560318345304079
30,44,536,9461,536/9461,0.05665363069442977
30,45,3487,97026,3487/97026,0.03593882052233422
31,0,0,1,0,0.0
31,1,0,1,0,0.0
31,2,0,1,0,0.0
31,3,0,1,0,0.0
31,4,0,1,0,0.0
31,5,0,1,0,0.0
31,6,0,1,0,0.0
31,7,0,1,0,0.0
31,8,0,1,0,0.0
31,9,0,1,0,0.0
31,10,0,1,0,0.0
31,11,0,1,0,0.0
31,12,0,1,0,0.0
31,13,0,1,0,0.0
31,14,0,1,0,0.0
31,15,0,1,0,0.0
31,16,0,1,0,0.0
31,17,0,1,0,0.0
31,18,0,1,0,0.0
31,19,0,1,0,0.0
31,20,0,1,0,0.0
31,21,0,1,0,0.0
31,22,0,1,0,0.0
31,23,0,1,0,0.0
31,24,0,1,0,0.0
31,25,1,1,1,1.0
31,26,0,1,0,0.0
31,27,0,1,0,0.0
31,28,0,1,0,0.0
31,29,0,1,0,0.0
31,30,0,1,0,0.0
31,31,0,1,0,0.0
31,32,0,1,0,0.0
31,33,0,1,0,0.0
31,34,0,1,0,0.0
31,35,0,1,0,0.0
31,36,0,1,0,0.0
31,37,0,1,0,0.0
31,38,0,1,0,0.0
31,39,0,1,0,0.0
31,40,0,1,0,0.0
31,41,0,1,0,0.0
31,42,0,1,0,0.0
31,43,0,1,0,0.0
31,44,0,1,0,0.0
31,45,0,1,0,0.0
32,0,0,1,0,0.0
32,1,0,1,0,0.0
32,2,0,1,0,0.0
32,3,0,1,0,0.0
32,4,0,1,0,0.0
32,5,0,1,0,0.0
32,6,0,1,0,0.0
32,7,0,1,0,0.0
32,8,0,1,0,0.0
32,9,0,1,0,0.0
32,10,0,1,0,0.0
32,11,0,1,0,0.0
32,12,0,1,0,0.0
32,13,0,1,0,0.0
32,14,0,1,0,0.0
32,15,0,1,0,0.0
32,16,0,1,0,0.0
32,17,0,1,0,0.0
32,18,0,1,0,0.0
32,19,0,1,0,0.0
32,20,0,1,0,0.0
32,21,0,1,0,0.0
32,22,0,1,0,0.0
32,23,0,1,0,0.0
32,24,0,1,0,0.0
32,25,0,1,0,0.0
32,26,1,1,1,1.0
32,27,0,1,0,0.0
32,28,0,1,0,0.0
32,29,0,1,0,0.0
32,30,0,1,0,0.0
32,31,0,1,0,0.0
32,32,0,1,0,0.0
32,33,0,1,0,0.0
32,34,0,1,0,0.0
32,35,0,1,0,0.0
32,36,0,1,0,0.0
32,37,0,1,0,0.0
32,38,0,1,0,0.0
32,39,0,1,0,0.0
32,40,0,1,0,0.0
32,41,0,1,0,0.0
32,42,0,1,0,0.0
32,43,0,1,0,0.0
32,44,0,1,0,0.0
32,45,0,1,0,0.0
33,0,0,1,0,0.0
33,1,0,1,0,0.0
33,2,0,1,0,0.0
33,3,0,1,0,0.0
33,4,0,1,0,0.0
33,5,0,1,0,0.0
33,6,0,1,0,0.0
33,7,0,1,0,0.0
33,8,0,1,0,0.0
33,9,0,1,0,0.0
33,10,0,1,0,0.0
33,11,0,1,0,0.0
33,12,0,1,0,0.0
33,13,0,1,0,0.0
33,14,0,1,0,0.0
33,15,0,1,0,0.0
33,16,0,1,0,0.0
33,17,0,1,0,0.0
33,18,0,1,0,0.0
33,19,0,1,0,0.0
33,20,0,1,0,0.0
33,21,0,1,0,0.0
33,22,0,1,0,0.0
33,23,0,1,0,0.0
33,24,0,1,0,0.0
33,25,0,1,0,0.0
33,26,0,1,0,0.0
33,27,1,1,1,1.0
33,28,0,1,0,0.0
33,29,0,1,0,0.0
33,30,0,1,0,0.0
33,31,0,1,0,0.0
33,32,0,1,0,0.0
33,33,0,1,0,0.0
33,34,0,1,0,0.0
33,35,0,1,0,0.0
33,36,0,1,0,0.0
33,37,0,1,0,0.0
33,38,0,1,0,0.0
33,39,0,1,0,0.0
33,40,0,1,0,0.0
33,41,0,1,0,0.0
33,42,0,1,0,0.0
33,43,0,1,0,0.0
33,44,0,1,0,0.0
33,45,0,1,0,0.0
34,0,0,1,0,0.0
34,1,0,1,0,0.0
34,2,0,1,0,0.0
34,3,0,1,0,0.0
34,4,0,1,0,0.0
34,5,0,1,0,0.0
34,6,0,1,0,0.0
34,7,0,1,0,0.0
34,8,0,1,0,0.0
34,9,0,1,0,0.0
34,10,0,1,0,0.0
34,11,0,1,0,0.0
34,12,0,1,0,0.0
34,13,0,1,0,0.0
34,14,0,1,0,0.0
34,15,0,1,0,0.0
34,16,0,1,0,0.0
34,17,0,1,0,0.0
34,18,0,1,0,0.0
34,19,0,1,0,0.0
34,20,0,1,0,0.0
34,21,0,1,0,0.0
34,22,0,1,0,0.0
34,23,0,1,0,0.0
34,24,0,1,0,0.0
34,25,0,1,0,0.0
34,26,0,1,0,0.0
34,27,0,1,0,0.0
34,28,1,1,1,1.0
34,29,0,1,0,0.0
34,30,0,1,0,0.0
34,31,0,1,0,0.0
34,32,0,1,0,0.0
34,33,0,1,0,0.0
34,34,0,1,0,0.0
34,35,0,1,0,0.0
34,36,0,1,0,0.0
34,37,0,1,0,0.0
34,38,0,1,0,0.0
34,39,0,1,0,0.0
34,40,0,1,0,0.0
34,41,0,1,0,0.0
34,42,0,1,0,0.0
34,43,0,1,0,0.0
34,44,0,1,0,0.0
34,45,0,1,0,0.0
35,0,601,41942,601/41942,0.014329311906919079
35,1,134,58411,134/58411,0.0022940884422454674
35,2,-1247,87466,-1247/87466,-0.014256968422015412
35,3,-2357,67194,-2357/67194,-0.03507753668482305
35,4,1013,63858,1013/63858,0.015863321745121988
35,5,-1249,65167,-1249/65167,-0.019166142372673285
35,6,-5,37989,-5/37989,-0.0001316170470399326
35,7,-359,42677,-359/42677,-0.008412025212643812
35,8,1694,54343,1694/54343,0.03117236810628784
35,9,-2,67371,-2/67371,-2.968636356889463e-05
35,10,-353,40277,-353/40277,-0.008764307172828166
35,11,47,95604,47/95604,0.000491611229655663
35,12,-21,62429,-21/62429,-0.0003363821300997934
35,13,102,51319,102/51319,0.001987567957286775
35,14,-3,4888,-3/4888,-0.0006137479541734861
35,15,57,92002,57/92002,0.0006195517488750245
35,16,2445,91669,2445/91669,0.026672048347860237
35,17,1145,82484,1145/82484,0.013881480044614713
35,18,-45,89443,-45/89443,-0.0005031137148798677
35,19,54,55967,54/55967,0.0009648542891346687
35,20,230,12891,230/12891,0.01784190520518191
35,21,57,41546,57/41546,0.0013719732344870746
35,22,-59,95324,-59/95324,-0.0006189417145734548
35,23,547,88845,547/88845,0.006156789915020541
35,24,-585,37114,-585/37114,-0.015762246052702485
35,25,-5,10726,-5/10726,-0.00046615700167816523
35,26,148,64217,148/64217,0.002304685675132753
35,27,-373,49485,-373/49485,-0.007537637667980196
35,28,792,24247,792/24247,0.03266383470120015
35,29,-14831,83818,-14831/83818,-0.17694290009305877
35,30,-23510,65789,-23510/65789,-0.3573545729529253
35,31,-2951,92126,-2951/92126,-0.032032216746629615
35,32,-4820,78049,-4820/78049,-0.06175607631103538
35,33,-7273,59043,-7273/59043,-0.1231814101586979
35,34,-112,20035,-112/20035,-0.00559021712003993
35,35,-542,46789,-542/46789,-0.011583919297270725
35,36,-1895,85909,-1895/85909,-0.02205822440023746
35,37,-1136,26457,-1136/26457,-0.042937596855274596
35,38,-64,80349,-64/80349,-0.0007965251589938892
35,39,-163,90556,-163/90556,-0.0017999911656875305
35,40,-244,64321,-244/64321,-0.003793473360177858
35,41,-169,24685,-169/24685,-0.00684626291270002
35,42,-401,22341,-401/22341,-0.017949062262208496
35,43,-9,18932,-9/18932,-0.0004753855905345447
35,44,-43,47446,-43/47446,-0.0009062934704716941
35,45,-307,54504,-307/54504,-0.005632614120064583
36,0,0,1,0,0.0
36,1,0,1,0,0.0
36,2,0,1,0,0.0
36,3,0,1,0,0.0
36,4,0,1,0,0.0
36,5,0,1,0,0.0
36,6,0,1,0,0.0
36,7,0,1,0,0.0
36,8,0,1,0,0.0
36,9,0,1,0,0.0
36,10,0,1,0,0.0
36,11,0,1,0,0.0
36,12,0,1,0,0.0
36,13,0,1,0,0.0
36,14,0,1,0,0.0
36,15,0,1,0,0.0
36,16,0,1,0,0.0
36,17,0,1,0,0.0
36,18,0,1,0,0.0
36,19,0,1,0,0.0
36,20,0,1,0,0.0
36,21,0,1,0,0.0
36,22,0,1,0,0.0
36,23,0,1,0,0.0
36,24,0,1,0,0.0
36,25,0,1,0,0.0
36,26,0,1,0,0.0
36,27,0,1,0,0.0
36,28,0,1,0,0.0
36,29,1,1,1,1.0
36,30,0,1,0,0.0
36,31,0,1,0,0.0
36,32,0,1,0,0.0
36,33,0,1,0,0.0
36,34,0,1,0,0.0
36,35,0,1,0,0.0
36,36,0,1,0,0.0
36,37,0,1,0,0.0
36,38,0,1,0,0.0
36,39,0,1,0,0.0
36,40,0,1,0,0.0
36,41,0,1,0,0.0
36,42,0,1,0,0.0
36,43,0,1,0,0.0
36,44,0,1,0,0.0
36,45,0,1,0,0.0
37,0,0,1,0,0.0
37,1,0,1,0,0.0
37,2,0,1,0,0.0
37,3,0,1,0,0.0
37,4,0,1,0,0.0
37,5,0,1,0,0.0
37,6,0,1,0,0.0
37,7,0,1,0,0.0
37,8,0,1,0,0.0
37,9,0,1,0,0.0
37,10,0,1,0,0.0
37,11,0,1,0,0.0
37,12,0,1,0,0.0
37,13,0,1,0,0.0
37,14,0,1,0,0.0
37,15,0,1,0,0.0
37,16,0,1,0,0.0
37,17,0,1,0,0.0
37,18,0,1,0,0.0
37,19,0,1,0,0.0
37,20,0,1,0,0.0
37,21,0,1,0,0.0
37,22,0,1,0,0.0
37,23,0,1,0,0.0
37,24,0,1,0,0.0
37,25,0,1,0,0.0
37,26,0,1,0,0.0
37,27,0,1,0,0.0
37,28,0,1,0,0.0
37,29,0,1,0,0.0
37,30,1,1,1,1.0
37,31,0,1,0,0.0
37,32,0,1,0,0.0
37,33,0,1,0,0.0
37,34,0,1,0,0.0
37,35,0,1,0,0.0
37,36,0,1,0,0.0
37,37,0,1,0,0.0
37,38,0,1,0,0.0
37,39,0,1,0,0.0
37,40,0,1,0,0.0
37,41,0,1,0,0.0
37,42,0,1,0,0.0
37,43,0,1,0,0.0
37,44,0,1,0,0.0
37,45,0,1,0,0.0
38,0,0,1,0,0.0
38,1,0,1,0,0.0
38,2,0,1,0,0.0
38,3,0,1,0,0.0
38,4,0,1,0,0.0
38,5,0,1,0,0.0
38,6,0,1,0,0.0
38,7,0,1,0,0.0
38,8,0,1,0,0.0
38,9,0,1,0,0.0
38,10,0,1,0,0.0
38,11,0,1,0,0.0
38,12,0,1,0,0.0
38,13,0,1,0,0.0
38,14,0,1,0,0.0
38,15,0,1,0,0.0
38,16,0,1,0,0.0
38,17,0,1,0,0.0
38,18,0,1,0,0.0
38,19,0,1,0,0.0
38,20,0,1,0,0.0
38,21,0,1,0,0.0
38,22,0,1,0,0.0
38,23,0,1,0,0.0
38,24,0,1,0,0.0
38,25,0,1,0,0.0
38,26,0,1,0,0.0
38,27,0,1,0,0.0
38,28,0,1,0,0.0
38,29,0,1,0,0.0
38,30,0,1,0,0.0
38,31,1,1,1,1.0
38,32,0,1,0,0.0
38,33,0,1,0,0.0
38,34,0,1,0,0.0
38,35,0,1,0,0.0
38,36,0,1,0,0.0
38,37,0,1,0,0.0
38,38,0,1,0,0.0
38,39,0,1,0,0.0
38,40,0,1,0,0.0
38,41,0,1,0,0.0
38,42,0,1,0,0.0
38,43,0,1,0,0.0
38,44,0,1,0,0.0
38,45,0,1,0,0.0
39,0,0,1,0,0.0
39,1,0,1,0,0.0
39,2,0,1,0,0.0
39,3,0,1,0,0.0
39,4,0,1,0,0.0
39,5,0,1,0,0.0
39,6,0,1,0,0.0
39,7,0,1,0,0.0
39,8,0,1,0,0.0
39,9,0,1,0,0.0
39,10,0,1,0,0.0
39,11,0,1,0,0.0
39,12,0,1,0,0.0
39,13,0,1,0,0.0
39,14,0,1,0,0.0
39,15,0,1,0,0.0
39,16,0,1,0,0.0
39,17,0,1,0,0.0
39,18,0,1,0,0.0
39,19,0,1,0,0.0
39,20,0,1,0,0.0
39,21,0,1,0,0.0
39,22,0,1,0,0.0
39,23,0,1,0,0.0
39,24,0,1,0,0.0
39,25,0,1,0,0.0
39,26,0,1,0,0.0
39,27,0,1,0,0.0
39,28,0,1,0,0.0
39,29,0,1,0,0.0
39,30,0,1,0,0.0
39,31,0,1,0,0.0
39,32,1,1,1,1.0
39,33,0,1,0,0.0
39,34,0,1,0,0.0
39,35,0,1,0,0.0
39,36,0,1,0,0.0
39,37,0,1,0,0.0
39,38,0,1,0,0.0
39,39,0,1,0,0.0
39,40,0,1,0,0.0
39,41,0,1,0,0.0
39,42,0,1,0,0.0
39,43,0,1,0,0.0
39,44,0,1,0,0.0
39,45,0,1,0,0.0
40,0,0,1,0,0.0
40,1,0,1,0,0.0
40,2,0,1,0,0.0
40,3,0,1,0,0.0
40,4,0,1,0,0.0
40,5,0,1,0,0.0
40,6,0,1,0,0.0
40,7,0,1,0,0.0
40,8,0,1,0,0.0
40,9,0,1,0,0.0
40,10,0,1,0,0.0
40,11,0,1,0,0.0
40,12,0,1,0,0.0
40,13,0,1,0,0.0
40,14,0,1,0,0.0
40,15,0,1,0,0.0
40,16,0,1,0,0.0
40,17,0,1,0,0.0
40,18,0,1,0,0.0
40,19,0,1,0,0.0
40,20,0,1,0,0.0
40,21,0,1,0,0.0
40,22,0,1,0,0.0
40,23,0,1,0,0.0
40,24,0,1,0,0.0
40,25,0,1,0,0.0
40,26,0,1,0,0.0
40,27,0,1,0,0.0
40,28,0,1,0,0.0
40,29,0,1,0,0.0
40,30,0,1,0,0.0
40,31,0,1,0,0.0
40,32,0,1,0,0.0
40,33,1,1,1,1.0
40,34,0,1,0,0.0
40,35,0,1,0,0.0
40,36,0,1,0,0.0
40,37,0,1,0,0.0
40,38,0,1,0,0.0
40,39,0,1,0,0.0
40,40,0,1,0,0.0
40,41,0,1,0,0.0
40,42,0,1,0,0.0
40,43,0,1,0,0.0
40,44,0,1,0,0.0
40,45,0,1,0,0.0
41,0,0,1,0,0.0
41,1,0,1,0,0.0
41,2,0,1,0,0.0
41,3,0,1,0,0.0
41,4,0,1,0,0.0
41,5,0,1,0,0.0
41,6,0,1,0,0.0
41,7,0,1,0,0.0
41,8,0,1,0,0.0
41,9,0,1,0,0.0
41,10,0,1,0,0.0
41,11,0,1,0,0.0
41,12,0,1,0,0.0
41,13,0,1,0,0.0
41,14,0,1,0,0.0
41,15,0,1,0,0.0
41,16,0,1,0,0.0
41,17,0,1,0,0.0
41,18,0,1,0,0.0
41,19,0,1,0,0.0
41,20,0,1,0,0.0
41,21,0,1,0,0.0
41,22,0,1,0,0.0
41,23,0,1,0,0.0
41,24,0,1,0,0.0
41,25,0,1,0,0.0
41,26,0,1,0,0.0
41,27,0,1,0,0.0
41,28,0,1,0,0.0
41,29,0,1,0,0.0
41,30,0,1,0,0.0
41,31,0,1,0,0.0
41,32,0,1,0,0.0
41,33,0,1,0,0.0
41,34,1,1,1,1.0
41,35,0,1,0,0.0
41,36,0,1,0,0.0
41,37,0,1,0,0.0
41,38,0,1,0,0.0
41,39,0,1,0,0.0
41,40,0,1,0,0.0
41,41,0,1,0,0.0
41,42,0,1,0,0.0
41,43,0,1,0,0.0
41,44,0,1,0,0.0
41,45,0,1,0,0.0
42,0,0,1,0,0.0
42,1,0,1,0,0.0
42,2,0,1,0,0.0
42,3,0,1,0,0.0
42,4,0,1,0,0.0
42,5,0,1,0,0.0
42,6,0,1,0,0.0
42,7,0,1,0,0.0
42,8,0,1,0,0.0
42,9,0,1,0,0.0
42,10,0,1,0,0.0
42,11,0,1,0,0.0
42,12,0,1,0,0.0
42,13,0,1,0,0.0
42,14,0,1,0,0.0
42,15,0,1,0,0.0
42,16,0,1,0,0.0
42,17,0,1,0,0.0
42,18,0,1,0,0.0
42,19,0,1,0,0.0
42,20,0,1,0,0.0
42,21,0,1,0,0.0
42,22,0,1,0,0.0
42,23,0,1,0,0.0
42,24,0,1,0,0.0
42,25,0,1,0,0.0
42,26,0,1,0,0.0
42,27,0,1,0,0.0
42,28,0,1,0,0.0
42,29,0,1,0,0.0
42,30,0,1,0,0.0
42,31,0,1,0,0.0
42,32,0,1,0,0.0
42,33,0,1,0,0.0
42,34,0,1,0,0.0
42,35,1,1,1,1.0
42,36,0,1,0,0.0
42,37,0,1,0,0.0
42,38,0,1,0,0.0
42,39,0,1,0,0.0
42,40,0,1,0,0.0
42,41,0,1,0,0.0
42,42,0,1,0,0.0
42,43,0,1,0,0.0
42,44,0,1,0,0.0
42,45,0,1,0,0.0
43,0,0,1,0,0.0
43,1,0,1,0,0.0
43,2,0,1,0,0.0
43,3,0,1,0,0.0
43,4,0,1,0,0.0
43,5,0,1,0,0.0
43,6,0,1,0,0.0
43,7,0,1,0,0.0
43,8,0,1,0,0.0
43,9,0,1,0,0.0
43,10,0,1,0,0.0
43,11,0,1,0,0.0
43,12,0,1,0,0.0
43,13,0,1,0,0.0
43,14,0,1,0,0.0
43,15,0,1,0,0.0
43,16,0,1,0,0.0
43,17,0,1,0,0.0
43,18,0,1,0,0.0
43,19,0,1,0,0.0
43,20,0,1,0,0.0
43,21,0,1,0,0.0
43,22,0,1,0,0.0
43,23,0,1,0,0.0
43,24,0,1,0,0.0
43,25,0,1,0,0.0
43,26,0,1,0,0.0
43,27,0,1,0,0.0
43,28,0,1,0,0.0
43,29,0,1,0,0.0
43,30,0,1,0,0.0
43,31,0,1,0,0.0
43,32,0,1,0,0.0
43,33,0,1,0,0.0
43,34,0,1,0,0.0
43,35,0,1,0,0.0
43,36,1,1,1,1.0
43,37,0,1,0,0.0
43,38,0,1,0,0.0
43,39,0,1,0,0.0
43,40,0,1,0,0.0
43,41,0,1,0,0.0
43,42,0,1,0,0.0
43,43,0,1,0,0.0
43,44,0,1,0,0.0
43,45,0,1,0,0.0
44,0,0,1,0,0.0
44,1,0,1,0,0.0
44,2,0,1,0,0.0
44,3,0,1,0,0.0
44,4,0,1,0,0.0
44,5,0,1,0,0.0
44,6,0,1,0,0.0
44,7,0,1,0,0.0
44,8,0,1,0,0.0
44,9,0,1,0,0.0
44,10,0,1,0,0.0
44,11,0,1,0,0.0
44,12,0,1,0,0.0
44,13,0,1,0,0.0
44,14,0,1,0,0.0
44,15,0,1,0,0.0
44,16,0,1,0,0.0
44,17,0,1,0,0.0
44,18,0,1,0,0.0
44,19,0,1,0,0.0
44,20,0,1,0,0.0
44,21,0,1,0,0.0
44,22,0,1,0,0.0
44,23,0,1,0,0.0
44,24,0,1,0,0.0
44,25,0,1,0,0.0
44,26,0,1,0,0.0
44,27,0,1,0,0.0
44,28,0,1,0,0.0
44,29,0,1,0,0.0
44,30,0,1,0,0.0
44,31,0,1,0,0.0
44,32,0,1,0,0.0
44,33,0,1,0,0.0
44,34,0,1,0,0.0
44,35,0,1,0,0.0
44,36,0,1,0,0.0
44,37,1,1,1,1.0
44,38,0,1,0,0.0
44,39,0,1,0,0.0
44,40,0,1,0,0.0
44,41,0,1,0,0.0
44,42,0,1,0,0.0
44,43,0,1,0,0.0
44,44,0,1,0,0.0
44,45,0,1,0,0.0
45,0,0,1,0,0.0
45,1,0,1,0,0.0
45,2,0,1,0,0.0
45,3,0,1,0,0.0
45,4,0,1,0,0.0
45,5,0,1,0,0.0
45,6,0,1,0,0.0
45,7,0,1,0,0.0
45,8,0,1,0,0.0
45,9,0,1,0,0.0
45,10,0,1,0,0.0
45,11,0,1,0,0.0
45,12,0,1,0,0.0
45,13,0,1,0,0.0
45,14,0,1,0,0.0
45,15,0,1,0,0.0
45,16,0,1,0,0.0
45,17,0,1,0,0.0
45,18,0,1,0,0.0
45,19,0,1,0,0.0
45,20,0,1,0,0.0
45,21,0,1,0,0.0
45,22,0,1,0,0.0
45,23,0,1,0,0.0
45,24,0,1,0,0.0
45,25,0,1,0,0.0
45,26,0,1,0,0.0
45,27,0,1,0,0.0
45,28,0,1,0,0.0
45,29,0,1,0,0.0
45,30,0,1,0,0.0
45,31,0,1,0,0.0
45,32,0,1,0,0.0
45,33,0,1,0,0.0
45,34,0,1,0,0.0
45,35,0,1,0,0.0
45,36,0,1,0,0.0
45,37,0,1,0,0.0
45,38,1,1,1,1.0
45,39,0,1,0,0.0
45,40,0,1,0,0.0
45,41,0,1,0,0.0
45,42,0,1,0,0.0
45,43,0,1,0,0.0
45,44,0,1,0,0.0
45,45,0,1,0,0.0
46,0,0,1,0,0.0
46,1,0,1,0,0.0
46,2,0,1,0,0.0
46,3,0,1,0,0.0
46,4,0,1,0,0.0
46,5,0,1,0,0.0
46,6,0,1,0,0.0
46,7,0,1,0,0.0
46,8,0,1,0,0.0
46,9,0,1,0,0.0
46,10,0,1,0,0.0
46,11,0,1,0,0.0
46,12,0,1,0,0.0
46,13,0,1,0,0.0
46,14,0,1,0,0.0
46,15,0,1,0,0.0
46,16,0,1,0,0.0
46,17,0,1,0,0.0
46,18,0,1,0,0.0
46,19,0,1,0,0.0
46,20,0,1,0,0.0
46,21,0,1,0,0.0
46,22,0,1,0,0.0
46,23,0,1,0,0.0
46,24,0,1,0,0.0
46,25,0,1,0,0.0
46,26,0,1,0,0.0
46,27,0,1,0,0.0
46,28,0,1,0,0.0
46,29,0,1,0,0.0
46,30,0,1,0,0.0
46,31,0,1,0,0.0
46,32,0,1,0,0.0
46,33,0,1,0,0.0
46,34,0,1,0,0.0
46,35,0,1,0,0.0
46,36,0,1,0,0.0
46,37,0,1,0,0.0
46,38,0,1,0,0.0
46,39,1,1,1,1.0
46,40,0,1,0,0.0
46,41,0,1,0,0.0
46,42,0,1,0,0.0
46,43,0,1,0,0.0
46,44,0,1,0,0.0
46,45,0,1,0,0.0
47,0,0,1,0,0.0
47,1,0,1,0,0.0
47,2,0,1,0,0.0
47,3,0,1,0,0.0
47,4,0,1,0,0.0
47,5,0,1,0,0.0
47,6,0,1,0,0.0
47,7,0,1,0,0.0
47,8,0,1,0,0.0
47,9,0,1,0,0.0
47,10,0,1,0,0.0
47,11,0,1,0,0.0
47,12,0,1,0,0.0
47,13,0,1,0,0.0
47,14,0,1,0,0.0
47,15,0,1,0,0.0
47,16,0,1,0,0.0
47,17,0,1,0,0.0
47,18,0,1,0,0.0
47,19,0,1,0,0.0
47,20,0,1,0,0.0
47,21,0,1,0,0.0
47,22,0,1,0,0.0
47,23,0,1,0,0.0
47,24,0,1,0,0.0
47,25,0,1,0,0.0
47,26,0,1,0,0.0
47,27,0,1,0,0.0
47,28,0,1,0,0.0
47,29,0,1,0,0.0
47,30,0,1,0,0.0
47,31,0,1,0,0.0
47,32,0,1,0,0.0
47,33,0,1,0,0.0
47,34,0,1,0,0.0
47,35,0,1,0,0.0
47,36,0,1,0,0.0
47,37,0,1,0,0.0
47,38,0,1,0,0.0
47,39,0,1,0,0.0
47,40,1,1,1,1.0
47,41,0,1,0,0.0
47,42,0,1,0,0.0
47,43,0,1,0,0.0
47,44,0,1,0,0.0
47,45,0,1,0,0.0
48,0,0,1,0,0.0
48,1,0,1,0,0.0
48,2,0,1,0,0.0
48,3,0,1,0,0.0
48,4,0,1,0,0.0
48,5,0,1,0,0.0
48,6,0,1,0,0.0
48,7,0,1,0,0.0
48,8,0,1,0,0.0
48,9,0,1,0,0.0
48,10,0,1,0,0.0
48,11,0,1,0,0.0
48,12,0,1,0,0.0
48,13,0,1,0,0.0
48,14,0,1,0,0.0
48,15,0,1,0,0.0
48,16,0,1,0,0.0
48,17,0,1,0,0.0
48,18,0,1,0,0.0
48,19,0,1,0,0.0
48,20,0,1,0,0.0
48,21,0,1,0,0.0
48,22,0,1,0,0.0
48,23,0,1,0,0.0
48,24,0,1,0,0.0
48,25,0,1,0,0.0
48,26,0,1,0,0.0
48,27,0,1,0,0.0
48,28,0,1,0,0.0
48,29,0,1,0,0.0
48,30,0,1,0,0.0
48,31,0,1,0,0.0
48,32,0,1,0,0.0
48,33,0,1,0,0.0
48,34,0,1,0,0.0
48,35,0,1,0,0.0
48,36,0,1,0,0.0
48,37,0,1,0,0.0
48,38,0,1,0,0.0
48,39,0,1,0,0.0
48,40,0,1,0,0.0
48,41,1,1,1,1.0
48,42,0,1,0,0.0
48,43,0,1,0,0.0
48,44,0,1,0,0.0
48,45,0,1,0,0.0
49,0,0,1,0,0.0
49,1,0,1,0,0.0
49,2,0,1,0,0.0
49,3,0,1,0,0.0
49,4,0,1,0,0.0
49,5,0,1,0,0.0
49,6,0,1,0,0.0
49,7,0,1,0,0.0
49,8,0,1,0,0.0
49,9,0,1,0,0.0
49,10,0,1,0,0.0
49,11,0,1,0,0.0
49,12,0,1,0,0.0
49,13,0,1,0,0.0
49,14,0,1,0,0.0
49,15,0,1,0,0.0
49,16,0,1,0,0.0
49,17,0,1,0,0.0
49,18,0,1,0,0.0
49,19,0,1,0,0.0
49,20,0,1,0,0.0
49,21,0,1,0,0.0
49,22,0,1,0,0.0
49,23,0,1,0,0.0
49,24,0,1,0,0.0
49,25,0,1,0,0.0
49,26,0,1,0,0.0
49,27,0,1,0,0.0
49,28,0,1,0,0.0
49,29,0,1,0,0.0
49,30,0,1,0,0.0
49,31,0,1,0,0.0
49,32,0,1,0,0.0
49,33,0,1,0,0.0
49,34,0,1,0,0.0
49,35,0,1,0,0.0
49,36,0,1,0,0.0
49,37,0,1,0,0.0
49,38,0,1,0,0.0
49,39,0,1,0,0.0
49,40,0,1,0,0.0
49,41,0,1,0,0.0
49,42,1,1,1,1.0
49,43,0,1,0,0.0
49,44,0,1,0,0.0
49,45,0,1,0,0.0
50,0,0,1,0,0.0
50,1,0,1,0,0.0
50,2,0,1,0,0.0
50,3,0,1,0,0.0
50,4,0,1,0,0.0
50,5,0,1,0,0.0
50,6,0,1,0,0.0
50,7,0,1,0,0.0
50,8,0,1,0,0.0
50,9,0,1,0,0.0
50,10,0,1,0,0.0
50,11,0,1,0,0.0
50,12,0,1,0,0.0
50,13,0,1,0,0.0
50,14,0,1,0,0.0
50,15,0,1,0,0.0
50,16,0,1,0,0.0
50,17,0,1,0,0.0
50,18,0,1,0,0.0
50,19,0,1,0,0.0
50,20,0,1,0,0.0
50,21,0,1,0,0.0
50,22,0,1,0,0.0
50,23,0,1,0,0.0
50,24,0,1,0,0.0
50,25,0,1,0,0.0
50,26,0,1,0,0.0
50,27,0,1,0,0.0
50,28,0,1,0,0.0
50,29,0,1,0,0.0
50,30,0,1,0,0.0
50,31,0,1,0,0.0
50,32,0,1,0,0.0
50,33,0,1,0,0.0
50,34,0,1,0,0.0
50,35,0,1,0,0.0
50,36,0,1,0,0.0
50,37,0,1,0,0.0
50,38,0,1,0,0.0
50,39,0,1,0,0.0
50,40,0,1,0,0.0
50,41,0,1,0,0.0
50,42,0,1,0,0.0
50,43,0,1,0,0.0
50,44,0,1,0,0.0
50,45,0,1,0,0.0
51,0,1301,77038,1301/77038,0.016887769672109868
51,1,349,45096,349/45096,0.007739045591626752
51,2,-1644,54037,-1644/54037,-0.030423598645372616
51,3,323,22465,323/22465,0.014377921210772313
51,4,1591,34724,1591/34724,0.04581845409515033
51,5,-6167,89489,-6167/89489,-0.06891349774832661
51,6,-5426,59037,-5426/59037,-0.09190846418347816
51,7,1629,65017,1629/65017,0.02505498561914576
51,8,2206,32139,2206/32139,0.06863934783285106
51,9,137,84155,137/84155,0.0016279484284950389
51,10,-704,63757,-704/63757,-0.011041924808256349
51,11,-898,78623,-898/78623,-0.011421594189995294
51,12,-43,19424,-43/19424,-0.0022137561779242173
51,13,-805,75846,-805/75846,-0.010613611792316008
51,14,-657,24964,-657/24964,-0.026317897772792823
51,15,57,38756,57/38756,0.0014707400144493756
51,16,2711,93903,2711/93903,0.028870217138962546
51,17,-401,96138,-401/96138,-0.0041710873952027295
51,18,1765,69684,1765/69684,0.02532862637047242
51,19,2585,96203,2585/96203,0.02687026392108354
51,20,4069,71436,4069/71436,0.05696007615208019
51,21,5303,58392,5303/58392,0.0908172352377038
51,22,2329,60037,2329/60037,0.03879274447424089
51,23,4606,57319,4606/57319,0.08035729862698232
51,24,701,77008,701/77008,0.009102950342821525
51,25,3844,24579,3844/24579,0.1563936693925709
51,26,1901,24589,1901/24589,0.07731099272032209
51,27,7097,94317,7097/94317,0.07524624404932302
51,28,6601,60531,6601/60531,0.10905156035750277
51,29,-673,8411,-673/8411,-0.08001426703126857
51,30,-6631,93040,-6631/93040,-0.07127042132416166
51,31,-16269,96863,-16269/96863,-0.16795886974386504
51,32,-4821,30238,-4821/30238,-0.15943514782723725
51,33,-2611,16418,-2611/16418,-0.15903276891216958
51,34,-15683,51948,-15683/51948,-0.3018980518980519
51,35,-23453,78981,-23453/78981,-0.29694483483369416
51,36,-14300,51333,-14300/51333,-0.2785732374885551
51,37,-19980,84757,-19980/84757,-0.23573274183843224
51,38,-28547,50438,-28547/50438,-0.5659819977001467
51,39,-4733,8909,-4733/8909,-0.5312605230665619
51,40,-37217,70069,-37217/70069,-0.5311478685295923
51,41,-41373,78784,-41373/78784,-0.5251446994313567
51,42,-63343,94184,-63343/94184,-0.6725452306124182
51,43,-34931,37697,-34931/37697,-0.9266254609120089
51,44,-40101,44554,-40101/44554,-0.9000538672173093
51,45,-48217,64489,-48217/64489,-0.7476778985563429
52,0,0,1,0,0.0
52,1,0,1,0,0.0
52,2,0,1,0,0.0
52,3,0,1,0,0.0
52,4,0,1,0,0.0
52,5,0,1,0,0.0
52,6,0,1,0,0.0
52,7,0,1,0,0.0
52,8,0,1,0,0.0
52,9,0,1,0,0.0
52,10,0,1,0,0.0
52,11,0,1,0,0.0
52,12,0,1,0,0.0
52,13,0,1,0,0.0
52,14,0,1,0,0.0
52,15,0,1,0,0.0
52,16,0,1,0,0.0
52,17,0,1,0,0.0
52,18,0,1,0,0.0
52,19,0,1,0,0.0
52,20,0,1,0,0.0
52,21,0,1,0,0.0
52,22,0,1,0,0.0
52,23,0,1,0,0.0
52,24,0,1,0,0.0
52,25,0,1,0,0.0
52,26,0,1,0,0.0
52,27,0,1,0,0.0
52,28,0,1,0,0.0
52,29,0,1,0,0.0
52,30,0,1,0,0.0
52,31,0,1,0,0.0
52,32,0,1,0,0.0
52,33,0,1,0,0.0
52,34,0,1,0,0.0
52,35,0,1,0,0.0
52,36,0,1,0,0.0
52,37,0,1,0,0.0
52,38,0,1,0,0.0
52,39,0,1,0,0.0
52,40,0,1,0,0.0
52,41,0,1,0,0.0
52,42,0,1,0,0.0
52,43,1,1,1,1.0
52,44,0,1,0,0.0
52,45,0,1,0,0.0
53,0,0,1,0,0.0
53,1,0,1,0,0.0
53,2,0,1,0,0.0
53,3,0,1,0,0.0
53,4,0,1,0,0.0
53,5,0,1,0,0.0
53,6,0,1,0,0.0
53,7,0,1,0,0.0
53,8,0,1,0,0.0
53,9,0,1,0,0.0
53,10,0,1,0,0.0
53,11,0,1,0,0.0
53,12,0,1,0,0.0
53,13,0,1,0,0.0
53,14,0,1,0,0.0
53,15,0,1,0,0.0
53,16,0,1,0,0.0
53,17,0,1,0,0.0
53,18,0,1,0,0.0
53,19,0,1,0,0.0
53,20,0,1,0,0.0
53,21,0,1,0,0.0
53,22,0,1,0,0.0
53,23,0,1,0,0.0
53,24,0,1,0,0.0
53,25,0,1,0,0.0
53,26,0,1,0,0.0
53,27,0,1,0,0.0
53,28,0,1,0,0.0
53,29,0,1,0,0.0
53,30,0,1,0,0.0
53,31,0,1,0,0.0
53,32,0,1,0,0.0
53,33,0,1,0,0.0
53,34,0,1,0,0.0
53,35,0,1,0,0.0
53,36,0,1,0,0.0
53,37,0,1,0,0.0
53,38,0,1,0,0.0
53,39,0,1,0,0.0
53,40,0,1,0,0.0
53,41,0,1,0,0.0
53,42,0,1,0,0.0
53,43,0,1,0,0.0
53,44,1,1,1,1.0
53,45,0,1,0,0.0
54,0,0,1,0,0.0
54,1,0,1,0,0.0
54,2,0,1,0,0.0
54,3,0,1,0,0.0
54,4,0,1,0,0.0
54,5,0,1,0,0.0
54,6,0,1,0,0.0
54,7,0,1,0,0.0
54,8,0,1,0,0.0
54,9,0,1,0,0.0
54,10,0,1,0,0.0
54,11,0,1,0,0.0
54,12,0,1,0,0.0
54,13,0,1,0,0.0
54,14,0,1,0,0.0
54,15,0,1,0,0.0
54,16,0,1,0,0.0
54,17,0,1,0,0.0
54,18,0,1,0,0.0
54,19,0,1,0,0.0
54,20,0,1,0,0.0
54,21,0,1,0,0.0
54,22,0,1,0,0.0
54,23,0,1,0,0.0
54,24,0,1,0,0.0
54,25,0,1,0,0.0
54,26,0,1,0,0.0
54,27,0,1,0,0.0
54,28,0,1,0,0.0
54,29,0,1,0,0.0
54,30,0,1,0,0.0
54,31,0,1,0,0.0
54,32,0,1,0,0.0
54,33,0,1,0,0.0
54,34,0,1,0,0.0
54,35,0,1,0,0.0
54,36,0,1,0,0.0
54,37,0,1,0,0.0
54,38,0,1,0,0.0
54,39,0,1,0,0.0
54,40,0,1,0,0.0
54,41,0,1,0,0.0
54,42,0,1,0,0.0
54,43,0,1,0,0.0
54,44,0,1,0,0.0
54,45,1,1,1,1.0
55,0,-151,47986,-151/47986,-0.0031467511357479265
55,1,-119,60831,-119/60831,-0.0019562394174023113
55,2,291,41095,291/41095,0.007081153424990875
55,3,-10,96119,-10/96119,-0.00010403770326366275
55,4,25,96852,25/96852,0.0002581258001899806
55,5,-27,23152,-27/23152,-0.0011662059433310296
55,6,9,68965,9/68965,0.0001305009787573407
55,7,-13,27557,-13/27557,-0.0004717494647457996
55,8,311,85163,311/85163,0.003651820626328335
55,9,-99,97006,-99/97006,-0.001020555429561058
55,10,215,97551,215/97551,0.0022039753564802
55,11,-17,79666,-17/79666,-0.00021339090703687897
55,12,1,678,1/678,0.0014749262536873156
55,13,-5,1726,-5/1726,-0.0028968713789107765
55,14,19,97597,19/97597,0.0001946781151059971
55,15,-241,70449,-241/70449,-0.0034209144203608283
55,16,1,15828,1/15828,6.317917614354308e-05
55,17,-1,907,-1/907,-0.0011025358324145535
55,18,8,75991,8/75991,0.0001052756247450356
55,19,11,31759,11/31759,0.0003463585125476243
55,20,266,53997,266/53997,0.004926199603681686
55,21,-11,90074,-11/90074,-0.00012212181095543664
55,22,-41,56144,-41/56144,-0.0007302650327728697
55,23,-251,94552,-251/94552,-0.0026546239106523396
55,24,-1133,53422,-1133/53422,-0.021208490883905508
55,25,21,65950,21/65950,0.00031842304776345717
55,26,233,80325,233/80325,0.0029007158418923123
55,27,1283,89164,1283/89164,0.01438921537840384
55,28,8094,83659,8094/83659,0.09674990138538592
55,29,-68,58391,-68/58391,-0.0011645630319741056
55,30,-4,3005,-4/3005,-0.0013311148086522463
55,31,18,51737,18/51737,0.000347913485513269
55,32,176,91381,176/91381,0.0019260021229796128
55,33,245,36461,245/36461,0.006719508515948548
55,34,2,87933,2/87933,2.274458963074159e-05
55,35,-34,42711,-34/42711,-0.0007960478565240804
55,36,-708,92191,-708/92191,-0.007679708431408706
55,37,-2558,66735,-2558/66735,-0.038330711021203265
55,38,51,77081,51/77081,0.0006616416496931799
55,39,27,15892,27/15892,0.0016989680342310597
55,40,407,64601,407/64601,0.006300212071020573
55,41,851,22815,851/22815,0.03730002191540653
55,42,11422,57163,11422/57163,0.19981456536570857
55,43,-369,83474,-369/83474,-0.004420538131633802
55,44,-2812,97573,-2812/97573,-0.028819448003033626
55,45,-1142,6465,-1142/6465,-0.17664346481051818
