start_id,sigma,target_gap,success,iteration_count,evaluation_count,tangent_stationarity_residual,f0,f1,f2,f3
0,0.3333333333333339,-6.106226635438361e-16,True,8,10,1.1401058387390287e-09,0.6934929708259201,0.3952414467428101,0.1666666616388116,-0.5788557005764593
1,0.3333333333333333,0.0,True,13,14,2.5793567490813386e-12,0.6779376857798832,-0.16648447339615022,0.6666666666739972,-0.2612258981479521
2,0.33333333333333326,5.551115123125783e-17,True,9,11,3.2313253251393837e-10,-0.05559819372811465,0.9284162968282789,0.16666666525094073,0.3273747750392004
3,0.3333333333333334,-1.1102230246251565e-16,True,0,1,6.860393171804274e-16,0.0,0.0,1.0,0.0
4,0.33333333333333304,2.7755575615628914e-16,True,9,11,1.040846157575401e-11,-0.08670876091563694,-0.19503554192371494,0.16666666664277568,0.9626343804358869
5,0.3333333333333333,0.0,True,14,17,1.4200620147832175e-10,-0.05559819322247225,0.9284162964075996,0.16666666717225373,0.3273747753399548
6,0.33333333333333304,2.7755575615628914e-16,True,12,13,4.6220431358628045e-11,-0.08670876069684925,-0.19503554163601355,0.1666666669363534,0.9626343804630553
7,0.33333333333333387,-5.551115123125783e-16,True,14,17,3.0856977700077137e-10,0.6223394944423781,0.7619318221162369,-0.1666666674159221,0.0661488781182773
8,0.33333333333333337,-5.551115123125783e-17,True,10,12,2.186362454165287e-11,-0.6067842091751823,-0.20020590401837188,0.6666666667477372,-0.3837786796309772
9,0.33333333333333326,5.551115123125783e-17,True,9,13,4.637956731578556e-10,0.6779376840291564,-0.16648447451809298,0.66666666820817,-0.2612258980611141
10,0.333333333333333,3.3306690738754696e-16,True,11,12,2.127998554235869e-10,-0.08670875906445542,-0.19503554213045576,0.16666666614820005,0.9626343806463729
11,0.3333333333333337,-3.885780586188048e-16,True,11,12,5.33967303571497e-10,0.6223394928436834,0.7619318232094101,-0.1666666686837557,0.06614887737301565
12,0.33333333333333315,1.6653345369377348e-16,True,18,28,8.075501477157858e-10,0.5912289259108233,-0.36152001124355493,-0.1666666680553855,0.7014084832650018
13,0.33333333333333304,2.7755575615628914e-16,True,13,16,6.870165945803773e-10,0.5912289234068876,-0.3615200193871622,-0.16666666244710052,0.7014084825108567
14,0.333333333333334,-6.661338147750939e-16,True,9,14,4.744158473953027e-10,0.6223394926403343,0.7619318232404634,-0.16666666796886828,0.06614888072968386
15,0.33333333333333387,-5.551115123125783e-16,True,10,12,2.236916950288293e-10,0.622339493011093,0.7619318231409365,-0.16666666781938716,0.06614887876454345
16,0.333333333333333,3.3306690738754696e-16,True,11,12,2.4592342850068125e-13,-0.6623824015270111,0.7282103926326534,-0.16666666666596774,-0.05640390439997438
17,0.3333333333333331,2.220446049250313e-16,True,12,26,8.664472688911978e-10,-0.6623824016752282,0.7282103915173662,-0.1666666711430133,-0.0564039038293238
18,0.33333333333333304,2.7755575615628914e-16,True,13,31,4.45219687228897e-10,-0.08670876073704938,-0.1950355410057339,0.16666666574272704,0.9626343807937924
19,0.33333333333333337,-5.551115123125783e-17,True,13,15,2.6256772839517477e-10,-0.6067842089340681,-0.20020590211960218,0.6666666667462452,-0.38377868100532153
20,0.33333333333333337,-5.551115123125783e-17,True,12,14,7.121067388128982e-11,3.7238568585680204e-11,-2.5930648123210754e-10,1.0,-3.735176659123432e-11
21,0.33333333333333304,2.7755575615628914e-16,True,13,15,6.096312789218624e-12,0.5912289249830442,-0.36152001534555916,-0.16666666665120303,0.7014084822664446
22,0.33333333333333337,-5.551115123125783e-17,True,11,14,7.04502752508465e-11,-0.07115347667906462,0.36669037781817376,0.6666666664293106,0.6450045778473802
23,0.33333333333333387,-5.551115123125783e-16,True,11,13,1.3963138801260628e-11,0.6934929700862905,0.3952414457690477,0.16666666676303415,-0.5788557006520605
24,0.3333333333333335,-1.6653345369377348e-16,True,8,20,6.146789558365575e-11,-0.055598192531808636,0.9284162964419975,0.16666666700691068,0.32737477544387655
25,0.3333333333333338,-4.996003610813204e-16,True,11,12,1.9141392682901723e-10,0.6223394945706537,0.7619318221471534,-0.16666666729794513,0.0661488768525802
26,0.33333333333333387,-5.551115123125783e-16,True,11,12,1.0800702879810556e-09,0.6934929719649541,0.39524145039121733,0.16666666785584563,-0.5788556949306893
27,0.33333333333333387,-5.551115123125783e-16,True,9,11,5.232389030869782e-11,0.6934929701737358,0.39524144570586783,0.16666666700612914,-0.5788557005204439
28,0.33333333333333304,2.7755575615628914e-16,True,12,15,5.466165290354539e-13,0.5912289249586191,-0.3615200153169,-0.16666666666355925,0.7014084822988683
29,0.33333333333333337,-5.551115123125783e-17,True,13,15,2.5419304048056892e-12,0.67793768577719,-0.1664844734097841,0.6666666666777471,-0.26122589813668234
30,0.3333333333333339,-6.106226635438361e-16,True,14,22,1.8521396344513307e-10,0.6223394939170042,0.7619318226057696,-0.16666666760890916,0.06614887693618372
31,0.33333333333333304,2.7755575615628914e-16,True,9,36,1.6849892861570052e-09,-0.6623824023795827,0.7282103901694497,-0.16666667250596962,-0.05640390893279113
32,0.3333333333333338,-4.996003610813204e-16,True,10,12,6.429065114872132e-12,0.6934929700261145,0.3952414458111166,0.16666666665118293,-0.5788557007276339
33,0.3333333333333333,0.0,True,10,12,4.097861078209945e-11,-0.07115347648781813,0.36669037755671946,0.6666666665609393,0.6450045778810669
34,0.33333333333333337,-5.551115123125783e-17,True,13,23,9.247124603231554e-10,0.6779376838133598,-0.16648447283035134,0.666666667786464,-0.2612259007730085
35,0.3333333333333329,3.885780586188048e-16,True,10,11,3.930020429443043e-12,-0.0867087608275738,-0.1950355418934729,0.16666666669395983,0.9626343804410845
36,0.3333333333333339,-6.106226635438361e-16,True,13,15,7.679904131305661e-11,0.622339493923275,0.7619318227624478,-0.16666666687542,0.06614887692057538
37,0.33333333333333304,2.7755575615628914e-16,True,12,13,5.118207063924658e-11,-0.08670876103239397,-0.19503554166910217,0.16666666698914004,0.9626343804169879
38,0.3333333333333329,3.885780586188048e-16,True,15,18,1.4642147528856155e-13,-0.08670876083143658,-0.19503554191320835,0.16666666666637137,0.9626343804415145
39,0.33333333333333315,1.6653345369377348e-16,True,13,14,3.4723827197486477e-12,0.5912289249672251,-0.3615200153345263,-0.166666666651161,0.7014084822854754
40,0.3333333333333333,0.0,True,10,11,1.5341743702005163e-12,-0.055598192299613505,0.928416296544735,0.16666666667317115,0.32737477536185944
41,0.333333333333333,3.3306690738754696e-16,True,13,15,1.8973706665263404e-11,-0.08670876088141677,-0.19503554191586978,0.16666666673957334,0.9626343804237995
42,0.3333333333333329,3.885780586188048e-16,True,13,15,8.480065410179871e-12,-0.08670876079184017,-0.1950355419311378,0.16666666667761967,0.9626343804395009
43,0.33333333333333387,-5.551115123125783e-16,True,12,15,2.788939248834312e-11,0.6934929699318071,0.3952414459001414,0.16666666659275575,-0.5788557007966549
44,0.3333333333333329,3.885780586188048e-16,True,12,14,6.6360108027512174e-12,-0.6623824015036959,0.7282103926533702,-0.16666666667593005,-0.056403904376872226
45,0.3333333333333329,3.885780586188048e-16,True,14,17,9.700099623059178e-11,-0.6623824014322616,0.7282103926785386,-0.16666666670593905,-0.05640390480215168
46,0.33333333333333337,-5.551115123125783e-17,True,12,14,1.4129038377978751e-09,-0.6067842116811746,-0.2002059040960418,0.6666666666835669,-0.38377867573976004
47,0.33333333333333326,5.551115123125783e-17,True,12,13,9.13615402784688e-11,0.6779376852798443,-0.16648447326161603,0.6666666672592038,-0.26122589803791507
48,0.3333333333333335,-1.6653345369377348e-16,True,10,12,1.0583955550771682e-10,-0.07115347625669664,0.36669037742390354,0.6666666666355061,0.645004577904999
49,0.3333333333333331,2.220446049250313e-16,True,11,12,3.519145987992262e-11,0.5912289249292024,-0.36152001534105616,-0.16666666677998557,0.7014084822835488
50,0.333333333333334,-6.661338147750939e-16,True,12,14,1.8659405253539177e-11,0.6223394933882305,0.7619318232081947,-0.16666666669116725,0.06614887728429195
51,0.33333333333333287,4.440892098500626e-16,True,13,22,4.172477162037921e-14,-0.6623824015282332,0.7282103926313178,-0.16666666666663327,-0.05640390440089936
52,0.3333333333333333,0.0,True,13,18,5.854704892906978e-11,-0.055598192300858294,0.9284162965619127,0.16666666680553865,0.3273747752455444
53,0.3333333333333333,0.0,True,12,13,2.483110458771048e-11,0.6779376857066861,-0.166484473302514,0.666666666791721,-0.26122589809715185
54,0.33333333333333315,1.6653345369377348e-16,True,14,59,4.223162015449932e-10,-0.0867087595825451,-0.19503554191007896,0.1666666650125418,0.9626343808409793
55,0.3333333333333329,3.885780586188048e-16,True,11,13,6.8720904466192784e-12,-0.08670876077640333,-0.1950355419319287,0.16666666665433497,0.9626343804447627
56,0.33333333333333337,-5.551115123125783e-17,True,12,13,4.3372274807737133e-11,-0.07115347665318172,0.3666903775976204,0.6666666665578056,0.6450045778428114
57,0.33333333333333387,-5.551115123125783e-16,True,13,17,2.436260825856859e-10,0.6934929703802326,0.3952414468693028,0.16666666690823848,-0.5788556995068461
58,0.3333333333333334,-1.1102230246251565e-16,True,9,28,3.665910120375656e-10,-0.05559819220258316,0.9284162971455817,0.1666666663334586,0.32737477384731917
59,0.3333333333333331,2.220446049250313e-16,True,10,16,1.8370878916259947e-09,0.5912289216269714,-0.36152001887577695,-0.1666666694623166,0.7014084826078206
60,0.3333333333333333,0.0,True,9,11,4.349093784508832e-12,-0.606784209236494,-0.20020590391855975,0.6666666666498325,-0.38377867975617946
61,0.333333333333333,3.3306690738754696e-16,True,10,12,4.336008770593758e-11,-0.086708760977671,-0.1950355416677317,0.16666666692994592,0.9626343804324433
62,0.33333333333333376,-4.440892098500626e-16,True,12,15,3.69277401001583e-09,0.6934929813594447,0.39524146091499546,0.1666666701407398,-0.5788556758322121
63,0.33333333333333337,-5.551115123125783e-17,True,14,15,4.134868515690363e-10,-0.6067842088793866,-0.20020590703715807,0.6666666668484839,-0.383778678348835
64,0.33333333333333326,5.551115123125783e-17,True,17,23,1.4051387171719057e-10,-0.07115347693311291,0.3666903768649899,0.666666666966543,0.6450045778059726
65,0.3333333333333333,0.0,True,9,10,5.327822148072818e-10,-0.07115347636017391,0.36669037889033324,0.6666666693434486,0.6450045742610195
66,0.3333333333333339,-6.106226635438361e-16,True,12,14,5.747557708464294e-11,0.6934929700674509,0.39524144551789214,0.1666666667399209,-0.5788557008527746
67,0.3333333333333328,4.996003610813204e-16,True,13,16,5.265163919041293e-11,-0.6623824015317723,0.7282103926842871,-0.1666666664161108,-0.05640390441573351
68,0.3333333333333333,0.0,True,13,14,5.9300949901499e-11,9.323123638184447e-11,-2.1736119486439753e-11,1.0,2.836118746783536e-10
69,0.3333333333333334,-1.1102230246251565e-16,True,11,13,5.2678825090165245e-11,-0.606784209435933,-0.20020590395055948,0.666666666473691,-0.38377867973013513
70,0.33333333333333326,5.551115123125783e-17,True,11,12,1.4251204431945024e-11,-2.183519839889205e-11,2.906064307250608e-11,1.0,1.0088819594502066e-10
71,0.33333333333333354,-2.220446049250313e-16,True,12,24,4.4650215976903687e-10,-0.05559819608259299,0.928416296071743,0.16666666774383934,0.32737477551569544
72,0.33333333333333304,2.7755575615628914e-16,True,15,18,1.3174886441569153e-10,0.5912289247009831,-0.3615200155570925,-0.1666666668662715,0.7014084823440662
73,0.3333333333333334,-1.1102230246251565e-16,True,17,21,6.599492987596923e-11,-0.05559819180420858,0.9284162966483173,0.1666666665518339,0.327374775214014
74,0.3333333333333331,2.220446049250313e-16,True,10,18,4.1230284511070155e-10,-0.6623824012315739,0.7282103933255114,-0.1666666640166207,-0.05640390675271774
75,0.33333333333333387,-5.551115123125783e-16,True,13,15,2.5107035185276287e-10,0.622339493084527,0.76193182352449,-0.1666666667087283,0.06614887645411138
76,0.3333333333333328,4.996003610813204e-16,True,12,16,1.050068514169444e-12,-0.6623824015317187,0.7282103926283123,-0.1666666666644022,-0.05640390440536217
77,0.33333333333333354,-2.220446049250313e-16,True,10,46,7.599423961568719e-11,3.162890696362805e-10,-2.514437246313866e-10,1.0,-5.326949640198785e-10
78,0.33333333333333326,5.551115123125783e-17,True,8,10,9.703665857245802e-10,0.6779376838660515,-0.16648447872643615,0.6666666677068525,-0.26122589708174376
79,0.3333333333333334,-1.1102230246251565e-16,True,10,11,1.0450280571694546e-11,4.1151086038281856e-11,-2.5592345036684974e-11,1.0,-7.085302425581284e-11
80,0.3333333333333334,-1.1102230246251565e-16,True,12,17,3.667336436671536e-11,-0.606784209304327,-0.20020590401623034,0.6666666666299658,-0.3837786796324891
81,0.33333333333333387,-5.551115123125783e-16,True,11,15,4.921467166615314e-13,0.6934929700492404,0.3952414458259752,0.16666666666947896,-0.5788557006845153
82,0.3333333333333334,-1.1102230246251565e-16,True,11,12,4.569204570979677e-11,-0.05559819248294547,0.9284162965413015,0.16666666654858123,0.32737477540389
83,0.3333333333333338,-4.996003610813204e-16,True,14,20,1.093488527063838e-10,0.622339493339561,0.7619318233859761,-0.16666666607865988,0.06614887723767161
84,0.33333333333333337,-5.551115123125783e-17,True,10,11,3.092864640425442e-10,-0.05559819357489085,0.9284162969101036,0.16666666514708686,0.32737477488604433
85,0.333333333333333,3.3306690738754696e-16,True,10,11,1.5275012254148752e-10,-0.662382401636321,0.7282103926531546,-0.16666666581605283,-0.05640390536300117
86,0.3333333333333329,3.885780586188048e-16,True,9,10,1.4436131925874215e-10,-0.08670876055093739,-0.19503554247893515,0.16666666660658136,0.9626343803625125
87,0.33333333333333315,1.6653345369377348e-16,True,10,12,2.378567174936399e-10,0.5912289253241059,-0.3615200162869629,-0.16666666688468929,0.7014084814382594
88,0.3333333333333331,2.220446049250313e-16,True,10,12,1.7251400859980052e-10,0.5912289249103145,-0.3615200162162054,-0.16666666642611724,0.7014084819324854
89,0.33333333333333326,5.551115123125783e-17,True,12,15,7.757440771639916e-12,5.854378689370959e-11,-1.209514891494038e-11,1.0,-3.133936654171558e-11
90,0.3333333333333334,-1.1102230246251565e-16,True,12,14,3.55840658811592e-11,-0.07115347660553821,0.36669037755009637,0.6666666664705326,0.6450045779652888
91,0.33333333333333337,-5.551115123125783e-17,True,9,16,2.620681505366383e-09,1.1198907244664845e-08,3.3137628611426188e-09,1.0,-7.3380978852863866e-09
92,0.3333333333333335,-1.6653345369377348e-16,True,10,15,4.974869230554959e-10,-2.494585184355102e-09,-3.2583933043692807e-10,1.0,-2.596280326254664e-09
93,0.33333333333333404,-7.216449660063518e-16,True,9,11,1.1106141341419063e-10,0.6223394929629652,0.7619318235993362,-0.16666666651030107,0.06614887723562514
94,0.33333333333333337,-5.551115123125783e-17,True,11,12,3.0149974497993683e-10,-1.8622704221128364e-11,-1.2400214595583864e-09,1.0,-2.3969144741870803e-09
95,0.33333333333333376,-4.440892098500626e-16,True,13,18,2.939836673453731e-12,0.693492970037638,0.39524144581789056,0.16666666666552232,-0.5788557007050745
96,0.3333333333333334,-1.1102230246251565e-16,True,10,12,5.4927147462252e-10,-0.6067842098322825,-0.2002059057365486,0.6666666669887689,-0.3837786772770301
97,0.3333333333333331,2.220446049250313e-16,True,12,16,2.6321718796853255e-10,0.5912289237630195,-0.3615200151430868,-0.16666666550942416,0.7014084836704884
98,0.3333333333333333,0.0,True,10,11,2.374558153481533e-10,-0.05559819232629465,0.9284162967652785,0.16666666555826656,0.32737477529947806
99,0.33333333333333387,-5.551115123125783e-16,True,15,21,1.702030637563712e-11,0.6934929700843488,0.39524144583367615,0.16666666661821364,-0.5788557006519561
100,0.3333333333333329,3.885780586188048e-16,True,15,18,3.6784046521112746e-11,-0.6623824016385096,0.7282103925425428,-0.16666666656823959,-0.05640390454274631
101,0.33333333333333326,5.551115123125783e-17,True,8,12,6.07874112842938e-11,0.6779376857955584,-0.16648447368591235,0.6666666665693317,-0.2612258981897148
102,0.3333333333333334,-1.1102230246251565e-16,True,14,39,1.2652226341948672e-09,-0.07115347429709516,0.36669038303063856,0.6666666612891153,0.645004580459643
103,0.33333333333333337,-5.551115123125783e-17,True,11,16,1.39538195743349e-09,-0.6067842142544854,-0.2002059109272231,0.6666666587752994,-0.3837786818450785
104,0.33333333333333337,-5.551115123125783e-17,True,9,13,9.638130992328239e-10,-0.6067842073967461,-0.20020590411311823,0.6666666668468612,-0.38377868222120914
105,0.3333333333333333,0.0,True,14,17,2.679304425934999e-12,0.6779376857923729,-0.16648447340431985,0.6666666666582273,-0.2612258981505781
106,0.3333333333333334,-1.1102230246251565e-16,True,11,37,1.1344694276072112e-09,-0.07115347421029204,0.3666903825675371,0.6666666695507066,0.6450045721934439
107,0.3333333333333331,2.220446049250313e-16,True,8,11,4.787133159856739e-10,0.5912289229036959,-0.3615200153640575,-0.16666666707920905,0.7014084839079261
108,0.3333333333333332,1.1102230246251565e-16,True,9,11,1.3144963945890427e-10,0.6779376861207241,-0.16648447353718113,0.6666666664374437,-0.2612258977772153
109,0.33333333333333287,4.440892098500626e-16,True,14,15,1.1089726455907143e-10,-0.6623824016291702,0.7282103924217247,-0.16666666706952601,-0.05640390473102211
110,0.33333333333333287,4.440892098500626e-16,True,10,21,2.67061900752691e-10,-0.662382401643182,0.7282103922796916,-0.16666666744866201,-0.05640390527991023
111,0.3333333333333331,2.220446049250313e-16,True,10,49,2.752588399205486e-10,-0.08670875931504239,-0.19503554287749264,0.16666666640954805,0.9626343804271985
112,0.33333333333333304,2.7755575615628914e-16,True,12,24,1.1646910692614073e-10,-0.6623824021053728,0.7282103920030606,-0.16666666698972607,-0.05640390477972946
113,0.33333333333333326,5.551115123125783e-17,True,13,15,3.1316021141804914e-12,0.6779376858003865,-0.1664844734133394,0.6666666666545714,-0.261225898133363
114,0.33333333333333326,5.551115123125783e-17,True,10,12,3.31279894123686e-11,0.677937685684774,-0.16648447323232743,0.6666666668255841,-0.2612258981123291
115,0.33333333333333376,-4.440892098500626e-16,True,10,12,4.7398759742258406e-11,0.6223394936050607,0.7619318229610461,-0.16666666696024712,0.06614887741311827
116,0.33333333333333326,5.551115123125783e-17,True,10,11,1.5993540125602235e-11,0.6779376858233158,-0.16648447337994549,0.6666666666073453,-0.2612258982156633
117,0.33333333333333354,-2.220446049250313e-16,True,12,23,8.907826057188967e-10,-0.055598191746404506,0.9284162979544542,0.16666666600034455,0.3273747718004636
118,0.33333333333333337,-5.551115123125783e-17,True,11,16,1.8314013963533585e-10,-0.05559819233744194,0.928416296620391,0.16666666598790822,0.32737477548974636
119,0.33333333333333337,-5.551115123125783e-17,True,10,11,6.997223260707659e-11,-0.05559819254268367,0.9284162965645686,0.16666666643041098,0.3273747753879212
120,0.333333333333334,-6.661338147750939e-16,True,10,11,6.28760967317496e-11,0.6223394933641356,0.7619318233467675,-0.1666666663074516,0.06614887688163744
121,0.33333333333333337,-5.551115123125783e-17,True,12,18,3.706835216258239e-10,-9.510966046551834e-10,9.143258899034054e-10,1.0,-5.900299622490941e-10
122,0.3333333333333333,0.0,True,10,18,1.7739114188806361e-10,-0.05559819382028358,0.9284162966016759,0.16666666657967505,0.32737477498972095
123,0.33333333333333337,-5.551115123125783e-17,True,9,13,3.112908063735811e-10,-0.6067842090995791,-0.2002059063482904,0.6666666666865331,-0.38377867864138165
124,0.3333333333333334,-1.1102230246251565e-16,True,11,12,2.603618456709426e-11,5.243804534242154e-11,-5.805154784395641e-11,1.0,5.3827955258997816e-11
125,0.33333333333333387,-5.551115123125783e-16,True,11,12,3.094665344020474e-11,0.6934929699081269,0.3952414458202007,0.16666666663293345,-0.5788557008680398
126,0.33333333333333326,5.551115123125783e-17,True,8,10,6.479765969552851e-10,0.6779376845743974,-0.1664844699604135,0.666666668944875,-0.26122589767067456
127,0.3333333333333333,0.0,True,12,14,7.670314423137151e-12,0.67793768578661,-0.16648447346195866,0.6666666666634307,-0.2612258981155205
128,0.3333333333333333,0.0,True,12,15,2.0281603986592913e-11,-5.951043657316318e-11,-4.0658885266067156e-11,1.0,4.1864910274169804e-11
129,0.33333333333333326,5.551115123125783e-17,True,10,11,5.871314476710055e-11,2.3017245109253037e-11,-2.1629194936961942e-10,1.0,-3.635516349742939e-11
130,0.3333333333333329,3.885780586188048e-16,True,12,13,8.742498224549548e-11,-0.08670876052823974,-0.19503554231686207,0.16666666610078165,0.9626343804849661
131,0.33333333333333337,-5.551115123125783e-17,True,14,25,2.1549448573748465e-09,0.6779376937180486,-0.16648446165044828,0.6666666587509789,-0.2612259052525605
132,0.33333333333333354,-2.220446049250313e-16,True,8,10,5.177198048928384e-11,-0.6067842089561695,-0.20020590381784215,0.6666666669607414,-0.3837786797118523
133,0.33333333333333287,4.440892098500626e-16,True,11,12,4.008797419429497e-11,-0.6623824014801695,0.72821039265416,-0.16666666671892993,-0.05640390451590283
134,0.33333333333333404,-7.216449660063518e-16,True,13,15,6.819615665643725e-12,0.6223394934753165,0.7619318231402586,-0.1666666667009516,0.06614887722283813
135,0.333333333333333,3.3306690738754696e-16,True,9,10,2.546608376493738e-11,-0.6623824015252815,0.7282103926084101,-0.16666666682242584,-0.056403904270966095
136,0.3333333333333334,-1.1102230246251565e-16,True,12,24,4.0803212212462294e-10,-0.07115347762147166,0.36669037719521214,0.6666666649206303,0.6450045796569263
137,0.3333333333333334,-1.1102230246251565e-16,True,10,13,2.482118332688778e-09,-0.055598193298552596,0.9284163040967471,0.1666666506699898,0.32737476192235854
138,0.33333333333333304,2.7755575615628914e-16,True,12,19,1.7963557222210787e-09,-0.0867087549301069,-0.19503554750713925,0.16666666738869965,0.9626343797146484
139,0.3333333333333332,1.1102230246251565e-16,True,12,14,1.2246004210440979e-11,0.5912289249024527,-0.36152001528737626,-0.16666666669207514,0.7014084823546534
140,0.3333333333333331,2.220446049250313e-16,True,9,15,7.818902962381165e-11,0.5912289247223357,-0.36152001559002894,-0.16666666613447362,0.7014084824829793
141,0.33333333333333315,1.6653345369377348e-16,True,12,22,8.995184685441463e-10,0.591228925582109,-0.3615200144538544,-0.16666666386030973,0.7014084828842494
142,0.3333333333333334,-1.1102230246251565e-16,True,12,35,9.630977645851716e-10,-2.5699205441254844e-09,4.7453823449250856e-09,1.0,6.018289604302524e-09
143,0.3333333333333333,0.0,True,11,13,2.454267141652287e-11,-0.07115347652650617,0.36669037715516817,0.6666666667062671,0.6450045779548756
144,0.33333333333333387,-5.551115123125783e-16,True,12,13,1.3839828420692083e-10,0.6934929699481127,0.39524144646420806,0.16666666661235613,-0.5788557003863332
145,0.33333333333333326,5.551115123125783e-17,True,16,21,3.475321853964775e-11,-1.2479753251640513e-10,-1.61103046417296e-10,1.0,-1.7962308121500028e-10
146,0.3333333333333334,-1.1102230246251565e-16,True,13,15,1.2745214651654096e-11,-5.4492696326295845e-11,5.7434865086595005e-11,1.0,5.302283294300757e-11
147,0.33333333333333404,-7.216449660063518e-16,True,11,13,1.3695089713016628e-11,0.6223394934460699,0.7619318231796139,-0.16666666665036553,0.06614887717213963
148,0.3333333333333339,-6.106226635438361e-16,True,12,16,5.207195738889769e-11,0.6223394934109819,0.7619318232429361,-0.1666666665723881,0.06614887696934697
149,0.3333333333333332,1.1102230246251565e-16,True,11,13,1.0231495351830193e-10,0.6779376857772632,-0.1664844731020455,0.6666666668344333,-0.26122589793274614
150,0.33333333333333304,2.7755575615628914e-16,True,14,21,1.814255139222698e-10,-0.08670876177867631,-0.19503554244748125,0.1666666667127608,0.9626343802399139
151,0.3333333333333331,2.220446049250313e-16,True,10,11,6.610401985659215e-11,0.5912289248687874,-0.36152001493291835,-0.166666667046725,0.701408482481454
152,0.33333333333333404,-7.216449660063518e-16,True,9,15,1.5238777968565013e-09,0.622339501126853,0.7619318160506465,-0.16666667062780008,0.06614887700322399
153,0.33333333333333326,5.551115123125783e-17,True,12,13,1.3292920441738798e-11,1.456900648587658e-11,6.665718327038779e-11,1.0,6.683122436197015e-11
154,0.33333333333333337,-5.551115123125783e-17,True,12,15,1.1298422360319275e-11,-0.055598192277702026,0.9284162965247769,0.16666666673629138,0.32737477539004606
155,0.33333333333333304,2.7755575615628914e-16,True,10,14,2.073351710254514e-10,0.5912289250384787,-0.36152001534228634,-0.16666666755965387,0.7014084820055413
156,0.333333333333334,-6.661338147750939e-16,True,10,14,1.437560338755357e-10,0.6934929702012754,0.39524144517510684,0.16666666764398613,-0.5788557006661983
157,0.33333333333333326,5.551115123125783e-17,True,14,18,2.3767246886696647e-10,1.727634277869291e-09,-6.677630890538452e-11,1.0,-7.568363424405122e-10
158,0.3333333333333334,-1.1102230246251565e-16,True,11,14,1.2332563016013972e-11,-0.055598192242435784,0.9284162965336028,0.16666666667518962,0.32737477540211285
159,0.33333333333333337,-5.551115123125783e-17,True,14,17,3.631440476677237e-11,-0.05559819240290995,0.9284162965524083,0.16666666675064862,0.3273747752831118
160,0.33333333333333287,4.440892098500626e-16,True,8,10,6.528816944997015e-11,-0.6623824015551651,0.7282103925308324,-0.16666666708222697,-0.05640390415392374
161,0.3333333333333333,0.0,True,8,10,9.116227821816442e-11,0.6779376855497372,-0.16648447382372297,0.6666666669957357,-0.2612258976516314
162,0.3333333333333334,-1.1102230246251565e-16,True,10,12,1.7469270582120137e-12,-0.6067842092152635,-0.20020590392666623,0.6666666666714907,-0.38377867974789515
163,0.3333333333333333,0.0,True,16,19,8.276651545816095e-12,-0.05559819229098619,0.9284162965717939,0.16666666662212543,0.32737477531257464
164,0.3333333333333331,2.220446049250313e-16,True,14,16,7.519290160357123e-12,0.5912289249647178,-0.36152001527349104,-0.16666666668303073,0.7014084823114747
165,0.33333333333333387,-5.551115123125783e-16,True,13,24,3.57617271327384e-11,0.6934929701195754,0.3952414456181755,0.16666666689832166,-0.5788557006762468
166,0.3333333333333341,-7.771561172376096e-16,True,11,31,1.494626935602479e-09,0.6223394900205398,0.7619318259861068,-0.166666663693226,0.06614888452438754
167,0.3333333333333331,2.220446049250313e-16,True,13,16,3.313853578140512e-11,0.5912289248792346,-0.3615200153676883,-0.16666666671348224,0.701408482327743
168,0.33333333333333387,-5.551115123125783e-16,True,10,13,5.074642248792598e-11,0.6223394935756831,0.7619318229806776,-0.16666666701272403,0.06614887733116417
169,0.3333333333333329,3.885780586188048e-16,True,10,11,2.962194915477521e-10,-0.6623824013005513,0.7282103929810205,-0.16666666670570685,-0.05640390244435205
170,0.3333333333333331,2.220446049250313e-16,True,10,12,8.821157595306796e-13,0.5912289249597955,-0.36152001531846656,-0.1666666666621371,0.7014084822974073
171,0.33333333333333337,-5.551115123125783e-17,True,9,11,5.7316496982080586e-12,-0.6067842092322637,-0.20020590388164908,0.666666666653919,-0.3837786797750242
172,0.33333333333333337,-5.551115123125783e-17,True,11,13,9.875067796684748e-12,-0.07115347654032295,0.3666903773153109,0.6666666666815456,0.6450045778878607
173,0.33333333333333337,-5.551115123125783e-17,True,14,18,2.982182495018184e-10,-0.6067842105379425,-0.20020590384413078,0.666666664744256,-0.38377868104751506
174,0.3333333333333338,-4.996003610813204e-16,True,11,13,1.577108707753097e-10,0.6223394926676273,0.7619318239369463,-0.16666666608190925,0.06614887720483223
175,0.3333333333333333,0.0,True,10,11,1.152423322951044e-10,0.677937685794752,-0.16648447265831837,0.66666666680626,-0.26122589824205655
176,0.33333333333333337,-5.551115123125783e-17,True,11,20,1.564738246179922e-11,-0.07115347652395371,0.36669037734634374,0.6666666666709723,0.6450045778829527
177,0.33333333333333337,-5.551115123125783e-17,True,10,14,4.899943586666554e-11,-0.07115347664762373,0.36669037713703634,0.666666666907409,0.6450045777439258
178,0.3333333333333329,3.885780586188048e-16,True,18,25,3.291258015420967e-11,-0.6623824015367659,0.7282103926429708,-0.16666666663171903,-0.056403904253415134
179,0.33333333333333326,5.551115123125783e-17,True,11,12,8.863540464049936e-11,0.6779376859383306,-0.16648447373365308,0.6666666665763535,-0.2612258977708436
180,0.3333333333333331,2.220446049250313e-16,True,15,18,5.7014104331247686e-12,0.5912289249728702,-0.3615200153496775,-0.16666666664396027,0.7014084822746188
181,0.33333333333333387,-5.551115123125783e-16,True,11,12,1.4544587842300487e-09,0.6934929693642445,0.39524145533729643,0.16666665833122313,-0.5788556974116453
182,0.3333333333333334,-1.1102230246251565e-16,True,10,11,4.407647138562552e-11,-0.05559819215386872,0.9284162965679362,0.16666666674931455,0.3273747752820491
183,0.3333333333333334,-1.1102230246251565e-16,True,11,12,1.7659517183147345e-11,-0.6067842092371188,-0.20020590400069632,0.6666666666093906,-0.3837786797825955
184,0.3333333333333339,-6.106226635438361e-16,True,11,33,2.628911069875861e-09,0.6934929744325457,0.39524144389705657,0.16666665988699442,-0.5788556987030391
185,0.333333333333333,3.3306690738754696e-16,True,13,14,1.8820569735764897e-10,-0.662382401491489,0.7282103926745972,-0.16666666709070735,-0.056403903020554806
186,0.3333333333333333,0.0,True,12,13,1.41459697378622e-11,-0.07115347652864944,0.36669037729514514,0.6666666666766162,0.6450045779057079
187,0.33333333333333404,-7.216449660063518e-16,True,10,15,3.3567678554042757e-09,0.6223394871988398,0.7619318227637999,-0.1666666851689362,0.06614889407780832
188,0.3333333333333331,2.220446049250313e-16,True,11,12,1.9244636478840873e-10,0.5912289250938524,-0.3615200145997714,-0.16666666659598575,0.7014084825705572
189,0.3333333333333329,3.885780586188048e-16,True,10,16,6.791281647972652e-12,-0.6623824015110292,0.7282103926567112,-0.16666666662567972,-0.056403904396104196
190,0.3333333333333333,0.0,True,12,16,3.199257407618354e-10,0.677937687004883,-0.16648447364361674,0.6666666655728939,-0.2612258976211899
191,0.3333333333333333,0.0,True,11,12,2.0706280577676696e-11,0.6779376857969353,-0.16648447336011177,0.6666666666313374,-0.2612258982355373
192,0.33333333333333387,-5.551115123125783e-16,True,11,12,1.2384666885038477e-11,0.693492970072894,0.3952414457901582,0.16666666675007927,-0.578855700657426
193,0.333333333333334,-6.661338147750939e-16,True,10,12,5.602323898530623e-10,0.6223394945496213,0.7619318224458781,-0.1666666656339393,0.06614887780219408
194,0.33333333333333337,-5.551115123125783e-17,True,11,12,2.7475086055309764e-10,-0.6067842099690799,-0.20020590524826334,0.666666665301732,-0.3837786802460389
195,0.3333333333333333,0.0,True,11,12,3.2698673053410785e-11,-0.05559819213723582,0.9284162965109368,0.16666666668757113,0.3273747754779548
196,0.33333333333333337,-5.551115123125783e-17,True,9,11,2.1272597027413442e-11,-0.05559819219799385,0.9284162965984991,0.16666666654354606,0.3273747752926377
197,0.33333333333333326,5.551115123125783e-17,True,12,13,4.425699770041979e-12,0.677937685784021,-0.1664844733898861,0.6666666666666319,-0.2612258981600032
198,0.3333333333333333,0.0,True,15,20,1.0416288668363784e-11,-0.05559819224662138,0.9284162965521906,0.16666666663800261,0.3273747753676195
199,0.33333333333333326,5.551115123125783e-17,True,13,14,2.2937906445082056e-10,-0.05559819328296337,0.9284162968020956,0.16666666556714668,0.3273747750280744
200,0.33333333333333337,-5.551115123125783e-17,True,10,12,4.92310686523618e-12,-0.07115347657190617,0.3666903773486341,0.6666666666380031,0.6450045779104372
201,0.333333333333333,3.3306690738754696e-16,True,12,27,6.107750065021244e-11,-0.6623824014249283,0.7282103926860761,-0.16666666684297335,-0.05640390438603776
202,0.33333333333333287,4.440892098500626e-16,True,12,14,1.8809133979716507e-10,-0.662382402005515,0.7282103922683947,-0.16666666632094732,-0.05640390450294149
203,0.3333333333333329,3.885780586188048e-16,True,8,10,1.3378111111871503e-09,-0.6623824023675213,0.7282103910268238,-0.16666666774436428,-0.05640391207514892
204,0.33333333333333337,-5.551115123125783e-17,True,14,15,2.19332941325174e-11,-0.6067842091851141,-0.20020590395687754,0.6666666667504576,-0.38377867964262885
205,0.33333333333333326,5.551115123125783e-17,True,8,10,3.203485759911547e-11,0.6779376857362555,-0.16648447328210245,0.6666666667736103,-0.2612258980796411
206,0.33333333333333337,-5.551115123125783e-17,True,12,13,1.0456405426231414e-11,-3.6709410759962815e-11,2.370985220114758e-11,1.0,-1.828756829939703e-11
207,0.3333333333333328,4.996003610813204e-16,True,11,12,2.323145734013742e-10,-0.6623824005912803,0.7282103935414714,-0.16666666648726544,-0.056403904183401986
208,0.33333333333333326,5.551115123125783e-17,True,12,13,8.643763737574806e-11,0.6779376860214497,-0.16648447286168014,0.6666666664709296,-0.2612258983799063
209,0.333333333333333,3.3306690738754696e-16,True,11,14,3.1708109558117976e-10,-0.08670876143196701,-0.1950355434955498,0.16666666604150893,0.9626343801750165
210,0.33333333333333287,4.440892098500626e-16,True,10,12,1.785170819302827e-12,-0.6623824015254964,0.7282103926335406,-0.16666666666498203,-0.056403904409221675
211,0.3333333333333331,2.220446049250313e-16,True,10,12,2.2844043205932817e-11,0.5912289249342777,-0.3615200152766962,-0.1666666665912165,0.7014084823572979
212,0.333333333333333,3.3306690738754696e-16,True,10,13,5.748547767266209e-11,-0.08670876053461822,-0.195035541613691,0.1666666669558928,0.9626343804788077
213,0.3333333333333331,2.220446049250313e-16,True,9,13,8.494308131045985e-13,0.5912289249577083,-0.36152001531394495,-0.16666666666341495,0.7014084823011935
214,0.3333333333333334,-1.1102230246251565e-16,True,11,17,1.1571529760930054e-09,-6.88395245077381e-09,2.150986381236027e-09,1.0,-1.777841650328139e-09
215,0.3333333333333335,-1.6653345369377348e-16,True,14,20,4.608930968366395e-09,-0.6067842000763267,-0.20020587843936516,0.6666666855092309,-0.38377867476996524
216,0.33333333333333315,1.6653345369377348e-16,True,11,17,1.7370442571967274e-10,0.591228924578157,-0.3615200154366288,-0.16666666572043035,0.7014084827819592
217,0.33333333333333404,-7.216449660063518e-16,True,9,21,3.118087181784509e-09,0.6223394955038782,0.7619318273776207,-0.16666664736921705,0.06614885803763355
218,0.33333333333333326,5.551115123125783e-17,True,11,13,1.7256516744177155e-12,0.6779376857816035,-0.16648447339873454,0.6666666666764082,-0.26122589813568803
219,0.33333333333333304,2.7755575615628914e-16,True,15,23,2.2448739026001616e-12,0.5912289249545886,-0.36152001532620465,-0.16666666665116225,0.7014084823004157
220,0.3333333333333331,2.220446049250313e-16,True,10,12,8.869760446499299e-11,0.5912289254041845,-0.36152001564242336,-0.1666666667230684,0.7014084817413723
221,0.3333333333333331,2.220446049250313e-16,True,12,17,2.7885406485846288e-11,-0.6623824013986012,0.7282103927846167,-0.16666666652152304,-0.05640390437283724
222,0.33333333333333387,-5.551115123125783e-16,True,12,14,1.5892270180805834e-11,0.693492970033715,0.3952414458419498,0.1666666665819686,-0.5788557007174039
223,0.33333333333333326,5.551115123125783e-17,True,12,16,1.3862729598400187e-10,0.677937685250477,-0.1664844741045841,0.666666667203526,-0.26122589771898247
224,0.3333333333333333,0.0,True,13,24,4.2609166951097305e-09,0.6779377016233706,-0.16648445046900662,0.6666666488771763,-0.26122591706132536
225,0.3333333333333339,-6.106226635438361e-16,True,9,11,1.8919502463879635e-11,0.6934929701083115,0.39524144583011783,0.1666666666391501,-0.5788557006196495
226,0.3333333333333334,-1.1102230246251565e-16,True,14,19,6.22903622957482e-10,-0.071153476172384,0.36669037802703086,0.6666666629254949,0.6450045814060268
227,0.3333333333333335,-1.6653345369377348e-16,True,11,14,8.442650698376901e-12,-0.05559819229360352,0.9284162965420656,0.1666666667013865,0.327374775356086
228,0.3333333333333339,-6.106226635438361e-16,True,12,15,1.1520761538986743e-10,0.6223394934094293,0.7619318232455766,-0.16666666666183144,0.06614887672818139
229,0.33333333333333337,-5.551115123125783e-17,True,13,14,5.252863257215563e-12,-0.05559819229544722,0.9284162965623686,0.16666666664030816,0.3273747753292893
230,0.33333333333333337,-5.551115123125783e-17,True,11,27,4.089125368038445e-09,-0.055598188776661846,0.928416286183401,0.1666666820107845,0.32737479753593135
231,0.3333333333333339,-6.106226635438361e-16,True,12,18,1.6701416806971174e-09,0.6934929721594025,0.39524144404156064,0.1666666760369767,-0.5788556966777174
232,0.33333333333333337,-5.551115123125783e-17,True,11,13,6.425514782810475e-12,-0.05559819235859947,0.9284162965344086,0.16666666668955576,0.3273747753727854
233,0.3333333333333335,-1.6653345369377348e-16,True,11,37,1.3240362917257386e-09,-0.055598188045247604,0.9284162939458054,0.1666666698848379,0.32737478181973606
234,0.3333333333333333,0.0,True,13,14,8.222614887548558e-11,-3.794053698309339e-10,-6.79766748874866e-11,1.0,2.711656113727172e-10
235,0.3333333333333329,3.885780586188048e-16,True,12,15,3.3857070897131757e-11,-0.08670876083476758,-0.19503554185906644,0.1666666668490376,0.9626343804205578
236,0.3333333333333333,0.0,True,12,19,3.2891665238160855e-10,-0.07115347557701139,0.3666903771202705,0.6666666669251027,0.6450045778532737
237,0.3333333333333334,-1.1102230246251565e-16,True,13,16,1.1255005130430472e-12,-0.6067842092162716,-0.20020590392383475,0.6666666666682478,-0.3837786797534116
238,0.3333333333333333,0.0,True,8,10,5.660895824566614e-11,-0.05559819223943931,0.9284162965379963,0.16666666652795833,0.32737477546511756
239,0.33333333333333337,-5.551115123125783e-17,True,12,23,3.442827845443049e-11,-5.455125075843286e-11,-2.7562031169326136e-11,1.0,1.4166085676716694e-10
240,0.3333333333333333,0.0,True,15,16,1.5767267220328806e-10,-0.606784208542222,-0.20020590443776023,0.6666666674736076,-0.38377867915203684
241,0.3333333333333329,3.885780586188048e-16,True,10,16,1.5054318514094477e-11,-0.08670876073265725,-0.1950355418994182,0.1666666667186423,0.9626343804441561
242,0.33333333333333337,-5.551115123125783e-17,True,12,13,4.452563666129338e-11,-0.055598192363537205,0.928416296440622,0.1666666669655498,0.327374775497412
243,0.3333333333333333,0.0,True,11,15,9.65661344583057e-13,-0.07115347657041195,0.36669037732426185,0.6666666666670015,0.6450045778944854
244,0.33333333333333337,-5.551115123125783e-17,True,12,14,3.1883602000639e-13,7.184891063101825e-13,3.407551498299967e-13,1.0,-1.155843096119603e-12
245,0.3333333333333333,0.0,True,10,11,5.641068266870266e-10,3.166929014842912e-09,1.3763270109671744e-09,1.0,-8.431593181120038e-11
246,0.3333333333333334,-1.1102230246251565e-16,True,9,20,4.715825837060725e-10,-0.055598190690089436,0.9284162969982231,0.16666666703681016,0.32737477416401
247,0.3333333333333334,-1.1102230246251565e-16,True,9,11,2.809034442530798e-12,-0.055598192321149445,0.9284162965504542,0.16666666665277105,0.32737477535236803
248,0.33333333333333326,5.551115123125783e-17,True,10,12,2.807316250782756e-10,1.0740577091828114e-09,1.2700991733874353e-09,1.0,1.7278912407802156e-09
249,0.3333333333333338,-4.996003610813204e-16,True,9,12,2.1386721823889972e-11,0.6223394934321901,0.7619318231853494,-0.16666666667653368,0.06614887717072565
250,0.333333333333333,3.3306690738754696e-16,True,11,12,1.5406104717219486e-10,-0.08670876150504714,-0.19503554149390576,0.1666666675292962,0.9626343803163893
251,0.33333333333333304,2.7755575615628914e-16,True,12,16,3.579488085315095e-11,-0.6623824013951258,0.7282103928025964,-0.16666666643322706,-0.05640390444242474
252,0.3333333333333335,-1.6653345369377348e-16,True,12,24,6.36072377278329e-10,-0.05559819165924824,0.9284162977318435,0.16666666571805538,0.32737477259029035
253,0.3333333333333341,-7.771561172376096e-16,True,11,24,1.7709956433700442e-09,0.6223394853219649,0.7619318279329071,-0.16666667082962305,0.06614888832460226
254,0.33333333333333337,-5.551115123125783e-17,True,11,13,6.225820680410371e-12,0.677937685768593,-0.16648447338485706,0.6666666666838769,-0.2612258981592368
255,0.33333333333333354,-2.220446049250313e-16,True,16,33,1.7370839985884368e-09,-0.606784201776018,-0.20020589811429765,0.6666666738857785,-0.38377868201003706
