row,kernel_column,is_pivot_row,numerator,denominator,exact_value,floating_value
0,0,True,0,1,0,0.0
0,1,True,0,1,0,0.0
0,2,True,0,1,0,0.0
0,3,True,0,1,0,0.0
0,4,True,0,1,0,0.0
0,5,True,1,1,1,1.0
0,6,True,0,1,0,0.0
0,7,True,0,1,0,0.0
0,8,True,0,1,0,0.0
0,9,True,0,1,0,0.0
1,0,False,0,1,0,0.0
1,1,False,151,47986,151/47986,0.0031467511357479265
1,2,False,-601,41942,-601/41942,-0.014329311906919079
1,3,False,-17179,89265,-17179/89265,-0.1924494482719991
1,4,False,57058,71469,57058/71469,0.7983601281674573
1,5,False,2402,10633,2402/10633,0.2259004984482272
1,6,False,-32323,95612,-32323/95612,-0.3380642597163536
1,7,False,-2381,6184,-2381/6184,-0.38502587322121606
1,8,False,-11751,66370,-11751/66370,-0.17705288533976193
1,9,False,-1301,77038,-1301/77038,-0.016887769672109868
2,0,False,0,1,0,0.0
2,1,False,119,60831,119/60831,0.0019562394174023113
2,2,False,-134,58411,-134/58411,-0.0022940884422454674
2,3,False,-4399,93732,-4399/93732,-0.046931677548756025
2,4,False,-12412,88925,-12412/88925,-0.13957829631712118
2,5,False,3537,30191,3537/30191,0.11715411877711901
2,6,False,68924,78615,68924/78615,0.8767283597277873
2,7,False,-12485,50896,-12485/50896,-0.24530414963847846
2,8,False,750,50851,750/50851,0.014748972488249985
2,9,False,-349,45096,-349/45096,-0.007739045591626752
3,0,False,0,1,0,0.0
3,1,False,-291,41095,-291/41095,-0.007081153424990875
3,2,False,1247,87466,1247/87466,0.014256968422015412
3,3,False,8887,37808,8887/37808,0.23505607278882776
3,4,False,-5501,73956,-5501/73956,-0.07438206501162854
3,5,False,-29533,89016,-29533/89016,-0.33177181630268715
3,6,False,-24421,97511,-24421/97511,-0.250443539703213
3,7,False,84511,95433,84511/95433,0.8855532153447969
3,8,False,3841,14707,3841/14707,0.26116815122050724
3,9,False,1644,54037,1644/54037,0.030423598645372616
4,0,False,0,1,0,0.0
4,1,False,10,96119,10/96119,0.00010403770326366275
4,2,False,2357,67194,2357/67194,0.03507753668482305
4,3,False,54018,92611,54018/92611,0.5832784442452841
4,4,False,-8729,85446,-8729/85446,-0.10215808814924046
4,5,False,3937,14112,3937/14112,0.2789824263038549
4,6,False,-6131,87961,-6131/87961,-0.06970134491422335
4,7,False,-139,30570,-139/30570,-0.004546941445861956
4,8,False,-9630,55783,-9630/55783,-0.1726332395174157
4,9,False,-323,22465,-323/22465,-0.014377921210772313
5,0,False,0,1,0,0.0
5,1,False,-25,96852,-25/96852,-0.0002581258001899806
5,2,False,-1013,63858,-1013/63858,-0.015863321745121988
5,3,False,-17460,67177,-17460/67177,-0.2599103859952067
5,4,False,1437,20618,1437/20618,0.06969638180230867
5,5,False,3981,23050,3981/23050,0.1727114967462039
5,6,False,-5603,95382,-5603/95382,-0.058742739720282655
5,7,False,3142,99521,3142/99521,0.031571226173370444
5,8,False,-39147,98651,-39147/98651,-0.39682314421546666
5,9,False,-1591,34724,-1591/34724,-0.04581845409515033
6,0,False,0,1,0,0.0
6,1,False,27,23152,27/23152,0.0011662059433310296
6,2,False,1249,65167,1249/65167,0.019166142372673285
6,3,False,18619,58385,18619/58385,0.3189004025006423
6,4,False,-1822,53871,-1822/53871,-0.0338215366338104
6,5,False,-9189,15901,-9189/15901,-0.5778881831331363
6,6,False,10679,93071,10679/93071,0.11474035951048124
6,7,False,-10329,85037,-10329/85037,-0.1214647741571316
6,8,False,60558,97697,60558/97697,0.619855266794272
6,9,False,6167,89489,6167/89489,0.06891349774832661
7,0,False,0,1,0,0.0
7,1,False,-9,68965,-9/68965,-0.0001305009787573407
7,2,False,5,37989,5/37989,0.0001316170470399326
7,3,False,179,79852,179/79852,0.0022416470470370186
7,4,False,182,56631,182/56631,0.0032137875015450902
7,5,False,3526,60045,3526/60045,0.05872262469814306
7,6,False,14346,98921,14346/98921,0.14502481778388815
7,7,False,836,74995,836/74995,0.011147409827321821
7,8,False,42023,48866,42023/48866,0.8599639831375598
7,9,False,5426,59037,5426/59037,0.09190846418347816
8,0,False,0,1,0,0.0
8,1,False,13,27557,13/27557,0.0004717494647457996
8,2,False,359,42677,359/42677,0.008412025212643812
8,3,False,10877,79379,10877/79379,0.13702616561055192
8,4,False,-3121,51506,-3121/51506,-0.06059488214965247
8,5,False,-16057,65322,-16057/65322,-0.24581304920241268
8,6,False,3800,60113,3800/60113,0.063214279773094
8,7,False,-1673,23472,-1673/23472,-0.07127641445126108
8,8,False,-12946,58285,-12946/58285,-0.22211546710131252
8,9,False,-1629,65017,-1629/65017,-0.02505498561914576
9,0,False,0,1,0,0.0
9,1,False,-311,85163,-311/85163,-0.003651820626328335
9,2,False,-1694,54343,-1694/54343,-0.03117236810628784
9,3,False,-34541,67819,-34541/67819,-0.5093115498606585
9,4,False,11562,68717,11562/68717,0.1682553080023866
9,5,False,21535,23138,21535/23138,0.9307200276601262
9,6,False,-22215,94139,-22215/94139,-0.23598083684764018
9,7,False,12395,35001,12395/35001,0.35413273906459813
9,8,False,-57072,95641,-57072/95641,-0.5967315272738679
9,9,False,-2206,32139,-2206/32139,-0.06863934783285106
10,0,True,0,1,0,0.0
10,1,True,0,1,0,0.0
10,2,True,0,1,0,0.0
10,3,True,0,1,0,0.0
10,4,True,1,1,1,1.0
10,5,True,0,1,0,0.0
10,6,True,0,1,0,0.0
10,7,True,0,1,0,0.0
10,8,True,0,1,0,0.0
10,9,True,0,1,0,0.0
11,0,False,0,1,0,0.0
11,1,False,99,97006,99/97006,0.001020555429561058
11,2,False,2,67371,2/67371,2.968636356889463e-05
11,3,False,-601,25680,-601/25680,-0.023403426791277257
11,4,False,-14297,65982,-14297/65982,-0.21668030675032585
11,5,False,3345,66929,3345/66929,0.049978335250788146
11,6,False,4091,90203,4091/90203,0.045353258760795094
11,7,False,-11839,97516,-11839/97516,-0.1214057180360146
11,8,False,-3724,78345,-3724/78345,-0.04753334609738975
11,9,False,-137,84155,-137/84155,-0.0016279484284950389
12,0,False,0,1,0,0.0
12,1,False,-215,97551,-215/97551,-0.0022039753564802
12,2,False,353,40277,353/40277,0.008764307172828166
12,3,False,5389,43332,5389/43332,0.12436536508815656
12,4,False,-805,32287,-805/32287,-0.024932635426022857
12,5,False,-6768,68551,-6768/68551,-0.09872941313766392
12,6,False,2369,90963,2369/90963,0.026043556171190484
12,7,False,3182,10117,3182/10117,0.3145201146584956
12,8,False,7571,98516,7571/98516,0.07685046083884851
12,9,False,704,63757,704/63757,0.011041924808256349
13,0,False,0,1,0,0.0
13,1,False,17,79666,17/79666,0.00021339090703687897
13,2,False,-47,95604,-47/95604,-0.000491611229655663
13,3,False,-522,71527,-522/71527,-0.007297943433948019
13,4,False,3441,69916,3441/69916,0.04921620229990274
13,5,False,521,52324,521/52324,0.009957189817292256
13,6,False,-15885,58312,-15885/58312,-0.27241391137330223
13,7,False,-2244,70553,-2244/70553,-0.031805876433319634
13,8,False,1337,85228,1337/85228,0.01568733280142676
13,9,False,898,78623,898/78623,0.011421594189995294
14,0,False,0,1,0,0.0
14,1,False,-1,678,-1/678,-0.0014749262536873156
14,2,False,21,62429,21/62429,0.0003363821300997934
14,3,False,145,72743,145/72743,0.001993318944778192
14,4,False,-91,32626,-91/32626,-0.002789186538343652
14,5,False,-1019,31668,-1019/31668,-0.03217759252242011
14,6,False,10611,66961,10611/66961,0.15846537536775138
14,7,False,5837,40125,5837/40125,0.14547040498442368
14,8,False,-1500,85517,-1500/85517,-0.01754037208975993
14,9,False,43,19424,43/19424,0.0022137561779242173
15,0,False,0,1,0,0.0
15,1,False,5,1726,5/1726,0.0028968713789107765
15,2,False,-102,51319,-102/51319,-0.001987567957286775
15,3,False,-3845,94386,-3845/94386,-0.040736973703727246
15,4,False,1023,56066,1023/56066,0.01824635251310955
15,5,False,6001,79754,6001/79754,0.07524387491536474
15,6,False,-2015,13944,-2015/13944,-0.14450659781985084
15,7,False,-55144,98343,-55144/98343,-0.5607313179382366
15,8,False,-177,78758,-177/78758,-0.002247390741258031
15,9,False,805,75846,805/75846,0.010613611792316008
16,0,True,0,1,0,0.0
16,1,True,0,1,0,0.0
16,2,True,0,1,0,0.0
16,3,True,0,1,0,0.0
16,4,True,0,1,0,0.0
16,5,True,0,1,0,0.0
16,6,True,1,1,1,1.0
16,7,True,0,1,0,0.0
16,8,True,0,1,0,0.0
16,9,True,0,1,0,0.0
17,0,False,0,1,0,0.0
17,1,False,-19,97597,-19/97597,-0.0001946781151059971
17,2,False,3,4888,3/4888,0.0006137479541734861
17,3,False,898,98125,898/98125,0.009151592356687898
17,4,False,-705,93698,-705/93698,-0.007524173408183739
17,5,False,-918,90683,-918/90683,-0.010123176339556478
17,6,False,-41417,90775,-41417/90775,-0.4562599834756266
17,7,False,5239,96208,5239/96208,0.05445493098287045
17,8,False,7131,79541,7131/79541,0.08965187764800543
17,9,False,657,24964,657/24964,0.026317897772792823
18,0,False,0,1,0,0.0
18,1,False,241,70449,241/70449,0.0034209144203608283
18,2,False,-57,92002,-57/92002,-0.0006195517488750245
18,3,False,-1098,94601,-1098/94601,-0.011606642635912939
18,4,False,138,30481,138/30481,0.004527410518027623
18,5,False,2081,98693,2081/98693,0.02108558864357148
18,6,False,12855,63556,12855/63556,0.20226257159040845
18,7,False,-20841,83215,-20841/83215,-0.2504476356426125
18,8,False,-2546,28985,-2546/28985,-0.08783853717440056
18,9,False,-57,38756,-57/38756,-0.0014707400144493756
19,0,True,0,1,0,0.0
19,1,True,0,1,0,0.0
19,2,True,0,1,0,0.0
19,3,True,0,1,0,0.0
19,4,True,0,1,0,0.0
19,5,True,0,1,0,0.0
19,6,True,0,1,0,0.0
19,7,True,1,1,1,1.0
19,8,True,0,1,0,0.0
19,9,True,0,1,0,0.0
20,0,True,0,1,0,0.0
20,1,True,0,1,0,0.0
20,2,True,0,1,0,0.0
20,3,True,1,1,1,1.0
20,4,True,0,1,0,0.0
20,5,True,0,1,0,0.0
20,6,True,0,1,0,0.0
20,7,True,0,1,0,0.0
20,8,True,0,1,0,0.0
20,9,True,0,1,0,0.0
21,0,False,0,1,0,0.0
21,1,False,-1,15828,-1/15828,-6.317917614354308e-05
21,2,False,-2445,91669,-2445/91669,-0.026672048347860237
21,3,False,-13229,50339,-13229/50339,-0.26279822801406466
21,4,False,2338,44843,2338/44843,0.052137457351203086
21,5,False,5776,75327,5776/75327,0.07667901283736243
21,6,False,-745,34599,-745/34599,-0.02153241423162519
21,7,False,1502,72565,1502/72565,0.02069868393853786
21,8,False,-8032,95949,-8032/95949,-0.08371113820884012
21,9,False,-2711,93903,-2711/93903,-0.028870217138962546
22,0,False,0,1,0,0.0
22,1,False,1,907,1/907,0.0011025358324145535
22,2,False,-1145,82484,-1145/82484,-0.013881480044614713
22,3,False,6481,51527,6481/51527,0.1257787179536942
22,4,False,5951,69507,5951/69507,0.0856172759578172
22,5,False,-10625,51397,-10625/51397,-0.20672412786738525
22,6,False,2961,83180,2961/83180,0.035597499398893964
22,7,False,-3359,84040,-3359/84040,-0.039969062351261304
22,8,False,13339,69841,13339/69841,0.19099096519236552
22,9,False,401,96138,401/96138,0.0041710873952027295
23,0,False,0,1,0,0.0
23,1,False,-8,75991,-8/75991,-0.0001052756247450356
23,2,False,45,89443,45/89443,0.0005031137148798677
23,3,False,1831,45415,1831/45415,0.04031707585599471
23,4,False,-49,38319,-49/38319,-0.0012787390067590491
23,5,False,766,45151,766/45151,0.016965294234900667
23,6,False,-2573,83875,-2573/83875,-0.030676602086438153
23,7,False,363,97814,363/97814,0.0037111251968020937
23,8,False,447,6803,447/6803,0.0657063060414523
23,9,False,-1765,69684,-1765/69684,-0.02532862637047242
24,0,False,0,1,0,0.0
24,1,False,-11,31759,-11/31759,-0.0003463585125476243
24,2,False,-54,55967,-54/55967,-0.0009648542891346687
24,3,False,4364,96995,4364/96995,0.04499200989741739
24,4,False,-1348,42943,-1348/42943,-0.03139044780290152
24,5,False,-4987,59789,-4987/59789,-0.08340999180451253
24,6,False,637,52551,637/52551,0.012121558105459458
24,7,False,-1483,45733,-1483/45733,-0.03242735005357182
24,8,False,1657,42036,1657/42036,0.03941859358644971
24,9,False,-2585,96203,-2585/96203,-0.02687026392108354
25,0,False,0,1,0,0.0
25,1,False,-266,53997,-266/53997,-0.004926199603681686
25,2,False,-230,12891,-230/12891,-0.01784190520518191
25,3,False,-10931,64428,-10931/64428,-0.16966225864530948
25,4,False,6205,90689,6205/90689,0.06842064638489784
25,5,False,10213,31798,10213/31798,0.3211837222466822
25,6,False,-7921,93122,-7921/93122,-0.08506045832348962
25,7,False,1630,10689,1630/10689,0.15249321732622323
25,8,False,-17060,66041,-17060/66041,-0.2583243742523584
25,9,False,-4069,71436,-4069/71436,-0.05696007615208019
26,0,False,0,1,0,0.0
26,1,False,11,90074,11/90074,0.00012212181095543664
26,2,False,-57,41546,-57/41546,-0.0013719732344870746
26,3,False,-1217,71007,-1217/71007,-0.017139155294548424
26,4,False,381,93145,381/93145,0.004090396693327608
26,5,False,201,16399,201/16399,0.012256844929568876
26,6,False,-955,40384,-955/40384,-0.0236479793977813
26,7,False,142,37965,142/37965,0.0037402871065455026
26,8,False,-5204,19033,-5204/19033,-0.27341984973467137
26,9,False,-5303,58392,-5303/58392,-0.0908172352377038
27,0,False,0,1,0,0.0
27,1,False,41,56144,41/56144,0.0007302650327728697
27,2,False,59,95324,59/95324,0.0006189417145734548
27,3,False,1027,48517,1027/48517,0.02116783807737494
27,4,False,-103,53034,-103/53034,-0.001942150318663499
27,5,False,-3041,79466,-3041/79466,-0.038267938489416856
27,6,False,-3019,56210,-3019/56210,-0.0537093043942359
27,7,False,-416,26233,-416/26233,-0.01585788891853772
27,8,False,14494,81717,14494/81717,0.1773682342719385
27,9,False,-2329,60037,-2329/60037,-0.03879274447424089
28,0,False,0,1,0,0.0
28,1,False,251,94552,251/94552,0.0026546239106523396
28,2,False,-547,88845,-547/88845,-0.006156789915020541
28,3,False,-7222,91707,-7222/91707,-0.07875080419161024
28,4,False,732,26881,732/26881,0.027231129794278486
28,5,False,3510,24977,3510/24977,0.14052928694398847
28,6,False,-2737,91717,-2737/91717,-0.029841795959309615
28,7,False,1539,22612,1539/22612,0.06806120643905891
28,8,False,-5084,27583,-5084/27583,-0.1843164267846137
28,9,False,-4606,57319,-4606/57319,-0.08035729862698232
29,0,False,0,1,0,0.0
29,1,False,1133,53422,1133/53422,0.021208490883905508
29,2,False,585,37114,585/37114,0.015762246052702485
29,3,False,17323,57411,17323/57411,0.3017366009998084
29,4,False,-9183,95975,-9183/95975,-0.09568116697056525
29,5,False,-43633,79943,-43633/79943,-0.5458013834857336
29,6,False,3476,90907,3476/90907,0.03823687944822731
29,7,False,-2172,6145,-2172/6145,-0.3534580960130187
29,8,False,34318,64485,34318/64485,0.5321857796386756
29,9,False,-701,77008,-701/77008,-0.009102950342821525
30,0,True,0,1,0,0.0
30,1,True,0,1,0,0.0
30,2,True,0,1,0,0.0
30,3,True,0,1,0,0.0
30,4,True,0,1,0,0.0
30,5,True,0,1,0,0.0
30,6,True,0,1,0,0.0
30,7,True,0,1,0,0.0
30,8,True,1,1,1,1.0
30,9,True,0,1,0,0.0
31,0,False,0,1,0,0.0
31,1,False,-21,65950,-21/65950,-0.00031842304776345717
31,2,False,5,10726,5/10726,0.00046615700167816523
31,3,False,9,991,9/991,0.009081735620585268
31,4,False,-34,9359,-34/9359,-0.0036328667592691525
31,5,False,-1261,87836,-1261/87836,-0.01435630037797714
31,6,False,1408,94445,1408/94445,0.01490814759913177
31,7,False,-424,77205,-424/77205,-0.005491872288064244
31,8,False,-21801,48196,-21801/48196,-0.45234044319030625
31,9,False,-3844,24579,-3844/24579,-0.1563936693925709
32,0,False,0,1,0,0.0
32,1,False,-233,80325,-233/80325,-0.0029007158418923123
32,2,False,-148,64217,-148/64217,-0.002304685675132753
32,3,False,-2027,58302,-2027/58302,-0.034767246406641285
32,4,False,737,71705,737/71705,0.01027822327592218
32,5,False,6136,97949,6136/97949,0.06264484578709328
32,6,False,-813,5756,-813/5756,-0.1412439193884642
32,7,False,3323,93781,3323/93781,0.0354336166174385
32,8,False,18827,92823,18827/92823,0.20282688557792788
32,9,False,-1901,24589,-1901/24589,-0.07731099272032209
33,0,False,0,1,0,0.0
33,1,False,-1283,89164,-1283/89164,-0.01438921537840384
33,2,False,373,49485,373/49485,0.007537637667980196
33,3,False,2282,17687,2282/17687,0.12902131509017922
33,4,False,-1091,26003,-1091/26003,-0.041956697304157214
33,5,False,-16137,69220,-16137/69220,-0.23312626408552442
33,6,False,5399,95626,5399/95626,0.0564595402923891
33,7,False,-9706,70617,-9706/70617,-0.13744565756121047
33,8,False,2867,30819,2867/30819,0.09302702878094682
33,9,False,-7097,94317,-7097/94317,-0.07524624404932302
34,0,False,0,1,0,0.0
34,1,False,-8094,83659,-8094/83659,-0.09674990138538592
34,2,False,-792,24247,-792/24247,-0.03266383470120015
34,3,False,-48521,92216,-48521/92216,-0.5261668257135421
34,4,False,11421,65752,11421/65752,0.1736981384596666
34,5,False,83456,87591,83456/87591,0.9527919535112055
34,6,False,-10110,52253,-10110/52253,-0.19348171396857597
34,7,False,75310,91961,75310/91961,0.8189341133741478
34,8,False,-22593,28723,-22593/28723,-0.7865821815269992
34,9,False,-6601,60531,-6601/60531,-0.10905156035750277
35,0,True,0,1,0,0.0
35,1,True,0,1,0,0.0
35,2,True,1,1,1,1.0
35,3,True,0,1,0,0.0
35,4,True,0,1,0,0.0
35,5,True,0,1,0,0.0
35,6,True,0,1,0,0.0
35,7,True,0,1,0,0.0
35,8,True,0,1,0,0.0
35,9,True,0,1,0,0.0
36,0,False,0,1,0,0.0
36,1,False,68,58391,68/58391,0.0011645630319741056
36,2,False,14831,83818,14831/83818,0.17694290009305877
36,3,False,-3824,51359,-3824/51359,-0.07445627835432933
36,4,False,-20361,38321,-20361/38321,-0.5313274705774902
36,5,False,2153,39477,2153/39477,0.054538085467487396
36,6,False,736,56445,736/56445,0.013039241739746656
36,7,False,-10649,92318,-10649/92318,-0.11535128577308867
36,8,False,-97,1868,-97/1868,-0.05192719486081371
36,9,False,673,8411,673/8411,0.08001426703126857
37,0,False,0,1,0,0.0
37,1,False,4,3005,4/3005,0.0013311148086522463
37,2,False,23510,65789,23510/65789,0.3573545729529253
37,3,False,1861,35945,1861/35945,0.05177354291278342
37,4,False,-31462,67163,-31462/67163,-0.4684424459896074
37,5,False,-27,93655,-27/93655,-0.00028829213603117823
37,6,False,1956,62993,1956/62993,0.031051069166415316
37,7,False,4087,85897,4087/85897,0.047580241451971546
37,8,False,-695,71947,-695/71947,-0.009659888529056112
37,9,False,6631,93040,6631/93040,0.07127042132416166
38,0,False,0,1,0,0.0
38,1,False,-18,51737,-18/51737,-0.000347913485513269
38,2,False,2951,92126,2951/92126,0.032032216746629615
38,3,False,-43,59174,-43/59174,-0.0007266704971778145
38,4,False,1315,52642,1315/52642,0.024980053949318036
38,5,False,54,98113,54/98113,0.0005503857796622262
38,6,False,6409,98417,6409/98417,0.06512086326549275
38,7,False,-273,50422,-273/50422,-0.005414303280314148
38,8,False,-207,11957,-207/11957,-0.01731203479133562
38,9,False,16269,96863,16269/96863,0.16795886974386504
39,0,False,0,1,0,0.0
39,1,False,-176,91381,-176/91381,-0.0019260021229796128
39,2,False,4820,78049,4820/78049,0.06175607631103538
39,3,False,-120,4021,-120/4021,-0.029843322556577966
39,4,False,-6525,77642,-6525/77642,-0.08403956621416243
39,5,False,24,21695,24/21695,0.0011062456787278175
39,6,False,9081,91354,9081/91354,0.09940451430698163
39,7,False,1331,31143,1331/31143,0.042738336062678614
39,8,False,-1993,59686,-1993/59686,-0.03339141507221124
39,9,False,4821,30238,4821/30238,0.15943514782723725
40,0,False,0,1,0,0.0
40,1,False,-245,36461,-245/36461,-0.006719508515948548
40,2,False,7273,59043,7273/59043,0.1231814101586979
40,3,False,-2087,72985,-2087/72985,-0.028594916763718572
40,4,False,-5655,37106,-5655/37106,-0.1524012289117663
40,5,False,1420,52661,1420/52661,0.026964926606027232
40,6,False,2767,64040,2767/64040,0.04320737039350406
40,7,False,-18139,85724,-18139/85724,-0.2115976855956325
40,8,False,-2107,72564,-2107/72564,-0.029036436800617387
40,9,False,2611,16418,2611/16418,0.15903276891216958
41,0,False,0,1,0,0.0
41,1,False,-2,87933,-2/87933,-2.274458963074159e-05
41,2,False,112,20035,112/20035,0.00559021712003993
41,3,False,-139,56831,-139/56831,-0.0024458482166423256
41,4,False,-1838,93819,-1838/93819,-0.019590914420319978
41,5,False,211,99733,211/99733,0.002115648782248604
41,6,False,10221,42394,10221/42394,0.24109543803368402
41,7,False,-361,57334,-361/57334,-0.00629643841350682
41,8,False,-5179,73503,-5179/73503,-0.0704597091275186
41,9,False,15683,51948,15683/51948,0.3018980518980519
42,0,False,0,1,0,0.0
42,1,False,34,42711,34/42711,0.0007960478565240804
42,2,False,542,46789,542/46789,0.011583919297270725
42,3,False,195,40363,195/40363,0.00483115724797463
42,4,False,-346,24183,-346/24183,-0.014307571434478765
42,5,False,-230,81127,-230/81127,-0.002835061077076682
42,6,False,4583,38984,4583/38984,0.11756105068746152
42,7,False,2016,99517,2016/99517,0.020257845393249395
42,8,False,-2108,83935,-2108/83935,-0.02511467206767141
42,9,False,23453,78981,23453/78981,0.29694483483369416
43,0,False,0,1,0,0.0
43,1,False,708,92191,708/92191,0.007679708431408706
43,2,False,1895,85909,1895/85909,0.02205822440023746
43,3,False,-301,76630,-301/76630,-0.0039279655487407025
43,4,False,-2803,94132,-2803/94132,-0.029777333956571624
43,5,False,29,19533,29/19533,0.001484666973839144
43,6,False,14075,90203,14075/90203,0.15603693890447104
43,7,False,-9956,97485,-9956/97485,-0.10212853259475817
43,8,False,-21,419,-21/419,-0.050119331742243436
43,9,False,14300,51333,14300/51333,0.2785732374885551
44,0,False,0,1,0,0.0
44,1,False,2558,66735,2558/66735,0.038330711021203265
44,2,False,1136,26457,1136/26457,0.042937596855274596
44,3,False,-1117,89249,-1117/89249,-0.012515546392676668
44,4,False,-2053,37956,-2053/37956,-0.05408894509431974
44,5,False,571,41608,571/41608,0.013723322437992694
44,6,False,7645,51603,7645/51603,0.14815030133906942
44,7,False,25047,81130,25047/81130,0.30872673486996177
44,8,False,-3101,51928,-3101/51928,-0.05971730087813896
44,9,False,19980,84757,19980/84757,0.23573274183843224
45,0,False,0,1,0,0.0
45,1,False,-51,77081,-51/77081,-0.0006616416496931799
45,2,False,64,80349,64/80349,0.0007965251589938892
45,3,False,-11,22952,-11/22952,-0.00047926106657371906
45,4,False,99,41662,99/41662,0.0023762661418078824
45,5,False,11,16752,11/16752,0.0006566380133715377
45,6,False,-28,96037,-28/96037,-0.00029155429678144883
45,7,False,-240,63067,-240/63067,-0.0038054767152393486
45,8,False,-1855,66032,-1855/66032,-0.02809244002907681
45,9,False,28547,50438,28547/50438,0.5659819977001467
46,0,False,0,1,0,0.0
46,1,False,-27,15892,-27/15892,-0.0016989680342310597
46,2,False,163,90556,163/90556,0.0017999911656875305
46,3,False,-3,6679,-3/6679,-0.0004491690372810301
46,4,False,25,11806,25/11806,0.0021175673386413687
46,5,False,-120,72467,-120/72467,-0.001655926145693902
46,6,False,39960,92603,39960/92603,0.43151949720851374
46,7,False,1013,58046,1013/58046,0.01745167625676188
46,8,False,-3589,26581,-3589/26581,-0.13502125578420676
46,9,False,4733,8909,4733/8909,0.5312605230665619
47,0,False,0,1,0,0.0
47,1,False,-407,64601,-407/64601,-0.006300212071020573
47,2,False,244,64321,244/64321,0.003793473360177858
47,3,False,-96,95743,-96/95743,-0.001002684269346062
47,4,False,-135,58784,-135/58784,-0.002296543277082199
47,5,False,77,94725,77/94725,0.0008128793877012404
47,6,False,15032,75219,15032/75219,0.1998431247424188
47,7,False,-2421,75260,-2421/75260,-0.03216848259367526
47,8,False,-3583,91436,-3583/91436,-0.0391858786473599
47,9,False,37217,70069,37217/70069,0.5311478685295923
48,0,False,0,1,0,0.0
48,1,False,-851,22815,-851/22815,-0.03730002191540653
48,2,False,169,24685,169/24685,0.00684626291270002
48,3,False,-1347,81302,-1347/81302,-0.016567858109271603
48,4,False,-97,58180,-97/58180,-0.0016672396012375388
48,5,False,767,27680,767/27680,0.027709537572254334
48,6,False,26589,79018,26589/79018,0.336492950973196
48,7,False,16317,76793,16317/76793,0.2124803041943927
48,8,False,-1415,9966,-1415/9966,-0.14198274132048966
48,9,False,41373,78784,41373/78784,0.5251446994313567
49,0,False,0,1,0,0.0
49,1,False,-11422,57163,-11422/57163,-0.19981456536570857
49,2,False,401,22341,401/22341,0.017949062262208496
49,3,False,1036,41705,1036/41705,0.024841146145546097
49,4,False,-171,6188,-171/6188,-0.027634130575307045
49,5,False,-2797,57457,-2797/57457,-0.04867988234679847
49,6,False,10441,36846,10441/36846,0.28336861531780927
49,7,False,-7236,17263,-7236/17263,-0.419162370387534
49,8,False,-545,50838,-545/50838,-0.010720327314213777
49,9,False,63343,94184,63343/94184,0.6725452306124182
50,0,True,1,1,1,1.0
50,1,True,0,1,0,0.0
50,2,True,0,1,0,0.0
50,3,True,0,1,0,0.0
50,4,True,0,1,0,0.0
50,5,True,0,1,0,0.0
50,6,True,0,1,0,0.0
50,7,True,0,1,0,0.0
50,8,True,0,1,0,0.0
50,9,True,0,1,0,0.0
51,0,True,0,1,0,0.0
51,1,True,0,1,0,0.0
51,2,True,0,1,0,0.0
51,3,True,0,1,0,0.0
51,4,True,0,1,0,0.0
51,5,True,0,1,0,0.0
51,6,True,0,1,0,0.0
51,7,True,0,1,0,0.0
51,8,True,0,1,0,0.0
51,9,True,1,1,1,1.0
52,0,False,0,1,0,0.0
52,1,False,369,83474,369/83474,0.004420538131633802
52,2,False,9,18932,9/18932,0.0004753855905345447
52,3,False,289,99561,289/99561,0.002902743041954179
52,4,False,192,27611,192/27611,0.006953750316902684
52,5,False,-545,99961,-545/99961,-0.0054521263292684145
52,6,False,38888,51413,38888/51413,0.7563845719954098
52,7,False,-1135,80229,-1135/80229,-0.014147004200476137
52,8,False,-23420,91473,-23420/91473,-0.2560318345304079
52,9,False,34931,37697,34931/37697,0.9266254609120089
53,0,False,0,1,0,0.0
53,1,False,2812,97573,2812/97573,0.028819448003033626
53,2,False,43,47446,43/47446,0.0009062934704716941
53,3,False,7,69420,7/69420,0.00010083549409392106
53,4,False,193,77287,193/77287,0.002497185813914371
53,5,False,-47,52688,-47/52688,-0.0008920437291223808
53,6,False,3503,10235,3503/10235,0.34225696140693695
53,7,False,3383,83352,3383/83352,0.040586908532488725
53,8,False,-536,9461,-536/9461,-0.05665363069442977
53,9,False,40101,44554,40101/44554,0.9000538672173093
54,0,False,0,1,0,0.0
54,1,False,1142,6465,1142/6465,0.17664346481051818
54,2,False,307,54504,307/54504,0.005632614120064583
54,3,False,78,1181,78/1181,0.06604572396274344
54,4,False,-544,28243,-544/28243,-0.019261409906879582
54,5,False,-3573,29831,-3573/29831,-0.11977473098454627
54,6,False,9526,21781,9526/21781,0.43735365685689365
54,7,False,-50703,98158,-50703/98158,-0.5165447543755985
54,8,False,-3487,97026,-3487/97026,-0.03593882052233422
54,9,False,48217,64489,48217/64489,0.7476778985563429
55,0,True,0,1,0,0.0
55,1,True,1,1,1,1.0
55,2,True,0,1,0,0.0
55,3,True,0,1,0,0.0
55,4,True,0,1,0,0.0
55,5,True,0,1,0,0.0
55,6,True,0,1,0,0.0
55,7,True,0,1,0,0.0
55,8,True,0,1,0,0.0
55,9,True,0,1,0,0.0
