first_local_line,second_local_line,signed_gram,absolute_gram,selected_kind,selected_expression,selected_residual,orbit_id,orbit_size,first_global_line,second_global_line
0,1,1.06129386462852e-15,1.06129386462852e-15,algebraic,(-15*sqrt(6)/4 - 1/16 + 7*sqrt(3)/16 + 17*sqrt(2)/16 + 25*sqrt(5)/8)**2,3.3992383026968897e-19,0,15,11,12
0,2,0.2500000000000021,0.2500000000000021,rational,1/4,2.1094237467877974e-15,0,15,11,13
0,3,0.7500000000000011,0.7500000000000011,rational,3/4,1.1102230246251565e-15,0,15,11,15
0,4,0.24999999999999792,0.24999999999999792,rational,1/4,2.0816681711721685e-15,0,15,11,16
0,5,-0.24999999999999922,0.24999999999999922,rational,1/4,7.771561172376096e-16,0,15,11,17
0,6,0.25000000000000044,0.25000000000000044,rational,1/4,4.440892098500626e-16,0,15,11,18
0,7,-0.24999999999999972,0.24999999999999972,rational,1/4,2.7755575615628914e-16,0,15,11,19
0,8,0.7500000000000014,0.7500000000000014,rational,3/4,1.4432899320127035e-15,0,15,11,20
0,9,-5.244116171079035e-16,5.244116171079035e-16,algebraic,(-17*sqrt(5)/4 - 8 - 21*sqrt(2)/4 + sqrt(3)/4 + 10*sqrt(6))**2,4.0709360362821133e-19,0,15,11,21
0,10,0.7499999999999994,0.7499999999999994,rational,3/4,5.551115123125783e-16,0,15,11,22
0,11,0.25,0.25,rational,1/4,0.0,0,15,11,24
0,12,0.2500000000000007,0.2500000000000007,rational,1/4,7.216449660063518e-16,0,15,11,25
0,13,0.24999999999999967,0.24999999999999967,rational,1/4,3.3306690738754696e-16,0,15,11,27
0,14,0.7500000000000012,0.7500000000000012,rational,3/4,1.2212453270876722e-15,0,15,11,29
1,2,0.7499999999999984,0.7499999999999984,rational,3/4,1.5543122344752192e-15,0,15,12,13
1,3,0.24999999999999897,0.24999999999999897,rational,1/4,1.0269562977782698e-15,0,15,12,15
1,4,-0.750000000000001,0.750000000000001,rational,3/4,9.992007221626409e-16,0,15,12,16
1,5,0.7500000000000001,0.7500000000000001,rational,3/4,1.1102230246251565e-16,0,15,12,17
1,6,0.25000000000000117,0.25000000000000117,rational,1/4,1.1657341758564144e-15,0,15,12,18
1,7,0.24999999999999928,0.24999999999999928,rational,1/4,7.216449660063518e-16,0,15,12,19
1,8,0.249999999999999,0.249999999999999,rational,1/4,9.992007221626409e-16,0,15,12,20
1,9,-1.2416324403656916e-15,1.2416324403656916e-15,algebraic,(-23*sqrt(6)/60 - 13/60 - sqrt(5)/30 + 13*sqrt(2)/60 + 8*sqrt(3)/15)**2,1.9576601934974861e-19,0,15,12,21
1,10,-0.2499999999999998,0.2499999999999998,rational,1/4,1.942890293094024e-16,0,15,12,22
1,11,0.24999999999999922,0.24999999999999922,rational,1/4,7.771561172376096e-16,0,15,12,24
1,12,0.750000000000001,0.750000000000001,rational,3/4,9.992007221626409e-16,0,15,12,25
1,13,-0.25000000000000083,0.25000000000000083,rational,1/4,8.326672684688674e-16,0,15,12,27
1,14,-0.2499999999999989,0.2499999999999989,rational,1/4,1.1102230246251565e-15,0,15,12,29
2,3,-4.85215299582381e-16,4.85215299582381e-16,algebraic,(-24*sqrt(5)/11 - 41/22 + 3*sqrt(2)/11 + 27*sqrt(3)/22 + 19*sqrt(6)/11)**2,4.767790319097471e-19,0,15,13,15
2,4,-0.7499999999999994,0.7499999999999994,rational,3/4,5.551115123125783e-16,0,15,13,16
2,5,0.24999999999999833,0.24999999999999833,rational,1/4,1.6653345369377348e-15,0,15,13,17
2,6,0.7500000000000027,0.7500000000000027,rational,3/4,2.6645352591003757e-15,0,15,13,18
2,7,-7.755066846277114e-16,7.755066846277114e-16,algebraic,(-26*sqrt(2)/25 - sqrt(5)/5 - 4*sqrt(6)/25 + 52/75 + 14*sqrt(3)/15)**2,1.7152685606199573e-19,0,15,13,19
2,8,0.7500000000000006,0.7500000000000006,rational,3/4,5.551115123125783e-16,0,15,13,20
2,9,0.2500000000000023,0.2500000000000023,rational,1/4,2.275957200481571e-15,0,15,13,21
2,10,-0.2499999999999987,0.2499999999999987,rational,1/4,1.304512053934559e-15,0,15,13,22
2,11,-0.25000000000000283,0.25000000000000283,rational,1/4,2.831068712794149e-15,0,15,13,24
2,12,0.2499999999999992,0.2499999999999992,rational,1/4,8.049116928532385e-16,0,15,13,25
2,13,-0.24999999999999925,0.24999999999999925,rational,1/4,7.494005416219807e-16,0,15,13,27
2,14,0.25000000000000216,0.25000000000000216,rational,1/4,2.1649348980190553e-15,0,15,13,29
3,4,0.25000000000000017,0.25000000000000017,rational,1/4,1.6653345369377348e-16,0,15,15,16
3,5,0.2499999999999993,0.2499999999999993,rational,1/4,6.938893903907228e-16,0,15,15,17
3,6,-0.24999999999999825,0.24999999999999825,rational,1/4,1.7486012637846216e-15,0,15,15,18
3,7,8.09312787039904e-16,8.09312787039904e-16,algebraic,(-47*sqrt(6)/57 - 11*sqrt(5)/57 + 3*sqrt(2)/19 + 10/19 + 56*sqrt(3)/57)**2,3.472075341453568e-19,0,15,15,19
3,8,0.2500000000000022,0.2500000000000022,rational,1/4,2.220446049250313e-15,0,15,15,20
3,9,-0.25000000000000044,0.25000000000000044,rational,1/4,4.440892098500626e-16,0,15,15,21
3,10,0.7500000000000014,0.7500000000000014,rational,3/4,1.4432899320127035e-15,0,15,15,22
3,11,0.7499999999999984,0.7499999999999984,rational,3/4,1.5543122344752192e-15,0,15,15,24
3,12,0.7499999999999987,0.7499999999999987,rational,3/4,1.3322676295501878e-15,0,15,15,25
3,13,0.2500000000000018,0.2500000000000018,rational,1/4,1.7763568394002505e-15,0,15,15,27
3,14,0.25000000000000255,0.25000000000000255,rational,1/4,2.55351295663786e-15,0,15,15,29
4,5,-0.2500000000000007,0.2500000000000007,rational,1/4,7.216449660063518e-16,0,15,16,17
4,6,-0.25000000000000167,0.25000000000000167,rational,1/4,1.6653345369377348e-15,0,15,16,18
4,7,0.2500000000000003,0.2500000000000003,rational,1/4,2.7755575615628914e-16,0,15,16,19
4,8,-0.24999999999999947,0.24999999999999947,rational,1/4,5.273559366969494e-16,0,15,16,20
4,9,0.24999999999999875,0.24999999999999875,rational,1/4,1.2490009027033011e-15,0,15,16,21
4,10,0.749999999999999,0.749999999999999,rational,3/4,9.992007221626409e-16,0,15,16,22
4,11,2.756563911488067e-16,2.756563911488067e-16,algebraic,(-169*sqrt(2)/68 - 13*sqrt(6)/17 - 45*sqrt(5)/68 + 105/68 + 209*sqrt(3)/68)**2,1.8109655967201723e-19,0,15,16,24
4,12,-0.2500000000000012,0.2500000000000012,rational,1/4,1.2212453270876722e-15,0,15,16,25
4,13,0.7499999999999999,0.7499999999999999,rational,3/4,1.1102230246251565e-16,0,15,16,27
4,14,-3.9996266263822473e-17,3.9996266263822473e-17,algebraic,(-25*sqrt(2)/24 - 9/8 - 5*sqrt(5)/24 + 17*sqrt(3)/24 + 3*sqrt(6)/4)**2,8.413145261185607e-20,0,15,16,29
5,6,5.506102918161421e-16,5.506102918161421e-16,algebraic,(-97*sqrt(3)/80 - 7/4 + 37*sqrt(2)/80 + 53*sqrt(5)/80 + 7*sqrt(6)/10)**2,1.3883757307903943e-19,0,15,17,18
5,7,0.7499999999999999,0.7499999999999999,rational,3/4,1.1102230246251565e-16,0,15,17,19
5,8,-0.25000000000000056,0.25000000000000056,rational,1/4,5.551115123125783e-16,0,15,17,20
5,9,0.2499999999999979,0.2499999999999979,rational,1/4,2.1094237467877974e-15,0,15,17,21
5,10,5.171378352550741e-16,5.171378352550741e-16,algebraic,(-13*sqrt(6)/6 - 11*sqrt(2)/4 - 17/12 + 19*sqrt(5)/12 + 49*sqrt(3)/12)**2,7.265100477911177e-19,0,15,17,22
5,11,0.2499999999999995,0.2499999999999995,rational,1/4,4.996003610813204e-16,0,15,17,24
5,12,0.7500000000000011,0.7500000000000011,rational,3/4,1.1102230246251565e-15,0,15,17,25
5,13,0.2499999999999996,0.2499999999999996,rational,1/4,3.885780586188048e-16,0,15,17,27
5,14,-0.7499999999999988,0.7499999999999988,rational,3/4,1.2212453270876722e-15,0,15,17,29
6,7,0.24999999999999922,0.24999999999999922,rational,1/4,7.771561172376096e-16,0,15,18,19
6,8,0.7499999999999997,0.7499999999999997,rational,3/4,3.3306690738754696e-16,0,15,18,20
6,9,0.7500000000000006,0.7500000000000006,rational,3/4,5.551115123125783e-16,0,15,18,21
6,10,-4.522123899926697e-16,4.522123899926697e-16,algebraic,(-41*sqrt(3)/16 - 1 + 3*sqrt(6)/8 + 7*sqrt(5)/8 + 29*sqrt(2)/16)**2,1.3998062004293794e-19,0,15,18,22
6,11,-0.75,0.75,rational,3/4,0.0,0,15,18,24
6,12,-0.24999999999999753,0.24999999999999753,rational,1/4,2.4702462297909733e-15,0,15,18,25
6,13,0.24999999999999867,0.24999999999999867,rational,1/4,1.3322676295501878e-15,0,15,18,27
6,14,0.25000000000000044,0.25000000000000044,rational,1/4,4.440892098500626e-16,0,15,18,29
7,8,-0.2500000000000006,0.2500000000000006,rational,1/4,6.106226635438361e-16,0,15,19,20
7,9,0.7499999999999984,0.7499999999999984,rational,3/4,1.5543122344752192e-15,0,15,19,21
7,10,0.2500000000000009,0.2500000000000009,rational,1/4,8.881784197001252e-16,0,15,19,22
7,11,-0.25000000000000006,0.25000000000000006,rational,1/4,5.551115123125783e-17,0,15,19,24
7,12,0.25000000000000133,0.25000000000000133,rational,1/4,1.3322676295501878e-15,0,15,19,25
7,13,0.7500000000000002,0.7500000000000002,rational,3/4,2.220446049250313e-16,0,15,19,27
7,14,-0.7499999999999993,0.7499999999999993,rational,3/4,6.661338147750939e-16,0,15,19,29
8,9,0.25000000000000056,0.25000000000000056,rational,1/4,5.551115123125783e-16,0,15,20,21
8,10,0.2500000000000014,0.2500000000000014,rational,1/4,1.3877787807814457e-15,0,15,20,22
8,11,-0.24999999999999975,0.24999999999999975,rational,1/4,2.498001805406602e-16,0,15,20,24
8,12,8.35875273282025e-16,8.35875273282025e-16,algebraic,(-25*sqrt(6)/54 - 23*sqrt(5)/54 + 13*sqrt(2)/54 + 25/54 + 20*sqrt(3)/27)**2,3.312302216931097e-19,0,15,20,25
8,13,5.255931573255045e-16,5.255931573255045e-16,algebraic,(-164*sqrt(2)/13 - 105*sqrt(6)/26 - 107*sqrt(5)/26 + 219/26 + 214*sqrt(3)/13)**2,5.676992232014163e-19,0,15,20,27
8,14,0.7500000000000013,0.7500000000000013,rational,3/4,1.3322676295501878e-15,0,15,20,29
9,10,0.24999999999999864,0.24999999999999864,rational,1/4,1.3600232051658168e-15,0,15,21,22
9,11,-0.7500000000000022,0.7500000000000022,rational,3/4,2.220446049250313e-15,0,15,21,24
9,12,-0.2500000000000006,0.2500000000000006,rational,1/4,6.106226635438361e-16,0,15,21,25
9,13,0.7499999999999984,0.7499999999999984,rational,3/4,1.5543122344752192e-15,0,15,21,27
9,14,-0.24999999999999828,0.24999999999999828,rational,1/4,1.7208456881689926e-15,0,15,21,29
10,11,0.2500000000000002,0.2500000000000002,rational,1/4,2.220446049250313e-16,0,15,22,24
10,12,0.25000000000000056,0.25000000000000056,rational,1/4,5.551115123125783e-16,0,15,22,25
10,13,0.7500000000000004,0.7500000000000004,rational,3/4,4.440892098500626e-16,0,15,22,27
10,14,0.2500000000000011,0.2500000000000011,rational,1/4,1.1102230246251565e-15,0,15,22,29
11,12,0.7499999999999983,0.7499999999999983,rational,3/4,1.6653345369377348e-15,0,15,24,25
11,13,-0.2499999999999997,0.2499999999999997,rational,1/4,3.0531133177191805e-16,0,15,24,27
11,14,9.515044057508512e-16,9.515044057508512e-16,algebraic,(-131*sqrt(5)/33 - 104*sqrt(3)/33 - 20/33 + 49*sqrt(2)/33 + 173*sqrt(6)/33)**2,3.784829070422631e-19,0,15,24,29
12,13,8.43657814387743e-16,8.43657814387743e-16,algebraic,(-14*sqrt(5)/17 - sqrt(3) - sqrt(2)/17 + 19/34 + 43*sqrt(6)/34)**2,6.446330300708459e-20,0,15,25,27
12,14,-0.24999999999999895,0.24999999999999895,rational,1/4,1.0547118733938987e-15,0,15,25,29
13,14,-0.24999999999999886,0.24999999999999886,rational,1/4,1.1379786002407855e-15,0,15,27,29
0,1,0.5000000000000001,0.5000000000000001,rational,1/2,1.1102230246251565e-16,1,10,0,1
0,2,3.781232708883314e-18,3.781232708883314e-18,algebraic,(-41*sqrt(3)/175 - 16/175 + 6*sqrt(6)/175 + 2*sqrt(5)/25 + 29*sqrt(2)/175)**2,2.276405229683136e-21,1,10,0,2
0,3,0.49999999999999967,0.49999999999999967,rational,1/2,3.3306690738754696e-16,1,10,0,3
0,4,-1.5643950329485726e-16,1.5643950329485726e-16,algebraic,(-78*sqrt(2)/167 - 15*sqrt(5)/167 - 12*sqrt(6)/167 + 52/167 + 70*sqrt(3)/167)**2,8.91506349997217e-21,1,10,0,4
0,5,0.5000000000000006,0.5000000000000006,rational,1/2,5.551115123125783e-16,1,10,0,5
0,6,0.5000000000000001,0.5000000000000001,rational,1/2,1.1102230246251565e-16,1,10,0,6
0,7,4.796512815903662e-16,4.796512815903662e-16,algebraic,(-11*sqrt(2)/2 - 29*sqrt(6)/18 - 59*sqrt(5)/36 + 121/36 + 125*sqrt(3)/18)**2,7.940206485673427e-22,1,10,0,7
0,8,0.5,0.5,rational,1/2,0.0,1,10,0,8
0,9,0.5000000000000008,0.5000000000000008,rational,1/2,7.771561172376096e-16,1,10,0,9
1,2,-0.4999999999999996,0.4999999999999996,rational,1/2,3.885780586188048e-16,1,10,1,2
1,3,-0.5000000000000004,0.5000000000000004,rational,1/2,4.440892098500626e-16,1,10,1,3
1,4,0.4999999999999987,0.4999999999999987,rational,1/2,1.27675647831893e-15,1,10,1,4
1,5,5.135119877639935e-16,5.135119877639935e-16,algebraic,(-41*sqrt(3)/15 - 16/15 + 2*sqrt(6)/5 + 14*sqrt(5)/15 + 29*sqrt(2)/15)**2,8.459535666396786e-19,1,10,1,5
1,6,-3.0825643641617774e-16,3.0825643641617774e-16,algebraic,(-35*sqrt(3)/24 - 107/72 + 5*sqrt(5)/18 + 41*sqrt(2)/72 + 19*sqrt(6)/18)**2,1.8862676340986612e-20,1,10,1,6
1,7,-7.240485470355933e-16,7.240485470355933e-16,algebraic,(-107*sqrt(2)/65 - 29*sqrt(5)/65 - 18*sqrt(6)/65 + 68/65 + 111*sqrt(3)/65)**2,3.2837501280532677e-19,1,10,1,7
1,8,0.5000000000000003,0.5000000000000003,rational,1/2,3.3306690738754696e-16,1,10,1,8
1,9,0.49999999999999983,0.49999999999999983,rational,1/2,1.6653345369377348e-16,1,10,1,9
2,3,0.4999999999999999,0.4999999999999999,rational,1/2,1.1102230246251565e-16,1,10,2,3
2,4,-0.5000000000000004,0.5000000000000004,rational,1/2,4.440892098500626e-16,1,10,2,4
2,5,-0.5000000000000003,0.5000000000000003,rational,1/2,3.3306690738754696e-16,1,10,2,5
2,6,-3.306991415797908e-16,3.306991415797908e-16,algebraic,(-13*sqrt(3)/44 - 7/44 - 3*sqrt(2)/44 + 5*sqrt(5)/88 + 23*sqrt(6)/88)**2,7.884917133470516e-20,1,10,2,6
2,7,0.5000000000000002,0.5000000000000002,rational,1/2,2.220446049250313e-16,1,10,2,7
2,8,6.869332975886713e-16,6.869332975886713e-16,algebraic,(-3*sqrt(2)/184 - sqrt(6)/184 - sqrt(5)/184 + 1/92 + sqrt(3)/46)**2,9.725669087882194e-20,1,10,2,8
2,9,0.5000000000000007,0.5000000000000007,rational,1/2,6.661338147750939e-16,1,10,2,9
3,4,-0.49999999999999933,0.49999999999999933,rational,1/2,6.661338147750939e-16,1,10,3,4
3,5,0.49999999999999983,0.49999999999999983,rational,1/2,1.6653345369377348e-16,1,10,3,5
3,6,0.5000000000000001,0.5000000000000001,rational,1/2,1.1102230246251565e-16,1,10,3,6
3,7,1.025343732725304e-15,1.025343732725304e-15,algebraic,(-47*sqrt(5)/45 + 8*sqrt(3)/45 + 1/3 + 7*sqrt(2)/15 + 19*sqrt(6)/45)**2,2.3938890488918194e-19,1,10,3,7
3,8,-2.7874590785209415e-16,2.7874590785209415e-16,algebraic,(-14*sqrt(5)/123 - 6/41 - sqrt(6)/123 + 17*sqrt(2)/123 + 16*sqrt(3)/123)**2,2.5824882695431614e-20,1,10,3,8
3,9,7.55171982629644e-16,7.55171982629644e-16,algebraic,(-39*sqrt(2)/38 - 15*sqrt(5)/76 - 3*sqrt(6)/19 + 13/19 + 35*sqrt(3)/38)**2,2.279376605611814e-19,1,10,3,9
4,5,1.936523826958704e-15,1.936523826958704e-15,algebraic,(-48*sqrt(5)/11 - 41/11 + 6*sqrt(2)/11 + 27*sqrt(3)/11 + 38*sqrt(6)/11)**2,2.430255243180845e-18,1,10,4,5
4,6,0.5000000000000008,0.5000000000000008,rational,1/2,7.771561172376096e-16,1,10,4,6
4,7,0.4999999999999996,0.4999999999999996,rational,1/2,3.885780586188048e-16,1,10,4,7
4,8,-0.5000000000000012,0.5000000000000012,rational,1/2,1.2212453270876722e-15,1,10,4,8
4,9,-2.3795235285879427e-15,2.3795235285879427e-15,algebraic,(-11*sqrt(6)/29 - 12*sqrt(2)/29 + 2*sqrt(3)/29 + 25/58 + 25*sqrt(5)/58)**2,5.469907650149502e-19,1,10,4,9
5,6,0.5000000000000009,0.5000000000000009,rational,1/2,8.881784197001252e-16,1,10,5,6
5,7,-0.49999999999999856,0.49999999999999856,rational,1/2,1.4432899320127035e-15,1,10,5,7
5,8,-5.188735770177013e-16,5.188735770177013e-16,algebraic,(-34*sqrt(3)/7 - 27*sqrt(2)/7 - 29/7 + 4*sqrt(6)/7 + 52*sqrt(5)/7)**2,1.659658697905572e-18,1,10,5,8
5,9,-0.4999999999999988,0.4999999999999988,rational,1/2,1.2212453270876722e-15,1,10,5,9
6,7,0.5000000000000007,0.5000000000000007,rational,1/2,6.661338147750939e-16,1,10,6,7
6,8,-0.5000000000000001,0.5000000000000001,rational,1/2,1.1102230246251565e-16,1,10,6,8
6,9,-1.2319061150905147e-16,1.2319061150905147e-16,algebraic,(-198*sqrt(2)/71 - 58*sqrt(6)/71 - 59*sqrt(5)/71 + 121/71 + 250*sqrt(3)/71)**2,1.2402645799380741e-19,1,10,6,9
7,8,-0.5,0.5,rational,1/2,0.0,1,10,7,8
7,9,0.499999999999999,0.499999999999999,rational,1/2,9.992007221626409e-16,1,10,7,9
8,9,0.5000000000000011,0.5000000000000011,rational,1/2,1.1102230246251565e-15,1,10,8,9
0,1,-0.2499999999999995,0.2499999999999995,rational,1/4,4.996003610813204e-16,2,5,10,14
0,2,0.2500000000000016,0.2500000000000016,rational,1/4,1.609823385706477e-15,2,5,10,23
0,3,-0.2500000000000001,0.2500000000000001,rational,1/4,1.1102230246251565e-16,2,5,10,26
0,4,0.2500000000000005,0.2500000000000005,rational,1/4,4.996003610813204e-16,2,5,10,28
1,2,0.24999999999999883,0.24999999999999883,rational,1/4,1.1657341758564144e-15,2,5,14,23
1,3,-0.24999999999999994,0.24999999999999994,rational,1/4,5.551115123125783e-17,2,5,14,26
1,4,0.2500000000000002,0.2500000000000002,rational,1/4,2.220446049250313e-16,2,5,14,28
2,3,0.24999999999999944,0.24999999999999944,rational,1/4,5.551115123125783e-16,2,5,23,26
2,4,-0.25,0.25,rational,1/4,0.0,2,5,23,28
3,4,0.2500000000000001,0.2500000000000001,rational,1/4,1.1102230246251565e-16,2,5,26,28
