probe_id,point_norm_squared,direct_determinant,predicted_determinant,absolute_residual
0,3.0203405404688235,3.641540708688214e-05,3.6415407086881975e-05,1.6263032587282567e-19
1,1.058228239863259,4.214309840999682e-09,4.214309840999563e-09,1.1911400820763599e-22
2,3.9118324899253483,3.542981281368152e-05,3.542981281368299e-05,1.463672932855431e-18
3,2.7229372983934286,3.032272289935454e-06,3.032272289935377e-06,7.665648172651418e-20
4,8.93669751599251,0.0036592446232997836,0.00365924462330002,2.3635607360183997e-16
5,1.2508453967030702,1.3369878720073729e-07,1.336987872007336e-07,3.679299364635867e-21
6,1.0214524073526294,9.157946006706848e-09,9.157946006706427e-09,4.2020775117693806e-22
7,5.948506292570238,9.22283147201722e-05,9.222831472017841e-05,6.207057437479513e-18
8,2.2860090236921273,6.622211864366515e-06,6.622211864366652e-06,1.3721933745519665e-19
9,0.8105468034563315,3.114922259083982e-09,3.114922259084166e-09,1.8404768629304866e-22
10,5.321339461481422,0.000389378093579586,0.0003893780935795894,3.415236843329339e-18
11,4.493480207584801,0.00015041262931088042,0.000150412629310872,8.429671891074797e-18
12,2.167072517444374,5.13417854065659e-06,5.13417854065648e-06,1.1011428314305904e-19
13,4.012966847254504,0.00012383213766185136,0.00012383213766185527,3.903127820947816e-18
14,4.515705917905315,0.00025101153690080543,0.00025101153690080776,2.3310346708438345e-18
15,4.626548471196699,4.654340537437921e-06,4.6543405374396216e-06,1.700842158086635e-18
16,2.191244494843426,3.826249886519953e-06,3.826249886519905e-06,4.743384504624082e-20
17,3.125159941540927,3.986475775604892e-05,3.9864757756047725e-05,1.1926223897340549e-18
18,1.1916986017962015,2.6924248541523885e-07,2.6924248541523573e-07,3.1234339930002325e-21
19,14.245515049239255,0.29360159542660885,0.2936015954266055,3.3306690738754696e-15
20,1.5937021233735644,1.0473712106830223e-06,1.0473712106830237e-06,1.4823076576950256e-21
21,4.3159028996523645,0.00019344239921216747,0.00019344239921216335,4.119968255444917e-18
22,0.5985650068332931,2.029839533882326e-12,2.0298395338828647e-12,5.387983091531928e-25
23,7.516667762071151,0.0008662907887222782,0.0008662907887222374,4.0766001685454967e-17
24,3.9812106921495714,3.290337469470278e-05,3.290337469470381e-05,1.0299920638612292e-18
25,6.4798766627745925,0.005085768738977393,0.005085768738977373,1.9949319973733282e-17
26,4.389167849397666,0.00029030556045483774,0.0002903055604548418,4.065758146820642e-18
27,5.247127397602224,0.00030016178550693767,0.0003001617855069287,8.944667923005412e-18
28,2.909818267084831,1.4458405950609021e-05,1.4458405950608548e-05,4.726443845678996e-19
29,1.7511018591532133,1.4780187900720844e-07,1.4780187900721066e-07,2.2234614865425384e-21
30,0.3284415899805495,6.555605705827892e-11,6.555605705828017e-11,1.2536956159006826e-24
31,3.502834835665188,0.00014892535905767444,0.0001489253590576755,1.0570971181733668e-18
32,1.0415025190976324,6.83991663980902e-08,6.839916639808908e-08,1.1117307432712692e-21
33,2.5692415152900665,2.404224083565762e-05,2.404224083565789e-05,2.676624113323589e-19
34,6.904370665160645,9.492290516200063e-05,9.492290516199103e-05,9.608741753652783e-18
35,4.777897363657733,2.0227951984094966e-05,2.0227951984097816e-05,2.8494188345634663e-18
36,1.0094990257960779,2.7594566593606943e-08,2.7594566593605914e-08,1.0290126820159664e-21
37,4.12421360660957,0.0003180447326224834,0.0003180447326224826,8.131516293641283e-19
38,3.0679281722047786,2.4845676601301164e-05,2.4845676601300527e-05,6.369687763352339e-19
39,3.3581081779140503,7.112809763104332e-05,7.112809763104225e-05,1.0706496453294356e-18
40,1.1798969170170701,1.8068890778996303e-07,1.8068890778996343e-07,3.970466940254533e-22
41,3.8923625608944703,0.0003693354572106008,0.0003693354572105962,4.607859233063394e-18
42,3.91029626548474,0.00021303114218844613,0.00021303114218844412,2.0057740190981832e-18
43,4.727019335320241,0.0004974508069827727,0.0004974508069827665,6.179952383167375e-18
44,1.6176656268471925,5.716217752773827e-07,5.71621775277373e-07,9.740878893424454e-21
45,3.371165246592404,6.001867383910284e-07,6.001867383910109e-07,1.7470054537119944e-20
46,4.292129555547811,0.000564442154418118,0.0005644421544181203,2.2768245622195593e-18
47,1.4272200844565568,5.323101794416355e-07,5.323101794416386e-07,3.0704944337968387e-21
48,4.833205636702005,0.0007629847249139387,0.0007629847249139356,3.144186300207963e-18
49,13.26858026432996,0.5411898204686686,0.5411898204686718,3.219646771412954e-15
50,3.0692349062452013,1.640798788801838e-05,1.640798788801892e-05,5.421010862427522e-19
51,0.9791619872115532,6.019614718356268e-08,6.019614718356366e-08,9.793818452627848e-22
52,9.259398774041191,0.030127169777410586,0.030127169777410263,3.226585665316861e-16
53,2.634958658609569,1.5955224663079226e-05,1.595522466307918e-05,4.743384504624082e-20
54,6.68687459279536,2.980244409891439e-05,2.9802444098922296e-05,7.90451146377713e-18
55,4.375159355987805,7.591153284071649e-08,7.591153284085357e-08,1.3708698855718817e-19
56,6.02849597353294,0.0020743443579553564,0.0020743443579553426,1.3877787807814457e-17
57,0.9286466629382414,3.4450143883465644e-08,3.445014388346604e-08,3.970466940254533e-22
58,0.2493001471500723,2.6689569940975924e-11,2.6689569940975646e-11,2.7788098702953273e-25
59,2.8146916094595404,3.7062957534392367e-06,3.70629575343943e-06,1.9312351197398048e-19
60,4.616040538027799,5.2413642890106325e-05,5.241364289010761e-05,1.2874900798265365e-18
61,3.9100769724274897,7.863396524979913e-05,7.863396524980064e-05,1.5043305143236374e-18
62,4.170910411555812,9.24857071530061e-05,9.248570715300435e-05,1.748276003132876e-18
63,1.2475084732397559,3.379894919905216e-08,3.379894919905158e-08,5.757177063369073e-22
64,1.8408846151914255,2.3443609359145337e-06,2.344360935914499e-06,3.4728350837426314e-20
65,9.537248292894612,0.03328130950824934,0.03328130950824935,6.938893903907228e-18
66,3.478103733293157,9.047778796506197e-05,9.047778796506286e-05,8.944667923005412e-19
67,4.2090520318705344,0.00032059440798308156,0.0003205944079830783,3.2526065174565133e-18
68,1.6338022527002791,7.973273047229834e-08,7.973273047228907e-08,9.26442286059391e-21
69,5.218027064867066,0.0013902725903564357,0.0013902725903564264,9.324138683375338e-18
70,21.69164341160738,0.03263419625971774,0.03263419625970582,1.1921019726912618e-14
71,6.130332799072392,0.00071557308227925,0.0007155730822792196,3.0357660829594124e-17
72,0.7393672992795466,2.2563091881111264e-09,2.2563091881110644e-09,6.203854594147708e-23
73,4.637163914061551,0.00025973198231303487,0.0002597319823130249,9.974659986866641e-18
74,0.7522110473993511,1.0385684704503413e-08,1.038568470450327e-08,1.4227506535912076e-22
75,6.156784821723399,1.0943690678389408e-05,1.0943690678383474e-05,5.934312828463628e-18
76,5.982599451143711,0.0007627698210690478,0.0007627698210690354,1.235990476633475e-17
77,1.5562589100700914,2.805551250616643e-08,2.8055512506169108e-08,2.6767564622215976e-21
78,1.7430271650897424,2.632737929684066e-06,2.6327379296840584e-06,7.623296525288703e-21
79,2.5162996374414837,2.457929721246637e-05,2.4579297212466094e-05,2.744386749103933e-19
80,0.5078690387933477,5.6124061131479474e-11,5.61240611314735e-11,5.9712100468671685e-24
81,6.2459713714690315,0.00021421138587589237,0.0002142113858758996,7.237049501340742e-18
82,2.33941929897453,1.5458838692866316e-05,1.54588386928664e-05,8.470329472543003e-20
83,8.572721079271352,0.0015808835256205685,0.0015808835256206442,7.567731163948821e-17
84,1.9466454176478218,4.276342999254447e-06,4.2763429992545e-06,5.336307567702092e-20
85,8.902323052623405,0.0014661048449736162,0.0014661048449734408,1.7542391150815462e-16
86,6.518009944900785,0.0010044447805219062,0.0010044447805218617,4.445228907190568e-17
87,1.879494758209012,1.3856055028838215e-06,1.385605502883804e-06,1.7364175418713157e-20
88,0.8548598038742182,1.9172782625733356e-09,1.9172782625731855e-09,1.5013328117837452e-22
89,2.009677339184907,5.129760082634706e-07,5.129760082634645e-07,6.03510974918689e-21
90,4.757065044544584,0.0010681052317381172,0.001068105231738122,4.7704895589362195e-18
91,3.375767883160832,0.00012471805319616154,0.00012471805319616108,4.607859233063394e-19
92,3.733149896638566,0.00014117078616066674,0.0001411707861606669,1.6263032587282567e-19
93,8.135829253819123,0.0005087237162062291,0.0005087237162061704,5.865533753146579e-17
94,4.379938930646086,4.7169495283451786e-05,4.716949528344786e-05,3.923456611681919e-18
95,4.172699496960645,0.00016596905321060988,0.00016596905321060774,2.1412992906588713e-18
96,4.477353420753331,0.00021740276635147612,0.00021740276635148745,1.1329912702473521e-17
97,1.7009541379058588,3.2651867771388483e-07,3.265186777138916e-07,6.776263578034403e-21
98,5.024426497478357,0.0007447970302038668,0.000744797030203868,1.1926223897340549e-18
99,4.248814515450752,2.798475563448819e-05,2.7984755634486597e-05,1.5924219408380846e-18
100,1.8285804524890774,1.6902679035093195e-06,1.6902679035093333e-06,1.376428539288238e-20
101,4.39930656478685,0.0007834002422395199,0.0007834002422395219,2.0599841277224584e-18
102,2.488730821233924,1.664234456249844e-05,1.6642344562498136e-05,3.049318610115481e-19
103,5.7973503550843875,0.0003688927558668979,0.00036889275586691176,1.3877787807814457e-17
104,5.87154469513629,0.0008069893145514414,0.0008069893145514463,4.9873299934333204e-18
105,2.5560301540796013,9.962500073582724e-08,9.962500073580015e-08,2.7091819422336762e-20
106,2.3648953056538944,3.1375130382323057e-06,3.1375130382324776e-06,1.7194768829262297e-19
107,3.8606195378010844,1.0844698814340265e-05,1.0844698814340463e-05,1.9820570965750628e-19
108,4.579479571584817,0.0006217575275632383,0.0006217575275632247,1.3660947373317356e-17
109,6.706140148112534,0.0015919505524181184,0.001591950552418181,6.266688556966216e-17
110,1.0265694321477599,8.14224808943085e-08,8.14224808943093e-08,8.07328277851755e-22
111,5.861928107642457,0.0006835102461179611,0.0006835102461179763,1.5178830414797062e-17
112,4.584098891603423,0.00012546583405326605,0.00012546583405326185,4.20128341838133e-18
113,1.9326022329114454,1.5085225885956279e-06,1.5085225885956389e-06,1.1011428314305904e-20
114,4.677637428170734,4.8025620755340334e-05,4.802562075534177e-05,1.4365678785432934e-18
115,3.8142661428614453,3.166037992162608e-05,3.1660379921627705e-05,1.6263032587282567e-18
116,2.922176379878746,9.778685827117907e-07,9.778685827118649e-07,7.411538288475128e-20
117,4.944547785933134,3.820541853474349e-06,3.8205418534756e-06,1.2510676630946016e-18
118,2.699494128118604,1.0993645733758852e-05,1.0993645733759276e-05,4.2351647362715017e-19
119,2.3499837038438196,1.0836898625678386e-06,1.083689862567772e-06,6.649208635946258e-20
120,7.2137264397762,0.0012716929475112557,0.0012716929475112052,5.0523821237824507e-17
121,3.788569753519882,2.7376558608214526e-06,2.7376558608214594e-06,6.776263578034403e-21
122,5.371860876907159,0.0019979824225261947,0.001997982422526172,2.2551405187698492e-17
123,2.429588114625059,2.212590979972289e-05,2.212590979972262e-05,2.710505431213761e-19
124,6.924141933191885,0.00018771693603913188,0.00018771693603915332,2.144009796090085e-17
125,3.486518235283001,3.53935759235876e-06,3.539357592358884e-06,1.24090326772755e-19
126,7.443458836405336,0.011021824741754702,0.01102182474175465,5.204170427930421e-17
127,5.444549791277726,0.0009220669034982288,0.0009220669034982158,1.3010426069826053e-17
128,1.9462618909591909,2.2148365020387226e-07,2.2148365020385103e-07,2.1228763240560902e-20
129,4.3476806915091455,1.772718354527304e-05,1.772718354527151e-05,1.531435568635775e-18
130,2.211222122615365,2.2281424444051915e-06,2.2281424444051826e-06,8.893845946170154e-21
131,2.3090283033310195,1.1438767778694459e-05,1.143876777869435e-05,1.0842021724855044e-19
132,7.40822419456216,0.006308594562323981,0.006308594562323921,5.984795992119984e-17
133,3.0291577772524256,1.2299776367317714e-05,1.2299776367317663e-05,5.082197683525802e-20
134,2.9651236070925275,5.59026647436116e-05,5.590266474361058e-05,1.0164395367051604e-18
135,3.1668361789824395,5.440745146631315e-05,5.440745146631335e-05,2.0328790734103208e-19
136,1.4635664994916255,2.0624587870623565e-07,2.0624587870623472e-07,9.26442286059391e-22
137,0.40167768576691787,3.1403098253252126e-10,3.1403098253251743e-10,3.825710333057753e-24
138,3.2934959865936353,1.0268830164093463e-05,1.0268830164092912e-05,5.505714157152952e-19
139,9.962848462952332,0.09737781911903413,0.09737781911903444,3.0531133177191805e-16
140,3.0778669167457893,4.704280216192516e-06,4.7042802161923275e-06,1.8804131429045468e-19
141,3.909864902872469,7.819399452288467e-06,7.819399452287524e-06,9.435947032412906e-19
142,4.505352550952224,2.1613416189537204e-05,2.1613416189538085e-05,8.809142651444724e-19
143,3.449188080580606,6.088559852632895e-05,6.088559852632861e-05,3.4558944247975454e-19
144,4.680807004537468,0.00023004752304301416,0.00023004752304302086,6.69494841509799e-18
145,2.4323723999828344,3.3498728269312096e-06,3.349872826931222e-06,1.2281977735187355e-20
146,3.661531529591493,1.1095572775852524e-05,1.1095572775851259e-05,1.2654672231979247e-18
147,7.0166330851540515,0.008484582568694384,0.008484582568694254,1.3010426069826053e-16
148,0.6171853695288503,1.0041952917200478e-10,1.0041952917202646e-10,2.1674716988303553e-23
149,10.788805416849621,0.058329090075561675,0.058329090075562195,5.204170427930421e-16
150,9.451645386580267,0.03225492762614229,0.03225492762614272,4.3021142204224816e-16
151,2.363222053398823,9.923944861375973e-06,9.92394486137588e-06,9.317362419797304e-20
152,4.104890471092881,9.674519712709145e-05,9.674519712709234e-05,8.944667923005412e-19
153,3.7117283930074167,0.00017337258118069518,0.00017337258118069697,1.7889335846010823e-18
154,1.08082317674847,1.9036733842466673e-08,1.903673384246638e-08,2.9447629806887785e-22
155,1.7215113800040949,6.837721459908713e-08,6.837721459908547e-08,1.6675961149069038e-21
156,2.1216548975811533,3.476351921794861e-06,3.4763519217948484e-06,1.2705494208814505e-20
157,4.272032905978458,0.0004359655365782699,0.0004359655365782632,6.7220534694101275e-18
158,3.038753516026129,5.340684404536473e-05,5.340684404536478e-05,4.743384504624082e-20
159,2.6827265522895414,2.2778652103104836e-05,2.277865210310493e-05,9.486769009248164e-20
160,2.2166473001772764,7.177197897558995e-07,7.177197897558786e-07,2.0964065444543933e-20
161,5.345578362685197,0.0006775097748151773,0.0006775097748151622,1.5070410197548512e-17
162,10.896777909359713,0.0058066299228065,0.005806629922806804,3.0357660829594124e-16
163,0.6566371952132528,1.6274970334613571e-09,1.6274970334614002e-09,4.301339185275744e-23
164,7.625298970601814,0.004230461973886127,0.004230461973886057,6.938893903907228e-17
165,1.8405653660098817,1.4140940653949002e-06,1.4140940653949064e-06,6.1409888675936775e-21
166,7.950282677865852,0.015346394170389105,0.01534639417038906,4.5102810375396984e-17
167,3.665743557679298,0.00014726921439023685,0.00014726921439023742,5.692061405548898e-19
168,5.184774922161755,0.0007051994096584204,0.0007051994096584165,3.903127820947816e-18
169,0.7331893303270169,4.565312506089731e-09,4.565312506089609e-09,1.224227306578481e-22
170,12.982700708602332,0.10986630730537836,0.10986630730537479,3.566591466608315e-15
171,3.549106431770015,0.00012897582203544883,0.00012897582203544962,7.860465750519907e-19
172,5.6598360797127665,0.0002859965529538586,0.00028599655295383686,2.1738253558334364e-17
173,2.736332246193098,9.844283240188588e-06,9.844283240188359e-06,2.286988957586611e-19
174,3.642678790935252,3.226694656394672e-06,3.2266946563948915e-06,2.193815333388638e-19
175,2.6868162149075965,1.908383178857455e-05,1.9083831788574084e-05,4.675621868843738e-19
176,4.3746238104882424,0.0004550591755267253,0.000455059175526714,1.1329912702473521e-17
177,1.9826274485144033,3.1520181981598413e-06,3.152018198159847e-06,5.929230630780102e-21
178,3.7027767856251,3.979578982111867e-05,3.979578982111674e-05,1.9312351197398048e-18
179,2.835615498241437,4.356140824661721e-06,4.3561408246614205e-06,3.006966962752766e-19
180,4.121313070728125,3.6054215457595874e-05,3.605421545759637e-05,4.946672411965114e-19
181,3.6641597409123468,9.969092686693787e-05,9.969092686693661e-05,1.260385025514399e-18
182,1.6406686282866825,4.1023150225389483e-07,4.1023150225392093e-07,2.609920268727313e-20
183,1.6572560785628396,1.6267705694278074e-06,1.626770569427787e-06,2.0540548970916783e-20
184,1.8187102105067612,1.328880140084721e-06,1.3288801400847163e-06,4.658681209898652e-21
185,4.564089453540221,7.009297685688348e-05,7.009297685689048e-05,7.006656539687572e-18
186,3.7913541313467056,0.0001064679992353607,0.00010646799923535988,8.131516293641283e-19
187,2.661995469232812,1.860526219131757e-05,1.860526219131716e-05,4.0996394647108136e-19
188,5.082954555396723,1.7088831551237518e-06,1.7088831551227277e-06,1.0240628332304491e-18
189,0.5467353346624471,2.0898810804011776e-11,2.0898810804008102e-11,3.6738451424718456e-24
190,6.091087580442424,0.002756023326179468,0.002756023326179537,6.938893903907228e-17
191,2.4350444588120967,1.5140486292719396e-05,1.514048629271932e-05,7.623296525288703e-20
192,7.808583137271915,0.015214872556981413,0.015214872556981758,3.452099717193846e-16
193,2.8811601088470407,1.4665903681862023e-05,1.4665903681861917e-05,1.0672615135404184e-19
194,1.38325136747018,2.741371202442045e-07,2.741371202442067e-07,2.2234614865425384e-21
195,0.3448397023449541,5.605540258650142e-11,5.6055402586501615e-11,1.9387045606711586e-25
196,1.669971790009909,1.3498172004494953e-06,1.3498172004494896e-06,5.717472393966527e-21
197,7.534091778376876,0.0091373029044009,0.009137302904400707,1.9255430583342559e-16
198,2.2992097209556093,3.715401724905203e-08,3.7154017249038485e-08,1.3545909711168381e-20
199,3.1788465638678316,4.7613034021321906e-05,4.761303402132166e-05,2.439454888092385e-19
200,4.572239015050439,2.0773733700818456e-05,2.0773733700819527e-05,1.0706496453294356e-18
201,2.813940479004639,7.849634901068196e-06,7.849634901068098e-06,9.825582188149884e-20
202,5.582594031767908,0.002975899632756279,0.002975899632756243,3.599551212651875e-17
203,2.075973327749912,1.1786752536919653e-07,1.1786752536917741e-07,1.9124415762226e-20
204,2.3053210251631784,5.653844171136851e-06,5.6538441711368045e-06,4.658681209898652e-20
205,5.962859593299692,0.004419859934347391,0.004419859934347327,6.418476861114186e-17
206,3.7994472430322865,2.855909658156007e-05,2.8559096581558095e-05,1.9752808329970284e-18
207,1.4701345849452223,1.0193807292913981e-07,1.0193807292913388e-07,5.929230630780102e-21
208,10.928640926864695,0.018075699283261044,0.01807569928326041,6.349087922075114e-16
209,6.356039890605036,0.0002599267210421642,0.00025992672104218907,2.4882439858542327e-17
210,2.8281411330867567,1.8962363277117232e-05,1.8962363277116955e-05,2.778268066994105e-19
211,2.4773134697245336,6.447573298915354e-06,6.447573298915374e-06,2.0328790734103208e-20
212,0.561907412165633,1.8820411309124575e-10,1.8820411309124239e-10,3.360421238496675e-24
213,1.2228268074188162,2.077906992897505e-07,2.07790699289747e-07,3.494010907423989e-21
214,2.8428478213216746,1.9271549033537586e-06,1.927154903353616e-06,1.427250516123496e-19
215,4.302750309079632,9.079271823705636e-05,9.079271823705542e-05,9.351243737687476e-19
216,0.4824536195496572,7.632594889854019e-10,7.632594889853947e-10,7.134432783269864e-24
217,5.103033270596939,4.203706920714365e-05,4.203706920714538e-05,1.734723475976807e-18
218,0.7371054141361159,4.264057200607715e-09,4.264057200607616e-09,9.926167350636332e-23
219,4.682692611387366,0.00011787954656198576,0.00011787954656198082,4.946672411965114e-18
220,6.340120837850369,0.0011562441378748702,0.001156244137874836,3.426078865054194e-17
221,2.597241981571083,2.9790049050213616e-05,2.9790049050213247e-05,3.6930636500287495e-19
222,4.099253813793112,1.6586962600029846e-06,1.658696260003804e-06,8.19292618231722e-19
223,5.069542803526631,0.0013073521513444488,0.0013073521513444666,1.7780915628762273e-17
224,4.123809828644515,4.415542517227966e-06,4.415542517226744e-06,1.221421509940701e-18
225,9.540341770222929,0.009349046055902227,0.009349046055901722,5.048045315092509e-16
226,4.837540207661965,0.0005791021569315245,0.0005791021569315157,8.782037597132586e-18
227,3.2330863044347993,1.0600716728334684e-05,1.0600716728334877e-05,1.9312351197398048e-19
228,2.5702711292301728,6.482717226387298e-07,6.482717226387162e-07,1.3552527156068805e-20
229,2.7569275552625525,1.0864119337227122e-05,1.086411933722721e-05,8.809142651444724e-20
230,3.568807747929819,2.1712050072892574e-05,2.171205007289158e-05,9.9272261418204e-19
231,1.2318830303865895,1.0011670472187321e-07,1.0011670472187199e-07,1.2176098616780567e-21
232,4.37655158635746,9.048518882370561e-06,9.04851888236948e-06,1.0808140406964872e-18
233,2.9911139929763824,4.903936781161318e-05,4.903936781161315e-05,2.710505431213761e-20
234,10.77824842391595,0.02091998183078953,0.020919981830788706,8.257283745649602e-16
235,3.4269798966078318,0.00015221914674350142,0.00015221914674350267,1.2468324983583301e-18
236,1.600111819511558,3.421972849138714e-08,3.421972849138999e-08,2.8455013071824152e-21
237,1.9161953450943279,5.071965150996583e-07,5.071965150996244e-07,3.39871970085788e-20
238,7.861256234086596,0.006291516683454484,0.006291516683454466,1.734723475976807e-17
239,2.777933057292101,1.3159290401978395e-05,1.3159290401978978e-05,5.827586677109586e-19
240,3.857775141605533,0.00014157213228305608,0.0001415721322830569,8.131516293641283e-19
241,3.4127101931911037,1.836210269099319e-05,1.836210269099296e-05,2.270048298641525e-19
242,1.825877726927188,4.4001476962484003e-07,4.4001476962482536e-07,1.4664257899340075e-20
243,2.559933885759351,7.496964211921643e-06,7.496964211921566e-06,7.707999820014133e-20
244,9.347983956493465,0.022539882440536726,0.022539882440536636,9.020562075079397e-17
245,1.608725269814887,6.840324130736378e-08,6.840324130736484e-08,1.0587911840678754e-21
246,10.408947629413033,0.003622988370580597,0.0036229883705804953,1.0191500421363742e-16
247,18.564977485046057,2.21895039270579,2.2189503927058483,5.81756864903582e-14
248,6.411077814493822,0.003853660517500914,0.0038536605175008482,6.591949208711867e-17
249,0.9335364562736164,1.0333740871473208e-08,1.033374087147292e-08,2.8785885316845363e-22
250,6.414734585604133,0.001253802831804875,0.0012538028318049015,2.6454533008646308e-17
251,4.765948469925431,0.0001943993091111615,0.00019439930911116003,1.463672932855431e-18
252,5.946730916530888,0.002347293373623908,0.0023472933736238604,4.7704895589362195e-17
253,0.6258649952565357,5.633357353944128e-09,5.63335735394415e-09,2.150669592637872e-23
254,4.936740107746716,0.00035325501330479235,0.0003532550133048031,1.0733601507606494e-17
255,0.8232891777114402,9.410629728890173e-10,9.410629728889608e-10,5.645507680674414e-23
256,10.047602483018814,0.008045744324465988,0.008045744324466034,4.683753385137379e-17
257,4.15072332199381,5.550531750511685e-05,5.5505317505115615e-05,1.2332799712022613e-18
258,6.845624607181265,0.007917746100836294,0.007917746100836438,1.43982048506075e-16
259,5.241269333101169,0.0017559821330818603,0.0017559821330818339,2.6454533008646308e-17
260,6.798974087067869,0.000659221800927426,0.0006592218009274472,2.1141942363467336e-17
261,1.2205281028838508,7.908123026640048e-08,7.908123026640394e-08,3.4543062380214436e-21
262,2.204635447597061,1.0687331082085372e-05,1.0687331082085268e-05,1.0333801956502464e-19
263,11.252161414185553,0.004143465535727414,0.004143465535726894,5.195496810550537e-16
264,4.187269364395956,0.0004875781232738984,0.0004875781232738912,7.209944447028604e-18
265,6.575128651196573,0.007272110905476241,0.007272110905476235,6.071532165918825e-18
266,4.82726678799091,0.00014005732508602585,0.00014005732508602775,1.8973538018496328e-18
267,2.1727741442538995,7.2476679525799955e-06,7.247667952579939e-06,5.675120746603812e-20
268,8.116533148381434,0.00039387393877868656,0.00039387393877866954,1.702197410802242e-17
269,3.218438930347835,3.965890997468564e-05,3.9658909974684206e-05,1.4365678785432934e-18
270,4.707636456046971,0.0010049379235576802,0.0010049379235576798,4.336808689942018e-19
271,0.3126825196605949,3.2224003922783093e-12,3.2224003922778295e-12,4.798293787661118e-25
272,1.804507108996621,1.227872708866548e-07,1.2278727088664855e-07,6.246867986000465e-21
273,1.7941350780862877,6.620289598728328e-08,6.620289598727827e-08,5.0027883447207114e-21
274,3.4891710488244807,4.541270364303198e-05,4.541270364303088e-05,1.1045309632196076e-18
275,0.9470119279363164,1.7190359879559232e-09,1.7190359879558949e-09,2.83309359799412e-23
276,5.269423558071201,0.0018987016582190307,0.0018987016582190275,3.2526065174565133e-18
277,7.79737470702221,0.0010452258134528638,0.0010452258134528768,1.3010426069826053e-17
278,0.8441477692983821,1.7888955812056658e-09,1.788895581205654e-09,1.1787323728880644e-23
279,6.5504216869964695,0.00472947235603878,0.004729472356038793,1.3010426069826053e-17
280,8.787265089252323,0.029036040125258445,0.02903604012525817,2.740863092043355e-16
281,5.286216171091789,0.0006845668679204223,0.000684566867920438,1.5720931501039814e-17
282,6.0267117811813495,0.002663273654624005,0.0026632736546239617,4.336808689942018e-17
283,2.9453938856876585,1.1562246645232554e-06,1.1562246645234652e-06,2.098524126822529e-19
284,0.46792326732332906,2.744624258429177e-11,2.7446242584289826e-11,1.945166909206729e-24
285,1.9103455222805918,3.233623388227284e-07,3.2336233882271396e-07,1.44524996625265e-20
286,14.034842527839524,0.020975505619276247,0.02097550561927687,6.245004513516506e-16
287,3.9539087260861243,1.3309645996833685e-05,1.3309645996832459e-05,1.2265037076242269e-18
288,8.756547328723924,0.010906339195337017,0.010906339195337518,5.0133508455729725e-16
289,1.5869509438306857,8.713929791219046e-08,8.713929791219725e-08,6.789498467835251e-21
290,2.1412798070000667,6.3080978858051095e-06,6.3080978858051095e-06,0.0
291,2.3305196155914345,2.969780704966431e-06,2.9697807049665097e-06,7.877406409464993e-20
292,0.48403064575536114,5.253478356887539e-11,5.253478356887454e-11,8.530300066953098e-25
293,0.8058496857832393,1.3332655987938056e-09,1.3332655987939694e-09,1.6378176128549948e-22
294,0.9482906031181164,3.19161516893283e-09,3.1916151689327658e-09,6.410649747285964e-23
295,6.568695108770317,1.3687249582880706e-06,1.3687249582824967e-06,5.573900309406923e-18
296,7.441851631348291,0.004897957486133299,0.004897957486133173,1.2576745200831851e-16
297,5.0881356344331214,0.0011703517301152203,0.0011703517301152157,4.553649124439119e-18
298,5.578808428339136,1.5876409252728777e-05,1.587640925272573e-05,3.045930478326464e-18
299,4.239363717617934,8.210466473453742e-06,8.210466473452102e-06,1.6398557858843255e-18
300,5.2135783751465095,1.6754698211719963e-05,1.6754698211718936e-05,1.026603932072212e-18
301,2.816661839109389,1.0998836510500607e-05,1.099883651050047e-05,1.3721933745519665e-19
302,3.440793782232575,3.878675416267722e-05,3.8786754162676886e-05,3.3203691532368573e-19
303,5.77924355000105,6.595588412967811e-06,6.595588412967796e-06,1.5246593050577406e-20
304,9.156860897881007,0.027370311831340095,0.02737031183133973,3.642919299551295e-16
305,4.808771456509479,7.461975222705162e-05,7.461975222705126e-05,3.5236570605778894e-19
306,3.6118080293825194,2.9376607315339994e-06,2.937660731534272e-06,2.727446090158847e-19
307,3.346247216072634,1.1286594048856476e-05,1.128659404885639e-05,8.639736061993863e-20
308,4.13596347789637,0.00029166736581723275,0.0002916673658172262,6.559423143537302e-18
309,3.5644067339777914,0.00014715812338158307,0.0001471581233815867,3.63207727782644e-18
310,6.700774445644829,0.00828019912092699,0.008280199120926918,7.112366251504909e-17
311,4.815045462317045,7.725952227107173e-05,7.725952227106849e-05,3.2390539903004445e-18
312,3.429548074925954,3.496338115926821e-05,3.496338115926703e-05,1.179069862577986e-18
313,3.3465488612628898,5.669047730221976e-05,5.669047730221995e-05,1.8973538018496328e-19
314,6.251342043049783,0.0007725435347596964,0.0007725435347596515,4.4885969940899884e-17
315,4.380479574917567,6.88536084031059e-05,6.885360840310926e-05,3.3610267347050637e-18
316,6.0653026627233455,0.0014862668137875647,0.0014862668137875892,2.45029690981724e-17
317,0.9855973858004277,3.0586509254419164e-08,3.058650925441822e-08,9.462946207606637e-22
318,2.25461915064448,1.6387448833095484e-08,1.638744883310756e-08,1.2076836943274204e-20
319,10.091736435178419,0.04126395444702024,0.04126395444701987,3.677613769070831e-16
320,1.2227870864689838,1.938587420963771e-08,1.9385874209638492e-08,7.808584982500581e-22
321,3.018502293423656,3.2456089433520894e-05,3.245608943352172e-05,8.267041565201971e-19
322,0.8163625731803785,4.488994397897364e-09,4.488994397897261e-09,1.0339757656912846e-22
323,3.5329874512804524,5.2381342791243035e-05,5.2381342791241666e-05,1.3688052427629493e-18
324,1.9256760917481248,2.483419453918192e-07,2.483419453918275e-07,8.311510794932822e-21
325,2.693081931182528,3.897139868795896e-05,3.897139868795849e-05,4.675621868843738e-19
326,1.8858045778706451,1.7709617972880938e-06,1.770961797288079e-06,1.4823076576950256e-20
327,15.179194020860162,0.40180649456878026,0.40180649456877826,1.9984014443252818e-15
328,2.720998096184737,1.8074234278276732e-06,1.80742342782757e-06,1.0312626132821107e-19
329,3.9209783110282825,0.0002206220792414214,0.0002206220792414196,1.81603863891322e-18
330,4.784222281661794,0.00043471464754110087,0.00043471464754109084,1.0028870095490916e-17
331,6.224296403600036,5.697842248280472e-07,5.697842248256093e-07,2.437866701316283e-18
332,5.1201893273613335,1.8705527156189555e-05,1.8705527156186116e-05,3.4389537658524594e-18
333,0.2779561567839901,1.1513995410617755e-11,1.1513995410617586e-11,1.6963664905872638e-25
334,11.005067131114554,0.07394776946807263,0.07394776946807381,1.1796119636642288e-15
335,9.687264653728613,0.03177976456894999,0.031779764568950014,2.0816681711721685e-17
336,1.528198062478939,1.6639903040457504e-08,1.6639903040454165e-08,3.3385009522640197e-21
337,1.5187982553741364,1.221392823977385e-07,1.2213928239774668e-07,8.179161896924338e-21
338,3.3809687731140143,0.0001270115671005283,0.00012701156710052806,2.439454888092385e-19
339,4.99088168866178,0.0009938660130553434,0.0009938660130553304,1.3010426069826053e-17
340,5.201048415916228,0.0008349776341409167,0.0008349776341409119,4.87890977618477e-18
341,4.222205366252872,0.00010417313554641859,0.00010417313554641812,4.743384504624082e-19
342,5.442046464973767,0.0005367539782909117,0.0005367539782909097,1.951563910473908e-18
343,2.1327074694864763,7.868709349794237e-06,7.868709349794247e-06,1.0164395367051604e-20
344,1.1323382957968782,1.3774669311405077e-08,1.3774669311405088e-08,1.1580528575742387e-23
345,1.4064506574076674,9.391037495447794e-08,9.391037495447252e-08,5.4263048183478615e-21
346,3.3865105344896396,0.00010494618617075151,0.00010494618617075396,2.4530074152484538e-18
347,2.1669015797605375,7.931119292955077e-07,7.931119292954776e-07,3.006966962752766e-20
348,6.268353190742499,0.0034283096194730757,0.0034283096194730896,1.3877787807814457e-17
349,3.5864537965010124,6.848159883519077e-05,6.848159883519016e-05,6.098637220230962e-19
350,3.630948185291543,1.5809707737954502e-05,1.5809707737954038e-05,4.641740550953566e-19
351,10.856375927996641,0.11233791213587785,0.11233791213587667,1.1796119636642288e-15
352,5.369879932597866,0.001331626010617948,0.0013316260106179727,2.47198095326695e-17
353,0.12037384834427618,5.960435434793819e-14,5.960435434793602e-14,2.1709452111682245e-27
354,2.8431777617781293,6.56562550415901e-06,6.565625504158898e-06,1.1180834903756764e-19
355,10.296874494709073,0.035783256822188615,0.03578325682218947,8.534839501805891e-16
356,1.4101361429318124,3.781690764694686e-08,3.781690764694427e-08,2.5874209560658706e-21
357,6.2773523311829695,0.0006510796225772979,0.0006510796225772874,1.0516761073109393e-17
358,2.936580342497634,1.6856701359649685e-05,1.6856701359649055e-05,6.301925127571995e-19
359,3.3626470889192586,6.63457262873857e-05,6.634572628738427e-05,1.4365678785432934e-18
360,3.947971167051177,8.00038738530795e-06,8.000387385307592e-06,3.5914196963582334e-19
361,1.097012894452604,6.453036640860834e-08,6.453036640860799e-08,3.441071348220595e-22
362,3.946603497493882,0.00022891990978964508,0.00022891990978964665,1.5720931501039814e-18
363,3.8386270169734056,1.0743775833122193e-05,1.0743775833121231e-05,9.622294280808852e-19
364,1.473199643465491,8.30211955887054e-07,8.302119558870622e-07,8.258571235729428e-21
365,2.3465656936472983,7.706002381769058e-07,7.706002381768666e-07,3.917527381051139e-20
366,3.831665911607011,4.650378524978075e-05,4.650378524978049e-05,2.642742795433417e-19
367,1.7964490937462836,1.8754711133521534e-07,1.875471113352155e-07,1.5881867761018131e-22
368,3.221711930767755,1.9008537765503215e-05,1.9008537765503628e-05,4.1335207826009857e-19
369,5.264586030485587,0.0003670994447398807,0.00036709944473986496,1.5720931501039814e-17
370,6.637506407232181,0.002562197221211196,0.0025621972212111466,4.9439619065339e-17
371,5.849753819839797,0.002210718523449378,0.002210718523449386,7.806255641895632e-18
372,3.8345631232184885,0.00020362815006121142,0.0002036281500612067,4.716279450311944e-18
373,4.952170307667131,0.00027260933294955843,0.00027260933294955274,5.692061405548898e-18
374,6.582907841885254,0.005876119737097385,0.005876119737097259,1.2576745200831851e-16
375,1.6484893382087829,8.429171616600776e-09,8.42917161659924e-09,1.5352472168984194e-21
376,0.8012862763145623,1.0109233617464484e-08,1.0109233617464363e-08,1.2076836943274204e-22
377,2.1095587698742255,4.694959927979573e-07,4.694959927979272e-07,3.0122609186731056e-20
378,13.4706873869499,0.18083134416816807,0.18083134416816435,3.7192471324942744e-15
379,5.095776593019652,0.0006533128331423576,0.0006533128331423521,5.5294310796760726e-18
380,3.605732185715893,0.0001576835833372927,0.0001576835833372941,1.3823577699190182e-18
381,1.6440202918122209,1.7796482764237372e-06,1.7796482764237707e-06,3.3457801416544863e-20
382,2.293541614258089,3.1674016312662026e-06,3.1674016312662466e-06,4.404571325722362e-20
383,8.598470235774082,0.015047526082612044,0.015047526082611768,2.7582103268031233e-16
384,4.634803108295561,0.000447020884541521,0.00044702088454151215,8.836247705756861e-18
385,1.8716577245812234,1.0903699039789661e-06,1.090369903978951e-06,1.503483481376383e-20
386,12.118575733170763,0.014666399480194858,0.014666399480193349,1.5092094240998222e-15
387,6.4075847980133736,0.0012842664031882088,0.0012842664031882229,1.4094628242311558e-17
388,2.0024698808664962,3.900837247674557e-06,3.900837247674555e-06,1.6940658945086007e-21
389,2.086686082316138,4.9677723124698175e-06,4.967772312469674e-06,1.4314856808597676e-19
390,0.8530962589611393,1.7942585249423377e-08,1.794258524942342e-08,4.301339185275744e-23
391,1.8075135811006364,1.9571512611469625e-06,1.957151261146977e-06,1.4399560103323106e-20
392,2.379732735931249,1.0323803472454609e-06,1.0323803472454194e-06,4.1504614415460717e-20
393,2.731060000553424,2.0596433562147295e-06,2.0596433562146473e-06,8.216219588366713e-20
394,2.665936076406305,2.0805209072367832e-05,2.0805209072367415e-05,4.1674021004911577e-19
395,2.3655667140545904,2.609267017949098e-08,2.6092670179493132e-08,2.150669592637872e-21
396,9.56686083852965,0.0470963381456908,0.04709633814569193,1.1310397063368782e-15
397,5.59504636657362,0.00082599791057389,0.0008259979105738894,6.505213034913027e-19
398,4.375477929802265,0.00012036111121458457,0.00012036111121458003,4.54009659728305e-18
399,0.6210523193209894,1.6102834735400202e-10,1.6102834735398118e-10,2.0834611678679385e-23
400,1.638972616570998,9.359358654394221e-07,9.35935865439438e-07,1.588186776101813e-20
401,5.601717796183725,0.0019264306434756168,0.0019264306434756448,2.7972416050126014e-17
402,4.856479722696967,0.0009114678234443808,0.000911467823444365,1.5829351718288365e-17
403,1.4512731361587419,1.574033814994236e-07,1.574033814994178e-07,5.796881732771618e-21
404,3.711701739575079,6.078460908050807e-05,6.078460908050656e-05,1.5111067779016718e-18
405,0.8020981980517157,1.0392564768648997e-08,1.0392564768648883e-08,1.1415092453231782e-22
406,7.5323813646124815,0.00037994720486996734,0.00037994720486993216,3.518236049715462e-17
407,2.722100811396704,1.8394953964179332e-05,1.8394953964179583e-05,2.507217523872729e-19
408,5.072100155523977,0.0014278971767502052,0.0014278971767502165,1.1275702593849246e-17
409,0.4196827722182091,2.512415498516243e-11,2.512415498516481e-11,2.38137543535774e-24
410,1.4655278449328004,5.506496572964034e-08,5.506496572963918e-08,1.1580528575742387e-21
411,2.0395940697482695,6.374892708002386e-07,6.374892708001865e-07,5.209252625613947e-20
412,6.213561595378829,0.00285952306841152,0.0028595230684114524,6.765421556309548e-17
413,3.105860231603044,2.8548077064647786e-05,2.8548077064647634e-05,1.5246593050577406e-19
414,3.2915665287186364,9.893275135592304e-05,9.893275135592387e-05,8.267041565201971e-19
415,7.575522426989953,5.117874556896535e-05,5.1178745568945805e-05,1.9542744159051217e-17
416,0.5165131580434463,9.096618853690199e-11,9.096618853689661e-11,5.37667398159468e-24
417,10.338926746807735,0.005212040816496526,0.0052120408164962615,2.645453300864631e-16
418,3.891143731012827,8.69214232552957e-05,8.692142325529127e-05,4.431676380034499e-18
419,0.9764419327725656,3.2235543769592174e-08,3.223554376959182e-08,3.5734202462290796e-22
420,3.467798731716859,0.00011724928190265479,0.00011724928190265354,1.2468324983583301e-18
421,4.508065546168238,5.128081755723781e-05,5.128081755723312e-05,4.689174395999807e-18
422,8.348702288232666,0.0006463299845596753,0.0006463299845596804,5.095750210681871e-18
423,4.102553440644478,4.317384692012783e-06,4.317384692011924e-06,8.588914085158605e-19
424,4.744358407703066,2.1097267246845474e-05,2.109726724684224e-05,3.23227772672241e-18
425,1.6544896712462471,6.673777006168856e-07,6.673777006168853e-07,3.1763735522036263e-22
426,1.001335309306309,6.803880111544209e-08,6.803880111544379e-08,1.6940658945086007e-21
427,1.716799524110853,1.4374087952053577e-06,1.437408795205381e-06,2.329340604949326e-20
428,3.4129937780739503,1.1116010651498621e-05,1.1116010651499224e-05,6.030874584450618e-19
429,4.261910841957562,0.0005184728260590395,0.0005184728260590294,1.0083080204115191e-17
430,4.177253715452294,0.0003466649082310815,0.00034666490823107596,5.5294310796760726e-18
431,5.032983387611786,7.645392241312857e-06,7.645392241311755e-06,1.102836897325099e-18
432,2.551029511966224,4.987562362880805e-06,4.987562362880731e-06,7.369186641112413e-20
433,0.8675558721327951,1.2145975080128753e-08,1.214597508012837e-08,3.8381180422460484e-22
434,0.9584328855665726,8.969652581903486e-09,8.96965258190347e-09,1.4889251025954498e-23
435,4.272221024198326,0.0003354822829603342,0.00033548228296032977,4.445228907190568e-18
436,2.4546420927216657,6.779443582686305e-06,6.779443582686216e-06,8.893845946170154e-20
437,1.1110164721928084,5.610123754525644e-09,5.610123754525359e-09,2.8537731133079455e-22
438,3.1517697713861716,1.0400389783478808e-06,1.0400389783476896e-06,1.912176878426583e-19
439,2.1158523575858466,5.950466495115786e-06,5.950466495115743e-06,4.319868030996932e-20
440,4.567477960282796,0.0006532049105417701,0.0006532049105417653,4.87890977618477e-18
441,5.016955489883006,0.00021819507956007055,0.0002181950795600651,5.44811591673966e-18
442,5.484349595681949,3.2137882248734063e-06,3.213788224872368e-06,1.0384623933337722e-18
443,1.781576099518728,1.5624492116687219e-06,1.5624492116686846e-06,3.7269449679189215e-20
444,4.079167565717482,0.00019956776956684742,0.00019956776956684837,9.486769009248164e-19
445,1.3490727117659902,4.3607990426793573e-07,4.360799042679333e-07,2.4352197233561135e-21
446,5.180114068055198,0.00078876121516256,0.0007887612151625555,4.445228907190568e-18
447,5.720775407735284,0.003605183842747254,0.003605183842747201,5.2909066017292616e-17
448,1.3685613393496996,3.021436907818936e-07,3.021436907818901e-07,3.494010907423989e-21
449,1.259968678000757,3.735350382952437e-09,3.7353503829523875e-09,4.963083675318166e-23
450,7.366675808737384,0.0027298252052374537,0.002729825205237356,9.75781955236954e-17
451,2.191317578003155,7.998426596758752e-06,7.998426596758608e-06,1.4399560103323106e-19
452,3.7592942260295885,0.00028276500918260285,0.0002827650091826056,2.7647155398380363e-18
453,2.480751883832931,1.4812852433858212e-06,1.4812852433857376e-06,8.364450354136216e-20
454,7.246120308438715,0.0009599550891843738,0.0009599550891843482,2.5587171270657905e-17
455,8.97049292797601,0.0006211813540130523,0.0006211813540129839,6.841315708383533e-17
456,3.6003505700036933,1.344287197238609e-05,1.3442871972387258e-05,1.1672114013164259e-18
457,5.117590569045553,0.0005717022150114785,0.0005717022150114752,3.2526065174565133e-18
458,2.0600642846987878,2.903149398211661e-06,2.903149398211742e-06,8.131516293641283e-20
459,6.989099706255329,0.0018556825213910716,0.0018556825213910375,3.404394821604484e-17
460,4.351827535660007,0.0004164574905831427,0.00041645749058314015,2.5478751053409354e-18
461,4.331604096487158,0.00024270919110947338,0.00024270919110947126,2.1141942363467336e-18
462,7.476921363993412,0.00025269608875735493,0.0002526960887573361,1.8810907692623502e-17
463,0.4018320877591033,8.313921090839324e-11,8.313921090838888e-11,4.355622912974536e-24
464,2.7773023903951524,3.931844524502087e-06,3.931844524502048e-06,3.8963515573697816e-20
465,5.465502727501172,0.0017948375535483416,0.0017948375535483084,3.3176586478056436e-17
466,2.1455939522868794,8.96923422694931e-06,8.969234226949343e-06,3.218725199566341e-20
467,5.563397790958218,0.0002731213231292903,0.0002731213231292848,5.4752209710517974e-18
468,1.6728504811554639,3.9653407252763865e-07,3.965340725276519e-07,1.3234889800848443e-20
469,2.3283252464449866,1.8422639134386515e-06,1.842263913438555e-06,9.656175598699024e-20
470,2.624326445094386,1.4519048769800001e-05,1.4519048769799998e-05,3.3881317890172014e-21
471,0.7480455542737091,1.3697940194715276e-08,1.3697940194715117e-08,1.5881867761018131e-22
472,6.576994887940723,4.8471529307597505e-05,4.847152930760122e-05,3.713392440762853e-18
473,3.2650529377182,1.222268229487133e-05,1.2222682294871349e-05,1.8634724839594607e-20
474,7.205266794912635,0.00041769645761551965,0.0004176964576155063,1.3335686721571705e-17
475,7.833903043515477,0.013461816297031786,0.013461816297031533,2.5326962749261384e-16
476,3.6613760878988986,0.00022143109347823233,0.00022143109347823252,1.8973538018496328e-19
477,5.194420513559859,0.0007789674720337064,0.000778967472033698,8.348356728138384e-18
478,4.262153032367322,2.0036354263347877e-05,2.003635426334685e-05,1.026603932072212e-18
479,3.7869030354224282,0.0002264114832695681,0.00022641148326956576,2.3310346708438345e-18
480,4.3395865702587075,9.043391065060088e-06,9.043391065059592e-06,4.9636130709102e-19
481,4.391111166872458,0.00011970265522744072,0.00011970265522743906,1.6534083130403943e-18
482,7.7695433853698805,0.006833845503016744,0.006833845503016648,9.627715291671279e-17
483,4.131314235307542,5.72163590757959e-06,5.721635907578579e-06,1.0113573390216346e-18
484,7.702208523901861,0.004664947571832727,0.00466494757183249,2.3678975447083417e-16
485,1.2679355467904845,6.954596623548228e-09,6.954596623547648e-09,5.798536093996724e-22
486,5.020698314292864,0.00012015155498497992,0.00012015155498497255,7.37257477290143e-18
487,6.0254825860755155,0.0009357038738546517,0.0009357038738546124,3.924811864397526e-17
488,7.799895938523602,0.006043013626265917,0.006043013626265924,7.806255641895632e-18
489,1.744963923578067,1.1810613726129993e-07,1.1810613726129883e-07,1.0984958534704208e-21
490,3.817843065736843,1.0096882341299674e-06,1.0096882341296436e-06,3.237783440879563e-19
491,5.268622915286703,0.0011668264892199247,0.0011668264892199043,2.0383000842727483e-17
492,4.481238021385064,0.00041363313936940106,0.0004136331393693927,8.348356728138384e-18
493,1.0225189725489603,5.198616027125366e-09,5.198616027125214e-09,1.5137405209720406e-22
494,4.379983998399914,0.00040788115787733416,0.00040788115787732457,9.595189226496714e-18
495,1.4468340662749855,2.618844018680911e-07,2.618844018680818e-07,9.26442286059391e-21
496,7.653543169787567,0.0060496570695811195,0.006049657069581069,5.0306980803327406e-17
497,0.7370460929422846,7.561989604125275e-11,7.561989604123204e-11,2.0705364707967974e-23
498,5.181090373320314,0.0006597553216103794,0.0006597553216103663,1.3118846287074604e-17
499,3.7377987141539935,2.0767177354733658e-05,2.0767177354732984e-05,6.742382260144231e-19
500,11.588856966894456,0.02129234788958628,0.021292347889586387,1.0755285551056204e-16
501,2.4242701616161346,1.8712195988236553e-07,1.8712195988235338e-07,1.214962883717887e-20
502,3.204293032740147,2.4281471637606845e-06,2.4281471637605528e-06,1.317136232980437e-19
503,4.806739074724699,8.110948193231056e-05,8.110948193230992e-05,6.369687763352339e-19
504,2.3447636224365196,1.1134945219267383e-05,1.1134945219267296e-05,8.639736061993863e-20
505,5.8040009696571415,0.002680552097293993,0.002680552097294018,2.5153490401663703e-17
506,0.7214488253942968,3.183958303704763e-09,3.1839583037047154e-09,4.756288522179909e-23
507,3.1911382960304584,4.946495701643469e-06,4.946495701643029e-06,4.404571325722362e-19
508,5.255774013034978,0.0014614883936020688,0.0014614883936020842,1.5395670849294163e-17
509,2.870694274918886,3.9381479552642873e-07,3.9381479552647786e-07,4.912791094074942e-20
510,3.247936780139927,1.0645854121378463e-06,1.0645854121378152e-06,3.112846081159554e-20
511,5.004244443132773,0.0010229381614273094,0.0010229381614273079,1.5178830414797062e-18
512,4.438319453714253,2.000109832264499e-05,2.0001098322644545e-05,4.438452643612534e-19
513,1.9492561592803246,1.267172988641993e-06,1.2671729886419593e-06,3.366955965335844e-20
514,2.943204218649039,6.075504852053429e-06,6.075504852053226e-06,2.0328790734103208e-19
515,7.675309666731621,0.016731633594417848,0.01673163359441777,7.632783294297951e-17
516,0.14503383706850873,6.39587228797925e-13,6.395872287979316e-13,6.664296927307108e-27
517,1.2601649366463181,1.5546569474875468e-07,1.5546569474875095e-07,3.732238923839261e-21
518,2.6442505662711366,2.8281868399516856e-05,2.8281868399516453e-05,4.0318768289304696e-19
519,5.625076437720251,0.0002867506012668109,0.0002867506012667967,1.4203048459560108e-17
520,4.684152660668046,0.00026875846387343366,0.0002687584638734276,6.071532165918825e-18
521,2.829208598348796,4.144039861416983e-05,4.144039861417058e-05,7.453889935837843e-19
522,3.012486705531821,3.449593025010309e-05,3.4495930250102895e-05,1.9651164376299768e-19
523,6.777003732743232,0.0035556993819009035,0.003555699381900861,4.2500725161431774e-17
524,9.75639259198416,0.029991745339878344,0.029991745339878438,9.367506770274758e-17
525,7.712266548059888,0.0008320845175798745,0.0008320845175798313,4.3259666682171627e-17
526,2.3543010341432766,1.476789668450798e-07,1.4767896684510075e-07,2.0937595664942237e-20
527,9.117222469343927,0.02394262556846384,0.023942625568463653,1.8735013540549517e-16
528,1.6295037729628978,2.3170271003613706e-08,2.317027100361082e-08,2.8852059765849605e-21
529,1.4589196722658135,2.81074372760693e-07,2.810743727606874e-07,5.61159327555974e-21
530,0.8540004726116375,2.6445185493883334e-08,2.644518549388343e-08,9.595295105615121e-23
531,2.113156756871191,5.501853494568623e-07,5.501853494568248e-07,3.748120791600279e-20
532,0.9343885758237672,1.287913435581458e-08,1.2879134355814361e-08,2.183756817139993e-22
533,3.7348737586398535,0.00017241162851775024,0.00017241162851774634,3.903127820947816e-18
534,2.6461046736625584,1.5140730044938456e-06,1.5140730044936766e-06,1.6898307297723292e-19
535,4.38723289624928,0.00035426260914889684,0.0003542626091488911,5.7462715141731735e-18
536,2.8753936404576987,2.8649373481841407e-05,2.864937348184069e-05,7.182839392716467e-19
537,3.190481022184222,3.2046585303965077e-06,3.2046585303961147e-06,3.9302328752599536e-19
538,2.433582560209608,4.594466540503879e-06,4.594466540503661e-06,2.176874674443552e-19
539,3.3383303853162816,2.8468488666113185e-06,2.8468488666113422e-06,2.371692252312041e-20
540,5.72927938308103,0.0021400304890709133,0.002140030489070915,1.734723475976807e-18
541,2.7956678703502624,1.0960169189224775e-06,1.0960169189224576e-06,1.9905274260476058e-20
542,8.215957047432413,0.01055985292195464,0.010559852921954835,1.960237527853792e-16
543,1.681823221282911,6.272406435715189e-08,6.272406435714522e-08,6.670384459627615e-21
544,3.3994770447394314,2.0918889659018437e-05,2.0918889659018525e-05,8.809142651444724e-20
545,7.196516801701733,0.008211930362768544,0.00821193036276862,7.632783294297951e-17
546,3.807782694590512,0.00011519060023973602,0.00011519060023973499,1.0299920638612292e-18
547,3.995886865155078,0.0001739642874497445,0.00017396428744973923,5.285485590866834e-18
548,0.9876164051849786,1.0092351312377167e-07,1.0092351312377248e-07,8.07328277851755e-22
549,7.734846473287303,0.001191851383026124,0.0011918513830261165,7.37257477290143e-18
550,3.442813821533326,3.564281367099268e-05,3.5642813670991744e-05,9.351243737687476e-19
551,3.850088013316774,1.7738464381852302e-06,1.7738464381848033e-06,4.2690460541616737e-19
552,0.8751033003792275,2.718616988586117e-08,2.718616988586147e-08,3.0109374296930207e-22
553,2.47953588827877,5.4023092056003754e-06,5.402309205600102e-06,2.73591641963139e-19
554,1.7625020499787878,1.394010854302574e-06,1.3940108543025493e-06,2.4775713707188285e-20
555,3.3331440946641107,1.4318766391889932e-05,1.431876639188916e-05,7.707999820014133e-19
556,1.539802788228432,5.568908103324164e-07,5.568908103324113e-07,5.082197683525802e-21
557,2.884033051576313,1.3171822832128894e-05,1.3171822832128578e-05,3.1679032227310833e-19
558,9.309451603119903,0.0005066797688390689,0.0005066797688390347,3.426078865054194e-17
559,0.876453742946004,8.231053526206605e-10,8.231053526205777e-10,8.28214588318719e-23
560,4.192603991220036,0.00024206057502721985,0.00024206057502721603,3.821812658011403e-18
561,8.690442449557391,0.002350613449176578,0.0023506134491767965,2.185751579730777e-16
562,2.5423746981761397,2.1317896037230173e-06,2.1317896037229106e-06,1.0672615135404184e-19
563,3.372309657125289,3.3233182212533886e-06,3.3233182212529587e-06,4.298692207315574e-19
564,4.9718002517342414,0.0009013389335829237,0.0009013389335829186,5.095750210681871e-18
565,5.201288080153722,0.0012656634989357055,0.001265663498935694,1.1492543028346347e-17
566,4.619542602074442,0.0006688647885370583,0.0006688647885370604,2.168404344971009e-18
567,7.109201273352118,0.003741952841016792,0.003741952841016763,2.905661822261152e-17
568,5.012960669417863,0.000834018731338276,0.0008340187313382654,1.0625181290357943e-17
569,6.256853046385903,0.001951074885275157,0.0019510748852752309,7.39425881635114e-17
570,4.602305943082126,9.45381247622741e-05,9.453812476227387e-05,2.303929616531697e-19
571,4.663663936888146,2.4505350237734865e-06,2.4505350237726933e-06,7.932463551036523e-19
572,2.6019634603524264,3.1872746441228387e-06,3.1872746441227244e-06,1.1434944787933055e-19
573,7.135707634542369,0.0043876537704511396,0.004387653770451081,5.898059818321144e-17
574,3.361198474848382,3.3354783736393885e-05,3.335478373639525e-05,1.3688052427629493e-18
575,3.152227499117189,4.830961846926048e-07,4.830961846925951e-07,9.634999775017666e-21
576,4.659958023149409,0.000443084370224491,0.0004430843702244898,1.1926223897340549e-18
577,0.9707001015618714,9.110924939776736e-10,9.110924939777069e-10,3.3294019655259364e-23
578,4.03705968091596,0.0001880137938155031,0.00018801379381550484,1.734723475976807e-18
579,5.104674704875439,1.3052485140481929e-05,1.3052485140480878e-05,1.0503208545953324e-18
580,2.478667238592817,3.088037458464453e-07,3.0880374584647776e-07,3.245194979168038e-20
581,4.823498076398515,0.0003406545102581308,0.00034065451025813687,6.071532165918825e-18
582,1.0193278816545286,1.138111283679084e-08,1.1381112836791704e-08,8.635765595053609e-22
583,5.61420047425256,0.0022370168685523213,0.0022370168685523074,1.3877787807814457e-17
584,8.41509906155993,0.013840126330752576,0.013840126330752545,3.122502256758253e-17
585,3.495058782815506,0.00010126069034137691,0.00010126069034137849,1.5856456772600502e-18
586,2.6154039208177604,1.4888378544650892e-05,1.488837854465101e-05,1.1858461261560205e-19
587,2.8835663792913504,2.8393115005900122e-05,2.8393115005900464e-05,3.4220131069073734e-19
588,5.536791137234966,0.0009986603349021385,0.0009986603349021535,1.496198998029996e-17
589,13.088212918621382,0.24588776644326715,0.24588776644326546,1.6930901125533637e-15
590,2.709922875726812,2.0173430091923313e-05,2.0173430091922764e-05,5.488773498207866e-19
591,1.7093813434537246,1.7920025977758286e-06,1.7920025977758178e-06,1.079967007749233e-20
592,1.057944310368396,4.5340987634708e-08,4.5340987634708e-08,0.0
593,6.1073670470216435,0.0011101367566880385,0.001110136756688009,2.949029909160572e-17
594,1.7481586491676364,4.795887670835987e-07,4.795887670835924e-07,6.3527471044072525e-21
595,3.5137265897339516,7.401198262070557e-05,7.401198262070318e-05,2.3852447794681098e-18
596,3.5251968590510483,9.984453350535141e-06,9.984453350534535e-06,6.06475590234079e-19
597,1.0180834294236463,8.663973934176077e-08,8.663973934175958e-08,1.1911400820763599e-21
598,2.40407163669724,6.16519180794527e-07,6.165191807944668e-07,6.024521837346211e-20
599,0.28814027529391023,1.5978716783621068e-12,1.5978716783619822e-12,1.2460215770146926e-25
600,1.5231976572862553,8.156519595577769e-07,8.15651959557774e-07,2.8587361969832636e-21
601,5.622706173577499,0.002712120644365314,0.0027121206443653247,1.0842021724855044e-17
602,4.818276787267059,0.0004998242223353539,0.0004998242223353643,1.0408340855860843e-17
603,1.7410766433714042,7.517592179619322e-07,7.517592179619038e-07,2.848148285142585e-20
604,4.8933552152630915,0.0007547216719999172,0.0007547216719999025,1.463672932855431e-17
605,0.7223038994824837,4.007909339538693e-09,4.007909339538622e-09,7.113753267956038e-23
606,8.367979066940283,9.358999698079058e-05,9.358999698079734e-05,6.762711050878334e-18
607,1.5192150003362408,2.3421075781214202e-07,2.342107578121524e-07,1.0376153603865179e-20
608,9.299674336003406,0.043709341877478165,0.04370934187747815,1.3877787807814457e-17
609,2.570436556426154,1.2997046068246685e-05,1.2997046068246478e-05,2.0667603913004928e-19
610,0.3751446354465905,5.7114302268216e-11,5.7114302268216815e-11,8.142559154818866e-25
611,4.522059756184848,0.00029605580731736556,0.00029605580731736274,2.8189256484623115e-18
612,1.9761281390911745,2.218675353747932e-06,2.21867535374796e-06,2.795208725939191e-20
613,4.673003811598356,0.00048399361103040775,0.00048399361103042575,1.7997756063259374e-17
614,1.6307206912886785,1.107290447242858e-06,1.1072904472428532e-06,4.870439446712227e-21
615,1.7660406495953311,6.896426461558301e-07,6.896426461558354e-07,5.293955920339377e-21
616,13.818204257519858,0.5803803935753896,0.5803803935753887,8.881784197001252e-16
617,2.2747694856881076,3.284892074459089e-06,3.2848920744590787e-06,1.0164395367051604e-20
618,1.7052340411619162,1.14438964206934e-06,1.144389642069372e-06,3.197549375884984e-20
619,5.066112329954342,2.892040596566884e-05,2.8920405965669563e-05,7.216720710606639e-19
620,3.50154846700047,2.673914935126033e-05,2.67391493512595e-05,8.300922883092143e-19
621,0.8856975616470216,2.298400868024006e-08,2.2984008680239804e-08,2.5477162866633252e-22
622,1.8357532844588107,2.639960762963641e-07,2.639960762963592e-07,4.923379005915621e-21
623,7.129003586119316,0.002147453319410214,0.0021474533194101846,2.949029909160572e-17
624,2.4788147837398133,1.525053967158446e-06,1.5250539671583482e-06,9.783230540787169e-20
625,2.3405798744728266,2.1374705823962288e-07,2.137470582396064e-07,1.649067269185716e-20
626,1.3869608598689367,6.62960143384221e-08,6.629601433842075e-08,1.3499587596865412e-21
627,2.0729867066262884,1.614320765035868e-06,1.6143207650357992e-06,6.88214269644119e-20
628,7.2726764813086175,0.0027191687699325297,0.00271916876993259,6.028164079019405e-17
629,3.4863516391212688,2.12716107034591e-06,2.1271610703459725e-06,6.268043809681823e-20
630,3.715420151960659,0.00013041124178998296,0.00013041124178997924,3.713392440762853e-18
631,1.3346699639109922,1.665301792808455e-08,1.6653017928085205e-08,6.551270451419979e-22
632,1.6303415526285985,1.5821606217026613e-06,1.582160621702659e-06,2.329340604949326e-21
633,7.461560110974176,0.0047610917277508425,0.004761091727750715,1.2750217548429532e-16
634,0.5523435746675707,3.6116865041527107e-10,3.6116865041527133e-10,2.5849394142282115e-25
635,3.9582309448506545,8.561726836756315e-05,8.561726836756553e-05,2.3852447794681098e-18
636,4.071168274520402,0.00010432473339231296,0.00010432473339231308,1.2197274440461925e-19
637,3.4099960174031616,1.952078332016781e-05,1.952078332016847e-05,6.606856988583543e-19
638,7.239449036179285,0.00038360230566926776,0.00038360230566925844,9.324138683375338e-18
639,6.208278814194496,0.0036283501865918195,0.0036283501865918212,1.734723475976807e-18
640,0.590237275154573,1.9770311972766118e-09,1.977031197276587e-09,2.481541837659083e-23
641,0.969973785995756,1.0301747549700246e-08,1.0301747549699664e-08,5.823351512373315e-22
642,4.013273387811078,4.042474359439728e-05,4.042474359439419e-05,3.0899761915836876e-18
643,2.3015348152383144,1.1577386203115378e-07,1.1577386203115378e-07,0.0
644,0.78941889698214,1.6969420120483254e-10,1.6969420120483112e-10,1.4217166778255163e-24
645,5.3040771775962305,0.0004182988881997528,0.0004182988881997415,1.1275702593849246e-17
646,4.0690393921008905,0.00015504132649936983,0.0001550413264993708,9.75781955236954e-19
647,1.6870674494012556,1.3159618118232408e-07,1.3159618118232215e-07,1.9322939109238726e-21
648,4.31233535473154,0.00016452400330727087,0.00016452400330726853,2.3310346708438345e-18
649,8.355914751165486,0.010183924495961718,0.010183924495961285,4.3368086899420177e-16
650,7.328024693988337,0.011378828553352918,0.011378828553352868,5.0306980803327406e-17
651,5.0221108523551825,0.0008165758675651347,0.0008165758675651087,2.6020852139652106e-17
652,5.446005057628074,0.0011210764434534933,0.0011210764434534826,1.0625181290357943e-17
653,5.528743609496704,4.779386613194054e-06,4.779386613193864e-06,1.9058241313221758e-19
654,5.48238760788971,1.7232705572230616e-05,1.7232705572232964e-05,2.3479753297889205e-18
655,8.019970135837236,0.003647743219843089,0.003647743219843002,8.716985466783456e-17
656,5.062987675997803,2.0905181032907435e-06,2.090518103290944e-06,2.0032329202564203e-19
657,1.3893174737795204,7.667057027923746e-07,7.667057027923665e-07,8.046812998915853e-21
658,3.0525731622004315,4.037370623149529e-06,4.037370623149543e-06,1.4399560103323106e-20
659,2.9758883433893395,5.200239338636705e-05,5.200239338636786e-05,8.131516293641283e-19
660,7.6223338784761845,0.009158184565700798,0.00915818456570082,2.0816681711721685e-17
661,2.191370779502563,3.1706983099655567e-06,3.170698309965615e-06,5.844527336054672e-20
662,5.294287172613815,0.00010615380030494219,0.00010615380030493326,8.931115395849343e-18
663,1.1288144517713623,2.0054911220933306e-07,2.005491122093297e-07,3.3616620094155045e-21
664,1.8795323224495109,2.3352414187201116e-06,2.3352414187200955e-06,1.6093625997831706e-20
665,0.04264533673778447,2.608324044944328e-16,2.608324044944388e-16,6.015064402310215e-30
666,3.27818468040692,8.788332209261041e-05,8.788332209260938e-05,1.0299920638612292e-18
667,4.741303224796013,5.7472118007776194e-05,5.747211800776964e-05,6.5526468799592674e-18
668,3.243429840457604,1.0203295169982593e-05,1.0203295169982303e-05,2.896852679609707e-19
669,2.8725746412734474,1.6594732981848086e-05,1.6594732981848605e-05,5.183841637196318e-19
670,4.861286779097368,0.0005084450994183257,0.0005084450994183156,1.0083080204115191e-17
671,3.5628814106617686,2.2389606090889308e-05,2.238960609088821e-05,1.0977546996415732e-18
672,7.748609017526178,0.006930560287467406,0.006930560287467295,1.1102230246251565e-16
673,4.764099538064141,0.0001955271634617988,0.0001955271634617915,7.318364664277155e-18
674,1.4438199853294167,8.35071373388631e-08,8.350713733885973e-08,3.374896899216353e-21
675,2.660806471511426,1.2804942356544869e-07,1.2804942356543135e-07,1.733770563911146e-20
676,2.2012322270784903,4.380027167923916e-06,4.380027167923906e-06,1.0164395367051604e-20
677,5.180905021548622,0.0016913092240820134,0.0016913092240820422,2.883977778811442e-17
678,0.5820326431085016,1.279781343802102e-10,1.2797813438022787e-10,1.7655136199178684e-23
679,0.3279299634868628,1.9268416665767714e-11,1.9268416665767013e-11,7.011648161094024e-25
680,1.3216058500868972,4.173337277534832e-08,4.1733372775345505e-08,2.812414082680294e-21
681,0.5732799258437022,1.257906068114411e-09,1.2579060681144415e-09,3.0605682664462024e-23
682,2.632107717662401,3.9577698505665856e-06,3.957769850566614e-06,2.879912020664621e-20
683,0.632768899232996,3.3627200919115585e-09,3.362720091911528e-09,3.0605682664462024e-23
684,4.530170494787189,0.000728211140647853,0.0007282111406478571,4.0115480381963664e-18
685,1.5747260132987801,5.032657356641008e-08,5.03265735664064e-08,3.679299364635867e-21
686,8.329258199420018,0.015378859158615704,0.015378859158615402,3.0184188481996443e-16
687,1.4251448834775955,4.2641699915757793e-07,4.2641699915757735e-07,5.823351512373315e-22
688,1.7166544303174902,7.655590919059268e-07,7.655590919059262e-07,6.352747104407253e-22
689,3.2907453665285455,1.045029143563804e-05,1.0450291435637616e-05,4.2351647362715017e-19
690,1.396096343948888,1.844896960642184e-08,1.8448969606424545e-08,2.7065349642735066e-21
691,1.9661221180032644,1.93589666764097e-06,1.9358966676409933e-06,2.329340604949326e-20
692,3.032765487502822,3.327865699674084e-05,3.3278656996741525e-05,6.844026213814747e-19
693,3.5969489577803095,2.002044092653486e-05,2.002044092653471e-05,1.4907779871675686e-19
694,6.803707603566574,0.003957886566157518,0.0039578865661575625,4.423544863740858e-17
695,5.960462786485669,0.0028023198697111817,0.002802319869711202,2.0383000842727483e-17
696,2.2493702408660825,1.596291701089633e-07,1.5962917010895934e-07,3.970466940254533e-21
697,6.803095115157123,0.0024326730401311005,0.002432673040131058,4.2500725161431774e-17
698,1.1881333066262652,1.8635137572952455e-07,1.8635137572952077e-07,3.785178483042655e-21
699,0.2932298435300368,2.6951778596090906e-11,2.6951778596090574e-11,3.3281094958188223e-25
700,5.81124155858334,0.0036510945386801683,0.003651094538680226,5.767955557622884e-17
701,3.988568768002179,1.3760674002046797e-06,1.3760674002043143e-06,3.654947167402306e-19
702,1.4338739180916593,3.054544317205596e-07,3.0545443172056506e-07,5.4527745979495584e-21
703,3.147984101052012,6.98366354011564e-05,6.983663540115564e-05,7.589415207398531e-19
704,0.7826020812670939,1.8063847673611953e-09,1.8063847673611554e-09,3.9911464555683585e-23
705,3.573656950485602,3.712361694062112e-05,3.712361694062005e-05,1.0706496453294356e-18
706,2.317438607128093,1.4938950593573954e-06,1.4938950593574417e-06,4.6375053862172944e-20
707,3.018089751363091,5.4141230050356185e-06,5.414123005035469e-06,1.4907779871675686e-19
708,4.081879713424585,0.0001515038593649878,0.00015150385936498934,1.5449880957918438e-18
709,5.23635080949012,0.000165952945037646,0.0001659529450376389,7.101524229780054e-18
710,3.1835747048482617,7.42849900768656e-05,7.428499007686584e-05,2.439454888092385e-19
711,2.326368833867583,1.0537535746862756e-05,1.0537535746862747e-05,8.470329472543003e-21
712,5.677915378037005,0.0009592200346388216,0.0009592200346388134,8.239936510889834e-18
713,2.6242101639134257,1.853031131983204e-05,1.8530311319832043e-05,3.3881317890172014e-21
714,1.5518852969773265,9.353003358606993e-07,9.353003358606971e-07,2.2234614865425384e-21
715,5.510130494774282,0.0013441058493841706,0.0013441058493841708,2.168404344971009e-19
716,4.06669540003067,0.0002696294779833942,0.00026962947798339214,2.0599841277224584e-18
717,5.526859672929213,0.001336776838676821,0.0013367768386768348,1.3877787807814457e-17
718,1.5540488141388895,3.147743498461402e-07,3.1477434984613e-07,1.0164395367051604e-20
719,3.610286088312189,5.252265989107533e-05,5.252265989107547e-05,1.3552527156068805e-19
720,0.15371768416714224,1.522797959338894e-13,1.5227979593389335e-13,3.937993638863291e-27
721,1.2230372708129378,2.39115800696414e-10,2.391158006964108e-10,3.2053248736429822e-24
722,2.0472876099997457,2.3613692769441738e-07,2.3613692769439498e-07,2.2393433543035565e-20
723,3.083097283163398,2.9511893367172356e-05,2.9511893367173026e-05,6.708500942254059e-19
724,7.862028035988031,0.0021958220676166255,0.0021958220676165227,1.0278236595162582e-16
725,4.764663335882743,2.501789215653739e-06,2.501789215652908e-06,8.309393212564686e-19
726,7.112374191786518,0.002357702785497374,0.0023577027854973166,5.724587470723463e-17
727,2.267428979107534,4.382741991901607e-06,4.382741991901578e-06,2.964615315390051e-20
728,2.957995905791382,4.1681240327087545e-05,4.168124032708782e-05,2.778268066994105e-19
729,1.7775068139446677,6.312602058702908e-08,6.31260205870238e-08,5.280721030538529e-21
730,2.6031728921716937,1.2406402475112424e-06,1.240640247511127e-06,1.1540823906339842e-19
731,2.0686276617399457,1.2434251910851915e-07,1.2434251910851786e-07,1.2970192004831474e-21
732,0.5646470934713078,2.606071214630233e-09,2.606071214630177e-09,5.583469134732937e-23
733,0.1934263819300514,1.6694798869055865e-12,1.6694798869055593e-12,2.726303288443817e-26
734,0.46941805508300816,3.827764082549877e-10,3.827764082549915e-10,3.774011544773189e-24
735,0.8616863905251274,1.7371402504370708e-08,1.7371402504370943e-08,2.3491929396505986e-22
736,9.68363452090097,0.0638310044467098,0.06383100444670958,2.220446049250313e-16
737,2.1423749669513334,6.508112898432845e-07,6.50811289843243e-07,4.1504614415460717e-20
738,1.149911156481418,8.449527954151866e-09,8.449527954151964e-09,9.760731228125727e-23
739,2.338463490306089,7.730572143610907e-08,7.730572143610947e-08,3.970466940254533e-22
740,3.8467713578129623,3.487315011453189e-05,3.4873150114531174e-05,7.182839392716467e-19
741,1.97865810279463,8.008000878449069e-07,8.00800087844889e-07,1.7893571010747095e-20
742,5.858159595222347,0.0012063832460763061,0.0012063832460762769,2.927345865710862e-17
743,4.313062965772371,0.00012489021374952264,0.00012489021374952901,6.3696877633523385e-18
744,0.543245630514289,7.462867116474694e-10,7.462867116474611e-10,8.271806125530277e-24
745,1.663107108697474,1.1534752204119704e-08,1.1534752204118253e-08,1.4508747944180105e-21
746,4.37079538194628,0.00026752100395364476,0.00026752100395363956,5.204170427930421e-18
747,3.4986404382439638,1.3876172698712196e-05,1.387617269871138e-05,8.148456952586369e-19
748,3.7658242006977276,6.391032992466226e-05,6.391032992466443e-05,2.168404344971009e-18
749,4.384708395804255,2.2019178412130603e-05,2.2019178412130437e-05,1.6601845766184287e-19
750,1.9216853632814335,1.4567454924472345e-06,1.4567454924472787e-06,4.425747149403719e-20
751,2.4433668164960114,7.218923758273374e-07,7.218923758273356e-07,1.7999450129153882e-21
752,7.1489006675373865,0.0009287047592899819,0.0009287047592899243,5.767955557622884e-17
753,1.7191737035586256,1.8135628791448812e-06,1.8135628791448871e-06,5.929230630780102e-21
754,2.238533690338159,5.70727191992089e-06,5.707271919920808e-06,8.216219588366713e-20
755,1.4672070372179864,2.788776122604908e-07,2.7887761226048596e-07,4.817499887508833e-21
756,2.5189278970883406,4.513700687961577e-06,4.513700687961903e-06,3.2526065174565133e-19
757,2.797001798494719,2.617108713213056e-07,2.6171087132123064e-07,7.496241583200558e-20
758,1.4433819126049328,9.237254860702942e-08,9.237254860703109e-08,1.6675961149069038e-21
759,6.161959274085707,4.130353993484915e-05,4.130353993483845e-05,1.0699720189716322e-17
760,0.9660522358898029,6.039202367968816e-08,6.03920236796879e-08,2.6469779601696886e-22
761,0.6022581705836845,2.259305741054836e-09,2.2593057410548407e-09,4.549493369041652e-24
762,10.479886925818002,0.036231917161472844,0.036231917161473635,7.91033905045424e-16
763,5.6053707181575145,0.0003881501702011652,0.0003881501702011483,1.691355389077387e-17
764,0.7734734172419535,9.088439703759602e-09,9.088439703759936e-09,3.341809674714232e-22
765,4.579328190168282,0.0001036682863607705,0.000103668286360771,5.014435047745458e-19
766,3.6131657859416864,5.176445201213571e-05,5.176445201213502e-05,6.911788849595091e-19
767,7.8460884690250365,0.007112530275115859,0.007112530275115925,6.678685382510707e-17
768,3.5748581400421675,1.4254297650330682e-05,1.4254297650329535e-05,1.1468826105823227e-18
769,6.234633735069961,0.0012855636076348,0.0012855636076348218,2.168404344971009e-17
770,1.4845849200675225,3.070479389963336e-07,3.0704793899632396e-07,9.634999775017666e-21
771,1.7104836785272415,1.7490270410291685e-06,1.7490270410291445e-06,2.3928680759933985e-20
772,2.355321287286015,3.953746390153051e-06,3.953746390153023e-06,2.795208725939191e-20
773,6.577991287935952,0.00367887173699101,0.0036788717369909585,5.160802341031001e-17
774,1.3763723136698005,1.3921040868134114e-09,1.3921040868132528e-09,1.5861188245704306e-22
775,2.8709829000209153,4.759285572062036e-07,4.7592855720611716e-07,8.645030017914203e-20
776,5.961609361555965,4.8952964879857593e-05,4.895296487987179e-05,1.4196272195982074e-17
777,3.9821993246784757,8.142853358378583e-05,8.142853358378704e-05,1.2061749168901237e-18
778,2.274049720635036,3.1246016448649236e-07,3.124601644864438e-07,4.854557578951209e-20
779,4.546752111822981,2.8271871096112547e-05,2.8271871096113642e-05,1.094366567852556e-18
780,2.713627230880828,3.1520928967623424e-05,3.15209289676239e-05,4.743384504624082e-19
781,1.2713836216297016,5.878557108652988e-08,5.878557108652725e-08,2.63374307036884e-21
782,4.342774289041714,0.0001828642647378475,0.0001828642647378578,1.0299920638612292e-17
783,2.1817073723859575,1.80781122323194e-06,1.8078112232318505e-06,8.957373417214226e-20
784,6.201285869144444,0.0007932682736131481,0.0007932682736131519,3.7947076036992655e-18
785,0.5561274114307967,1.6137613405870395e-09,1.6137613405870097e-09,2.9778502051908996e-23
786,5.039393553750594,0.0006699706670607958,0.0006699706670607833,1.2468324983583301e-17
787,1.6904724786185996,1.6050127256378956e-06,1.6050127256379026e-06,6.988021814847978e-21
788,10.834663481987867,0.12185421341446778,0.12185421341447045,2.6645352591003757e-15
789,4.291352078120302,2.826586302756454e-06,2.826586302755566e-06,8.88114045196134e-19
790,5.131383897319643,6.889042345641933e-05,6.889042345641682e-05,2.507217523872729e-18
791,2.286539064622984,5.834024256255104e-06,5.8340242562550936e-06,1.0164395367051604e-20
792,1.257052540884082,4.209757039303944e-08,4.209757039303886e-08,5.823351512373315e-22
793,6.145635149147897,0.00047804770044360324,0.0004780477004435932,1.0028870095490916e-17
794,1.5464032624291422,2.613133901476947e-07,2.6131339014768037e-07,1.4346620544119712e-20
795,3.4936916392020745,6.399716159656972e-05,6.399716159656851e-05,1.2061749168901237e-18
796,0.6203716995876463,1.0890659839044318e-09,1.089065983904399e-09,3.288042934898285e-23
797,3.9859588955608043,0.00018488974583791336,0.00018488974583791434,9.75781955236954e-19
798,5.662425000402553,0.00032458810635876127,0.00032458810635875254,8.72782748850831e-18
799,0.959392264060145,1.3100646948061512e-08,1.3100646948060892e-08,6.203854594147708e-22
800,2.354385371760278,1.4470626684143429e-06,1.4470626684143683e-06,2.541098841762901e-20
801,4.79429656536994,0.00030282046200216225,0.0003028204620021591,3.144186300207963e-18
802,2.697577151067742,2.2121861235320483e-05,2.2121861235320206e-05,2.778268066994105e-19
803,3.940076689655759,4.620507168387836e-06,4.620507168387382e-06,4.54009659728305e-19
804,3.218217420439738,6.75536057016479e-05,6.755360570164725e-05,6.505213034913027e-19
805,1.4104170405335257,1.3322686153851991e-07,1.332268615385202e-07,2.9116757561866574e-22
806,0.14090737076552465,6.4171280854508125e-15,6.417128085451673e-15,8.606472475961239e-28
807,3.862931520657809,0.00034365310247770354,0.0003436531024776996,3.957337929572091e-18
808,1.6069767179891508,1.684530605306547e-07,1.6845306053066647e-07,1.1779051922755114e-20
809,2.5190043388328585,3.7776377890050096e-08,3.7776377890018014e-08,3.2081372877256625e-20
810,8.705935949319478,0.015419969345828108,0.01541996934582787,2.3765711620882257e-16
811,4.272070413186661,0.00014486594995581,0.00014486594995580438,5.6107462426124854e-18
812,5.885019031406195,0.000239777041601967,0.00023977704160195904,7.968885967768458e-18
813,4.250428487637308,0.0003505733908912377,0.00035057339089124344,5.7462715141731735e-18
814,3.395642148994369,3.484759392737596e-05,3.4847593927376525e-05,5.624298769768554e-19
815,5.393804560958454,0.0010770082958108794,0.0010770082958108612,1.8214596497756474e-17
816,5.679831775620538,0.0015875303385192987,0.0015875303385193419,4.3151246464923076e-17
817,9.838496447709352,0.07271350646022544,0.07271350646022527,1.6653345369377348e-16
818,4.021138132107331,0.0003387653893137807,0.00033876538931378606,5.366800753803247e-18
819,6.5967055361639755,0.000621230681208476,0.0006212306812084671,8.890457814381136e-18
820,3.8460193141700993,2.3094531545959446e-06,2.3094531545958184e-06,1.2620790914089075e-19
821,0.5242722588125368,1.7885922435856987e-09,1.7885922435857148e-09,1.613002194478404e-23
822,2.5721928843266957,4.7396577400012995e-06,4.739657740001015e-06,2.846030702774449e-19
823,2.0460475415832557,6.829866809643415e-07,6.82986680964311e-07,3.049318610115481e-20
824,7.125471382888311,0.001337332005059868,0.0013373320050598437,2.42861286636753e-17
825,8.846660144137655,0.03461312272369957,0.034613122723699666,9.71445146547012e-17
826,1.5610308024806316,7.918619405905513e-08,7.918619405906089e-08,5.7571770633690726e-21
827,0.15902391752331313,1.3608954860501414e-12,1.3608954860501586e-12,1.7165613297609217e-26
828,4.81515168300261,0.0006015991369294067,0.000601599136929393,1.3660947373317356e-17
829,3.345015462953864,7.375732896519512e-05,7.375732896519339e-05,1.734723475976807e-18
830,1.1381092434648068,9.027784894916572e-08,9.027784894916987e-08,4.155755397466411e-21
831,3.5927246031912334,1.6029402822723137e-05,1.602940282272167e-05,1.4670610646444482e-18
832,7.415463667069669,0.0010438588675309368,0.0010438588675310036,6.678685382510707e-17
833,1.0624093313474594,7.330513647393149e-08,7.330513647393112e-08,3.705769144237564e-22
834,4.703984628224659,0.0009994419263643112,0.000999441926364314,2.8189256484623115e-18
835,1.4195584139052793,4.78354526593068e-07,4.783545265930788e-07,1.079967007749233e-20
836,6.2944624404763125,0.0028285122952853526,0.002828512295285307,4.5536491244391186e-17
837,1.6840262363372456,9.843820222539706e-07,9.843820222539594e-07,1.122318655111948e-20
838,1.2770374326099094,7.975034768708437e-09,7.975034768707478e-09,9.595295105615121e-22
839,0.49703473151168126,2.8090435389489704e-10,2.8090435389488535e-10,1.1683926152311516e-23
840,6.126692910235227,0.0007281126347278489,0.0007281126347278582,9.324138683375338e-18
841,4.02168341612733,1.1645015521194111e-05,1.1645015521194508e-05,3.9641141931501256e-19
842,3.1579135401854566,1.2358551613198253e-05,1.2358551613198111e-05,1.4230153513872246e-19
843,1.3043555373104132,2.1424393340158345e-07,2.1424393340158218e-07,1.2705494208814505e-21
844,0.7015703301333592,5.785809067445271e-09,5.7858090674451994e-09,7.196471329211341e-23
845,5.589705350073875,1.509789304034532e-05,1.50978930403423e-05,3.020519489908835e-18
846,0.36447364740215393,1.4127153394625793e-10,1.4127153394626194e-10,4.006656092053728e-24
847,3.426733044039271,1.6247570517523102e-05,1.6247570517522085e-05,1.0164395367051604e-18
848,0.66794251475441,3.733080950509802e-09,3.73308095050993e-09,1.282129949457193e-22
849,2.1272675454797594,4.992244532167935e-06,4.9922445321678985e-06,3.6422416731934915e-20
850,2.5544798957881234,7.316942231514736e-06,7.3169422315146485e-06,8.724439356719293e-20
851,2.8954712912790033,6.536459674322066e-06,6.536459674321813e-06,2.524158182817815e-19
852,1.5847988599815614,2.4321754388548375e-07,2.432175438854836e-07,1.5881867761018131e-22
853,5.915275689666139,0.0004903415858722595,0.0004903415858722636,4.119968255444917e-18
854,1.1871232624350967,1.693896275788233e-08,1.693896275788199e-08,3.407984123718474e-22
855,6.1079511731795435,0.0006508513018610062,0.0006508513018610261,1.9949319973733282e-17
856,0.43334621206820717,1.4660113728711926e-11,1.466011372870974e-11,2.1842738050228387e-24
857,6.607874067037945,0.0021068758032084995,0.0021068758032084705,2.905661822261152e-17
858,1.3142109652240215,4.020817527522563e-08,4.020817527522645e-08,8.205631676526035e-22
859,3.844240168216788,5.2013331129557976e-05,5.201333112955751e-05,4.675621868843738e-19
860,3.8978903578967645,9.853316041920144e-05,9.85331604192022e-05,7.589415207398531e-19
861,5.034474019633296,0.0013967069381675033,0.0013967069381674833,1.9949319973733282e-17
862,2.5050752453393,1.189398575415343e-05,1.1893985754153251e-05,1.7957098481791167e-19
863,4.9076379542220625,0.001077544386281656,0.001077544386281652,3.903127820947816e-18
864,3.448995453156516,8.295658113718385e-05,8.295658113718333e-05,5.149960319306146e-19
865,2.838923385969747,3.758480717786139e-05,3.7584807177861285e-05,1.0842021724855044e-19
866,2.3519714018103772,3.762219307596124e-07,3.762219307596217e-07,9.317362419797304e-21
867,3.531046723646903,0.00012232207092682706,0.0001223220709268271,2.710505431213761e-20
868,2.79232190181607,8.422278804277078e-06,8.422278804276807e-06,2.710505431213761e-19
869,3.8089494213715165,3.48531904048347e-05,3.485319040483535e-05,6.505213034913027e-19
870,3.8127956471315247,6.62492758852308e-05,6.624927588523028e-05,5.149960319306146e-19
871,1.0714288427417875,2.500420206100773e-08,2.500420206100732e-08,4.1028158382630173e-22
872,4.1227964147865555,1.6845435825737717e-06,1.6845435825743464e-06,5.747118547120428e-19
873,1.4131049386707262,2.0972149345036336e-07,2.0972149345035613e-07,7.22624983126325e-21
874,12.051215558854722,0.0899618953316693,0.08996189533166948,1.8041124150158794e-16
875,4.47690364000832,6.2734148570122125e-06,6.2734148570142445e-06,2.0320320404630665e-18
876,7.402429767015336,0.0005588170711741632,0.0005588170711742195,5.627009275199768e-17
877,2.8950505139195535,2.8400263225482632e-05,2.8400263225483215e-05,5.827586677109586e-19
878,8.361205102825005,0.0006263616337083292,0.0006263616337083061,2.3093506273941244e-17
879,2.2426926979990607,8.680058964847568e-06,8.680058964847561e-06,6.776263578034403e-21
880,2.299698390247602,7.753968241007123e-06,7.753968241007135e-06,1.1858461261560205e-20
881,1.6726439517543565,2.463839291002618e-07,2.463839291002499e-07,1.1858461261560205e-20
882,2.9891582706406195,2.9130409684189263e-06,2.913040968418835e-06,9.105604182983729e-20
883,7.4018589700285276,0.003218844491336043,0.0032188444913359942,4.85722573273506e-17
884,13.596455819539504,0.2402331256925818,0.24023312569258246,6.661338147750939e-16
885,2.3294302411784247,1.0521457100473645e-05,1.0521457100473532e-05,1.1350241493207625e-19
886,3.8936292508202675,0.000247333262424095,0.0002473332624240946,4.336808689942018e-19
887,1.5461988123039205,3.740448126917097e-07,3.740448126917099e-07,2.117582368135751e-22
888,3.9234294099135916,8.690155230625439e-06,8.690155230625283e-06,1.5585406229479126e-19
889,4.575120466276396,0.0002474141148637468,0.00024741411486373663,1.0191500421363742e-17
890,2.982829733267928,3.3980758734744703e-06,3.3980758734745533e-06,8.300922883092143e-20
891,2.6896287075806358,2.3892065429855914e-05,2.389206542985581e-05,1.0503208545953324e-19
892,3.08712777717359,2.3469384982089578e-05,2.3469384982090544e-05,9.656175598699024e-19
893,2.122073698924135,5.556038251096231e-06,5.556038251096201e-06,3.049318610115481e-20
894,2.2782561001190276,3.7337458549133476e-06,3.7337458549132252e-06,1.223962608782464e-19
895,2.059720579538398,1.323699299439493e-08,1.3236992994394601e-08,3.29217883796105e-22
896,1.79154957871155,2.5752010205572416e-06,2.575201020557211e-06,3.049318610115481e-20
897,2.743737066653879,1.8667488889722013e-05,1.8667488889721613e-05,3.9979955110402976e-19
898,0.7913688980349916,9.699136856513359e-09,9.699136856513382e-09,2.3161057151484775e-23
899,1.9899165366534879,1.5111804593094474e-06,1.5111804593094465e-06,8.470329472543003e-22
900,5.461783177489709,5.6300911101880904e-05,5.630091110189249e-05,1.1587410718438829e-17
901,2.038377346564811,2.4990277592917843e-06,2.499027759291764e-06,2.0328790734103208e-20
902,2.757139806586041,9.305161286207501e-09,9.305161286226706e-09,1.9205479462256197e-20
903,2.9445063848286868,6.032034870557541e-05,6.032034870557444e-05,9.75781955236954e-19
904,9.08987429411703,0.00691475245333239,0.006914752453332037,3.5301622736128024e-16
905,2.486079553684867,2.307468259970445e-06,2.307468259970412e-06,3.3034284942917713e-20
906,9.0794329333837,0.037818492586604656,0.037818492586603844,8.118505867571457e-16
907,0.8845488202833383,4.156301766960655e-08,4.156301766960672e-08,1.6543612251060553e-22
908,3.2453712048826526,7.373085691440876e-05,7.373085691441037e-05,1.6127507315721878e-18
909,3.6090412774762424,0.00015474139256804566,0.0001547413925680441,1.5449880957918438e-18
910,4.494372931548959,0.00012837166911633057,0.0001283716691163264,4.174178364069192e-18
911,10.047471493898302,0.012671977442594342,0.012671977442594231,1.1102230246251565e-16
912,0.6939859285769278,1.0618281080718124e-08,1.0618281080717932e-08,1.9190590211230242e-22
913,0.8489506338215855,1.7409184096681776e-08,1.740918409668145e-08,3.2756352257099896e-22
914,0.28873698309465373,1.993129468947621e-11,1.9931294689475633e-11,5.783801939335623e-25
915,3.2151310906393444,2.3295257094996337e-06,2.3295257094998675e-06,2.337810934421869e-19
916,9.076646766231363,0.025069421290322903,0.025069421290322497,4.0592529337857286e-16
917,1.1356817192521513,7.54152717515657e-08,7.541527175156465e-08,1.045556294267027e-21
918,6.676979781791964,0.006939474052551853,0.00693947405255187,1.734723475976807e-17
919,7.446933164278384,0.00807984664040137,0.008079846640401324,4.683753385137379e-17
920,4.569086603654815,0.00014422427486819006,0.0001442242748681927,2.6291902682773483e-18
921,13.285552750194292,0.253667425417152,0.2536674254171506,1.3877787807814457e-15
922,5.88165198645783,0.00038737647465401573,0.0003873764746540298,1.4094628242311558e-17
923,3.6424167821168463,1.337624252798904e-05,1.3376242527989338e-05,2.981555974335137e-19
924,0.6746823167717294,1.907635354847409e-10,1.9076353548473229e-10,8.607848249379944e-24
925,7.159153310843507,0.008443399807995706,0.00844339980799559,1.1622647289044608e-16
926,2.430071334457416,2.2083808390255926e-06,2.2083808390257036e-06,1.1096131609031334e-19
927,1.5122909362037302,3.6112305827868037e-07,3.6112305827867275e-07,7.623296525288703e-21
928,0.5805429331490082,3.3754914515069357e-09,3.3754914515068786e-09,5.707546226615891e-23
929,3.340981644481302,1.919021970347994e-06,1.9190219703475906e-06,4.036111993666741e-19
930,9.767111945775953,0.01129685264436861,0.011296852644369082,4.718447854656915e-16
931,3.264809882093135,7.575722277656016e-06,7.575722277656304e-06,2.879912020664621e-19
932,14.369306626983697,0.7066515882333168,0.706651588233321,4.218847493575595e-15
933,13.574013358531033,0.05828119705540381,0.05828119705540334,4.718447854656915e-16
934,0.3105358802352713,2.3320295459071497e-11,2.3320295459070508e-11,9.887393259422909e-25
935,0.3360305486818357,1.650881594092233e-11,1.6508815940922074e-11,2.552627671550359e-25
936,7.590670165957536,0.011452074534800403,0.011452074534800133,2.706168622523819e-16
937,2.702432938696841,1.4981196383985184e-05,1.4981196383985441e-05,2.574980159653073e-19
938,2.6049162245106103,1.3435652523664367e-05,1.3435652523664084e-05,2.829090043829363e-19
939,2.4062861289515665,3.5184915253707566e-08,3.518491525370888e-08,1.3102540902839958e-21
940,6.978971229004621,0.0032414088700130224,0.0032414088700129587,6.375108774214766e-17
941,0.8186732671623054,2.3554281097203497e-08,2.3554281097203152e-08,3.441071348220595e-22
942,1.6352773070954572,1.6279139734252886e-06,1.6279139734252676e-06,2.0964065444543933e-20
943,5.57773553541228,0.00263857937414592,0.002638579374145927,7.37257477290143e-18
944,9.216716381507618,0.04513496280161322,0.045134962801612964,2.5673907444456745e-16
945,3.202291579113653,1.4640075596312217e-06,1.464007559631175e-06,4.6798570335800094e-20
946,0.6125827856106243,3.6292947939700124e-09,3.6292947939701047e-09,9.223063829966259e-23
947,0.6553735594374265,1.6173321037149932e-10,1.6173321037150958e-10,1.0262209474486e-23
948,3.217333763011932,0.00010621393991667672,0.0001062139399166753,1.4230153513872246e-18
949,2.151261765053809,3.2167975768643286e-08,3.2167975768644815e-08,1.5286297719979951e-21
950,1.7736332405273112,2.706766371028369e-06,2.706766371028416e-06,4.701032857261367e-20
951,0.830697489701511,7.895504562585272e-10,7.895504562585609e-10,3.370760996153588e-23
952,1.0314393349583313,3.672359280530266e-08,3.672359280530164e-08,1.0190865146653301e-21
953,5.6747795283295694,1.0132288729232626e-05,1.0132288729228362e-05,4.263963856478148e-18
954,2.815392043567445,2.5758006360988765e-05,2.5758006360989317e-05,5.522654816098038e-19
955,0.2929490399613724,1.3503766979038351e-12,1.3503766979036754e-12,1.59741177863634e-25
956,4.169420050151098,8.794353818997027e-05,8.794353818997193e-05,1.6534083130403943e-18
957,5.651079350383133,0.0008288963389938812,0.0008288963389938524,2.883977778811442e-17
958,1.0527942437427453,2.6767333822203924e-08,2.676733382220312e-08,8.040195554015429e-22
959,1.00435882207413,7.3163170301684e-08,7.316317030168239e-08,1.61465655570351e-21
960,3.7402888142648614,0.00026404919081427663,0.00026404919081427717,5.421010862427522e-19
961,0.31557533181955255,1.9549987916329756e-11,1.9549987916329297e-11,4.588267460255075e-25
962,2.04579370185074,2.252174787054572e-06,2.252174787054593e-06,2.0752307207730358e-20
963,1.1466329241754476,7.306472971951062e-08,7.30647297195118e-08,1.1779051922755114e-21
964,4.4834222383736675,1.7521559782607105e-07,1.752155978257709e-07,3.00140830903641e-19
965,0.39904616354816563,2.6738163407172836e-10,2.67381634071734e-10,5.635167923017501e-24
966,5.946621836537776,0.0008780719818329287,0.0008780719818329227,5.9631119486702744e-18
967,4.367529286775811,0.00045221211134214347,0.00045221211134214277,7.047314121155779e-19
968,4.464092266349285,3.943254427963913e-05,3.9432544279645176e-05,6.044427111606687e-18
969,3.5754775776132397,3.13792208228482e-05,3.137922082285057e-05,2.371692252312041e-18
970,5.497492078578008,0.001155963596728909,0.0011559635967288973,1.1709383462843448e-17
971,1.6408899409647186,2.2350348263674798e-07,2.235034826367562e-07,8.232101456127731e-21
972,3.0278615497452477,1.864925509921313e-05,1.8649255099213584e-05,4.54009659728305e-19
973,0.5416752797092036,1.2129831311558087e-11,1.2129831311556706e-11,1.3813269994782005e-24
974,0.833611230977694,4.554674131832682e-09,4.554674131832624e-09,5.790264287871194e-23
975,5.4969377886072355,0.0020499277048028567,0.002049927704802864,7.37257477290143e-18
976,5.7565266231372725,0.001212722046955313,0.0012127220469552928,2.0166160408230382e-17
977,2.9664214249709406,6.076802058691526e-06,6.076802058691584e-06,5.844527336054672e-20
978,4.821273034456981,0.00043790786445716413,0.0004379078644571646,4.87890977618477e-19
979,0.6455738444618182,1.958637616058562e-09,1.9586376160585145e-09,4.756288522179909e-23
980,1.858919157032802,4.4027553188246636e-08,4.4027553188238596e-08,8.040195554015429e-21
981,3.6299620772899788,1.7764802839287697e-05,1.776480283928764e-05,5.759824041329242e-20
982,1.451381058982128,3.34039332574807e-07,3.340393325748059e-07,1.1117307432712692e-21
983,2.7234607152456984,2.229674904033959e-05,2.2296749040340005e-05,4.1674021004911577e-19
984,1.7282035390029877,1.4858056540588347e-06,1.4858056540588773e-06,4.256340559952859e-20
985,10.430623750487104,0.005334406895341273,0.005334406895340638,6.349087922075114e-16
986,1.2604765432579936,1.4195336064089772e-07,1.4195336064089965e-07,1.9322939109238726e-21
987,1.2038134467139099,1.3046713197438938e-07,1.3046713197438758e-07,1.7999450129153882e-21
988,3.0500277267603275,2.0363345924581288e-06,2.0363345924580034e-06,1.2536087619363645e-19
989,3.335076881495299,3.502389187722959e-06,3.5023891877225597e-06,3.993760346304026e-19
990,3.2097764362116377,1.2860818158303392e-05,1.2860818158302806e-05,5.861467994999758e-19
991,13.12724368752107,0.017926669108162298,0.01792666910816153,7.667477763817487e-16
992,5.737672996405461,0.0027217515780568317,0.0027217515780567888,4.2934406030425976e-17
993,2.315446401990602,2.7677645483736226e-06,2.767764548373697e-06,7.453889935837843e-20
994,9.168693584570596,0.011880273615204894,0.011880273615204433,4.614364446098307e-16
995,4.7652694528223085,0.0003681245043981509,0.00036812450439816554,1.463672932855431e-17
996,1.477989025700266,3.711410820168464e-07,3.7114108201684085e-07,5.558653716356346e-21
997,3.2046518298423345,1.409707964792869e-06,1.4097079647927253e-06,1.435720845596039e-19
998,1.1129920634224226,3.065854241781927e-08,3.0658542417818016e-08,1.2506970861801778e-21
999,0.2072541641574875,2.666706194362791e-12,2.666706194362748e-12,4.321695583162791e-26
1000,3.1484005758802116,1.3153130402042975e-05,1.3153130402043123e-05,1.4738373282224826e-19
1001,3.320865040340494,3.715225451264821e-06,3.7152254512643722e-06,4.489274620447792e-19
1002,5.094113342184264,0.000922600166932352,0.0009226001669323816,2.959871930885427e-17
1003,3.4290403477536993,4.242284588531172e-07,4.242284588531049e-07,1.2281977735187355e-20
1004,9.267375264494133,0.03156361498018837,0.03156361498018841,4.163336342344337e-17
1005,2.874837191708331,2.2219915342323112e-05,2.2219915342322936e-05,1.7618285302889447e-19
1006,1.8805051805736517,3.3138018361851748e-06,3.3138018361851134e-06,6.140988867593677e-20
1007,3.843800960234743,2.1581550699123073e-06,2.158155069911708e-06,5.992758101824175e-19
1008,7.890803650973505,0.0037533041332670656,0.003753304133266918,1.474514954580286e-16
1009,5.255141121192114,0.0015932981930774969,0.0015932981930775313,3.447762908503904e-17
1010,2.582957378424969,2.0064217698045537e-05,2.0064217698045862e-05,3.2526065174565133e-19
1011,3.9987896396815734,3.8234964941438155e-05,3.823496494143685e-05,1.3078188705606397e-18
1012,13.168472835652313,0.24613052500517232,0.24613052500517094,1.3877787807814457e-15
1013,0.7241785592078337,2.5168616155914426e-09,2.5168616155914625e-09,1.9852334701272664e-23
1014,0.9183325010139712,2.0785735804253814e-09,2.0785735804252792e-09,1.0215680565029892e-22
1015,2.4430032907144756,1.8956786172054752e-07,1.8956786172055814e-07,1.0614381620280451e-20
1016,2.647221288666813,3.3077181402272776e-05,3.307718140227295e-05,1.7618285302889447e-19
1017,2.6061939281629884,1.9935494430363516e-06,1.9935494430363732e-06,2.159934015498466e-20
1018,4.04220130656655,0.00022901382802381528,0.00022901382802381233,2.9544509200229996e-18
1019,4.780191586998174,0.0005978997714185096,0.0005978997714185158,6.179952383167375e-18
1020,2.2479866376007425,7.014311671685391e-06,7.0143116716853865e-06,4.235164736271502e-21
1021,2.476951805536573,1.8753080335295297e-06,1.8753080335294173e-06,1.1244362374800837e-19
1022,2.072206876527736,1.652902117700717e-06,1.6529021177006962e-06,2.0752307207730358e-20
1023,1.1819684336282477,2.295151263708399e-07,2.2951512637083654e-07,3.3616620094155045e-21
