line_id,group_orbit_id,stabilizer_order,s4,s4_rational,s6,s6_rational,s8,s8_rational,covariant_eigenvalue_0,covariant_eigenvalue_1,covariant_eigenvalue_2,covariant_eigenvalue_3,operator_norm,one_third_gap,singular_value_0,singular_value_1,singular_value_2,singular_value_3,singular_value_4,singular_value_5,residual_norm,f0,f1,f2,f3
0,1,48,1.041666666666667,25/24,0.43402777777777785,125/288,0.18084490740740747,625/3456,0.06944444444444434,0.6944444444444443,0.6944444444444449,1.0416666666666665,0.25000000000000006,0.08333333333333326,0.25000000000000006,0.24999999999999992,0.24999999999999992,0.2499999999999999,5.970153968863716e-16,4.990539698976181e-16,4.081762055578507e-16,0.41489778145221534,0.4391159712482318,8.215051954841127e-16,0.7968920847522278
1,1,48,1.0416666666666676,25/24,0.43402777777777846,125/288,0.1808449074074078,625/3456,0.06944444444444464,0.6944444444444443,0.6944444444444451,1.0416666666666679,0.2499999999999998,0.08333333333333351,0.2499999999999998,0.2499999999999997,0.2499999999999996,0.2499999999999996,5.806792364666557e-16,4.873374599083279e-16,6.206335383118183e-16,0.4579639560315349,-0.280032199726701,0.6454972243679017,0.5433086741673708
2,1,48,1.0416666666666667,25/24,0.4340277777777778,125/288,0.18084490740740744,625/3456,0.06944444444444442,0.6944444444444444,0.6944444444444449,1.0416666666666674,0.2500000000000002,0.08333333333333309,0.2500000000000002,0.25000000000000017,0.24999999999999964,0.24999999999999953,4.662031663273955e-16,4.351207078041737e-16,8.042889475864443e-16,0.024098142754118493,0.870222052124732,3.258538363672931e-15,-0.49206997420247295
3,1,48,1.0416666666666665,25/24,0.43402777777777757,125/288,0.1808449074074073,625/3456,0.06944444444444446,0.6944444444444444,0.6944444444444446,1.041666666666666,0.24999999999999967,0.08333333333333365,0.24999999999999967,0.24999999999999956,0.2499999999999995,0.24999999999999944,5.229357781560174e-17,7.359423995808154e-18,4.815412394636862e-16,-0.04306617457931948,0.7191481709749329,-0.6454972243679011,0.25358341058485656
4,1,48,1.0416666666666679,25/24,0.43402777777777846,125/288,0.1808449074074078,625/3456,0.06944444444444431,0.6944444444444445,0.6944444444444448,1.0416666666666674,0.2500000000000003,0.08333333333333304,0.2500000000000003,0.25000000000000017,0.24999999999999994,0.24999999999999978,6.597430365439329e-16,6.102241991021663e-16,1.227537204523176e-15,-0.537177344742033,-0.30615270748547,0.6454972243679001,0.4483796977211973
5,1,48,1.041666666666667,25/24,0.4340277777777779,125/288,0.1808449074074075,625/3456,0.0694444444444446,0.6944444444444443,0.6944444444444453,1.041666666666667,0.25000000000000017,0.08333333333333315,0.25000000000000017,0.2499999999999999,0.24999999999999978,0.24999999999999967,2.57023927238842e-16,2.1625841221108021e-16,1.4106960734103326e-15,-0.0671643173334376,-0.1510738811497989,-0.6454972243679032,0.7456533847873303
6,1,48,1.0416666666666663,25/24,0.43402777777777757,125/288,0.1808449074074073,625/3456,0.06944444444444464,0.6944444444444441,0.6944444444444444,1.0416666666666663,0.24999999999999992,0.0833333333333334,0.24999999999999992,0.2499999999999998,0.2499999999999998,0.24999999999999975,3.6456744708143597e-16,3.5059809474276564e-16,3.570113697685536e-16,-0.5802435193213511,0.412995463489463,1.6562284127503415e-16,0.7019631083060538
7,1,48,1.0416666666666679,25/24,0.43402777777777846,125/288,0.1808449074074078,625/3456,0.06944444444444454,0.6944444444444443,0.6944444444444451,1.041666666666668,0.25000000000000017,0.08333333333333315,0.25000000000000017,0.2500000000000001,0.2500000000000001,0.24999999999999997,6.569947796861594e-17,1.2320161880949993e-18,8.618765454229259e-16,-0.5130792019879141,0.5640693446392627,0.6454972243679036,-0.04369027648127549
8,1,48,1.0416666666666674,25/24,0.43402777777777823,125/288,0.18084490740740766,625/3456,0.0694444444444445,0.6944444444444446,0.694444444444445,1.0416666666666674,0.25000000000000056,0.08333333333333276,0.25000000000000056,0.25000000000000056,0.2500000000000003,0.25000000000000017,9.382929830390825e-17,1.7453509625525502e-17,1.6840031719004235e-16,0.9951413007735666,0.026120507758769118,6.61359547008861e-16,0.09492897644617386
9,1,48,1.0416666666666674,25/24,0.43402777777777823,125/288,0.18084490740740766,625/3456,0.06944444444444453,0.6944444444444446,0.6944444444444451,1.0416666666666672,0.2500000000000007,0.0833333333333326,0.2500000000000007,0.25000000000000056,0.25000000000000056,0.25000000000000033,1.9331112831962636e-16,1.7367576984761383e-16,9.057848289240456e-16,0.4820620987856534,0.5901898523980316,0.6454972243679038,0.05123869996489834
10,2,96,0.729166666666667,35/48,0.23871527777777796,275/1152,0.08373119212962973,2315/27648,0.5902777777777773,0.590277777777778,0.5902777777777781,0.7291666666666665,0.20412414523193134,0.12920918810140197,0.20412414523193134,0.20412414523193131,0.2041241452319313,0.2041241452319312,0.20412414523193115,0.20412414523193112,8.617648093045562e-16,-0.08714485551127041,0.4491021590075083,-0.40824829046386296,0.789966048805927
11,0,32,1.5625000000000004,25/16,1.193576388888889,1375/1152,0.9720413773148151,26875/27648,0.17361111111111097,0.1736111111111113,0.5902777777777775,1.5624999999999993,0.3302798049097851,0.003053528423548224,0.3302798049097851,0.33027980490978504,0.12615565967785342,0.1261556596778534,1.248227570523241e-16,6.25636707274465e-17,7.531177654404661e-16,-0.06942474824732016,0.7093591396508162,0.4564354645876402,0.5325941062303591
12,0,32,1.5624999999999991,25/16,1.1935763888888886,1375/1152,0.9720413773148141,26875/27648,0.17361111111111072,0.1736111111111112,0.5902777777777777,1.5624999999999996,0.33027980490978526,0.0030535284235480575,0.33027980490978526,0.3302798049097852,0.12615565967785364,0.12615565967785355,2.7647056945410966e-16,2.5741743866976414e-16,5.4672143489065705e-16,0.751163506256029,0.12529535398545497,0.4564354645876398,-0.46013164182163496
13,0,32,1.5625,25/16,1.193576388888889,1375/1152,0.9720413773148153,26875/27648,0.17361111111110974,0.1736111111111125,0.5902777777777782,1.5624999999999996,0.33027980490978576,0.003053528423547558,0.33027980490978576,0.33027980490978576,0.12615565967785367,0.12615565967785364,6.329337865312045e-16,5.968989580303811e-16,6.530440769261223e-16,0.7207111221712288,0.6338099023597338,9.94484072990179e-16,-0.2808210926006681
14,2,96,0.729166666666667,35/48,0.23871527777777793,275/1152,0.08373119212962969,2315/27648,0.5902777777777776,0.5902777777777778,0.5902777777777786,0.7291666666666671,0.20412414523193212,0.1292091881014012,0.20412414523193212,0.2041241452319318,0.2041241452319318,0.20412414523193173,0.20412414523193145,0.20412414523193134,9.396246243876959e-16,0.019051254620723636,0.6879709387049788,0.6123724356957975,-0.3890154716650266
15,0,32,1.5625000000000009,25/16,1.1935763888888897,1375/1152,0.9720413773148158,26875/27648,0.1736111111111104,0.17361111111111208,0.5902777777777777,1.5625000000000009,0.3302798049097851,0.003053528423548224,0.3302798049097851,0.3302798049097851,0.12615565967785344,0.12615565967785336,4.734699558312513e-16,4.461783248519826e-16,5.743794908190346e-16,-0.03897236416252045,0.20084459127653892,0.9128709291752761,0.3532835570093969
16,0,32,1.5625000000000004,25/16,1.1935763888888897,1375/1152,0.9720413773148157,26875/27648,0.17361111111111038,0.17361111111111183,0.5902777777777778,1.5625,0.33027980490978504,0.0030535284235482796,0.33027980490978504,0.3302798049097849,0.12615565967785347,0.1261556596778534,6.491297069937483e-16,6.263340911319722e-16,2.661296653564706e-16,-0.42733408740711437,-0.32330802136279124,-2.894694292519563e-15,0.8443088896028548
17,0,32,1.5625000000000009,25/16,1.1935763888888897,1375/1152,0.9720413773148155,26875/27648,0.17361111111111097,0.17361111111111138,0.5902777777777781,1.5625000000000002,0.33027980490978454,0.003053528423548779,0.33027980490978454,0.3302798049097845,0.12615565967785328,0.12615565967785325,2.056147509149993e-16,1.6377163623246897e-16,8.920730087951354e-16,0.7341235461005908,-0.4900445602100163,0.4564354645876379,-0.1121856262447767
18,0,32,1.5625000000000013,25/16,1.1935763888888904,1375/1152,0.9720413773148167,26875/27648,0.17361111111111063,0.1736111111111116,0.5902777777777775,1.5625000000000007,0.3302798049097853,0.003053528423548002,0.3302798049097853,0.3302798049097852,0.1261556596778536,0.12615565967785355,4.1078595653698864e-16,3.3654641063770576e-16,9.238896857051836e-16,0.6732187779309907,0.5269845365385395,-0.45643546458763595,0.24643547219715184
19,0,32,1.5625000000000022,25/16,1.1935763888888915,1375/1152,0.9720413773148175,26875/27648,0.17361111111111116,0.17361111111111144,0.590277777777778,1.5625000000000016,0.33027980490978465,0.003053528423548668,0.33027980490978465,0.3302798049097845,0.12615565967785342,0.12615565967785336,1.7952574026140776e-16,1.407800019673992e-16,1.2441048548802037e-15,0.6866312018603515,-0.5968699260312103,-1.2624206572760055e-15,0.41507093855304666
20,0,32,1.5624999999999996,25/16,1.1935763888888888,1375/1152,0.9720413773148147,26875/27648,0.1736111111111103,0.17361111111111158,0.590277777777778,1.5624999999999993,0.3302798049097852,0.003053528423548113,0.3302798049097852,0.3302798049097851,0.12615565967785355,0.12615565967785353,1.3020389591822472e-16,9.49269972762278e-17,4.603949291125036e-16,0.3104169949195529,0.9258417951924132,3.3360735173797787e-15,0.21554178142532837
21,0,32,1.562500000000001,25/16,1.19357638888889,1375/1152,0.9720413773148157,26875/27648,0.17361111111111036,0.17361111111111255,0.5902777777777789,1.5625000000000007,0.33027980490978487,0.003053528423548446,0.33027980490978487,0.33027980490978487,0.1261556596778536,0.12615565967785344,5.933582532594275e-16,5.465538209332976e-16,1.3788683915077173e-15,0.6561788177755511,-0.0883553776569309,-0.45643546458764095,0.5943814877740101
22,0,32,1.5625000000000004,25/16,1.1935763888888893,1375/1152,0.9720413773148147,26875/27648,0.17361111111111108,0.17361111111111122,0.5902777777777785,1.5625,0.33027980490978465,0.003053528423548668,0.33027980490978465,0.3302798049097846,0.12615565967785336,0.12615565967785328,2.2908760437154782e-16,1.902559111598696e-16,2.387624894196368e-16,-0.08646470840275906,0.09401922545534452,0.45643546458763806,0.8805401218072179
23,2,96,0.7291666666666666,35/48,0.2387152777777777,275/1152,0.08373119212962958,2315/27648,0.5902777777777771,0.5902777777777779,0.5902777777777787,0.7291666666666662,0.20412414523193137,0.12920918810140194,0.20412414523193137,0.20412414523193123,0.20412414523193118,0.20412414523193118,0.20412414523193115,0.20412414523193093,1.1209924842431371e-15,0.01905125462072389,0.6879709387049825,-0.6123724356957926,-0.3890154716650277
24,0,32,1.5625000000000018,25/16,1.1935763888888906,1375/1152,0.9720413773148167,26875/27648,0.17361111111111055,0.17361111111111174,0.5902777777777781,1.5625000000000009,0.33027980490978487,0.003053528423548446,0.33027980490978487,0.3302798049097848,0.1261556596778535,0.1261556596778534,3.5398758393231926e-16,2.7469210000830606e-16,5.003707553108401e-16,-0.3323493989266369,-0.1096572897204039,0.9128709291752762,-0.2102042399927901
25,0,32,1.5625000000000013,25/16,1.1935763888888902,1375/1152,0.9720413773148162,26875/27648,0.1736111111111107,0.17361111111111177,0.5902777777777779,1.562500000000001,0.330279804909785,0.003053528423548335,0.330279804909785,0.330279804909785,0.1261556596778534,0.12615565967785333,2.6742230734553087e-16,2.593650143431416e-16,1.0103182026100664e-15,0.3713217630891562,-0.09118730155614219,0.9128709291752766,-0.14307931701660165
26,2,96,0.7291666666666674,35/48,0.23871527777777815,275/1152,0.08373119212962982,2315/27648,0.5902777777777772,0.5902777777777779,0.5902777777777782,0.7291666666666671,0.2041241452319318,0.12920918810140153,0.2041241452319318,0.2041241452319318,0.20412414523193165,0.20412414523193165,0.2041241452319315,0.20412414523193145,3.3766115072321297e-16,0.8303007037924236,-0.20390100496429955,-0.40824829046386235,-0.319935079023368
27,0,32,1.5625000000000013,25/16,1.1935763888888906,1375/1152,0.9720413773148168,26875/27648,0.17361111111111072,0.1736111111111119,0.590277777777778,1.5625000000000013,0.33027980490978454,0.003053528423548779,0.33027980490978454,0.3302798049097845,0.1261556596778533,0.12615565967785325,1.416600671568808e-16,7.950701380080252e-17,1.159062478901209e-16,0.27633707460867624,-0.3048380331985295,-1.3277449492213265e-15,0.9114338125790437
28,2,96,0.7291666666666669,35/48,0.23871527777777785,275/1152,0.08373119212962965,2315/27648,0.5902777777777772,0.5902777777777779,0.5902777777777781,0.7291666666666669,0.2041241452319322,0.1292091881014011,0.2041241452319322,0.2041241452319318,0.2041241452319318,0.20412414523193168,0.20412414523193168,0.2041241452319313,3.6506759942727966e-16,0.743155848281152,0.24520115404320475,0.40824829046386335,0.47003096978256126
29,0,32,1.5624999999999996,25/16,1.1935763888888884,1375/1152,0.9720413773148142,26875/27648,0.17361111111111038,0.17361111111111183,0.5902777777777781,1.5624999999999987,0.33027980490978465,0.003053528423548668,0.33027980490978465,0.3302798049097846,0.1261556596778534,0.12615565967785325,5.204158350193202e-16,4.743564483252183e-16,2.5943974335363627e-16,-0.3932541670962357,0.907371807028152,3.5730111736868075e-15,0.14841685844914002
