start_id,sigma,target_gap,stationarity_residual,f0,f1,f2,f3,quadratic_relation_score
0,0.3333333333333339,-6.106226635438361e-16,1.1401058387390287e-09,0.6934929708259202,0.3952414467428102,0.16666666163881164,-0.5788557005764594,0.0
1,0.3333333333333333,0.0,2.5793567490813386e-12,0.6779376857798833,-0.16648447339615025,0.6666666666739973,-0.26122589814795216,0.0
2,0.33333333333333326,5.551115123125783e-17,3.2313253251393837e-10,-0.05559819372811465,0.9284162968282789,0.16666666525094073,0.3273747750392004,0.0
3,0.3333333333333334,-1.1102230246251565e-16,6.860393171804274e-16,0.0,0.0,1.0,0.0,0.0
4,0.33333333333333304,2.7755575615628914e-16,1.040846157575401e-11,-0.08670876091563694,-0.19503554192371494,0.16666666664277568,0.9626343804358869,0.0
5,0.3333333333333333,0.0,1.4200620147832175e-10,-0.05559819322247226,0.9284162964075997,0.16666666717225376,0.32737477533995485,0.0
6,0.33333333333333304,2.7755575615628914e-16,4.6220431358628045e-11,-0.08670876069684925,-0.19503554163601355,0.1666666669363534,0.9626343804630553,0.0
7,0.33333333333333387,-5.551115123125783e-16,3.0856977700077137e-10,0.6223394944423781,0.7619318221162369,-0.1666666674159221,0.0661488781182773,0.0
8,0.33333333333333337,-5.551115123125783e-17,2.186362454165287e-11,-0.6067842091751824,-0.20020590401837193,0.6666666667477373,-0.38377867963097734,0.0
9,0.33333333333333326,5.551115123125783e-17,4.637956731578556e-10,0.6779376840291566,-0.166484474518093,0.6666666682081701,-0.2612258980611142,0.0
10,0.333333333333333,3.3306690738754696e-16,2.127998554235869e-10,-0.08670875906445542,-0.19503554213045576,0.16666666614820005,0.9626343806463729,0.0
11,0.3333333333333337,-3.885780586188048e-16,5.33967303571497e-10,0.6223394928436835,0.7619318232094102,-0.16666666868375574,0.06614887737301567,0.0
12,0.33333333333333315,1.6653345369377348e-16,8.075501477157858e-10,0.5912289259108232,-0.3615200112435549,-0.16666666805538546,0.7014084832650017,0.0
13,0.33333333333333304,2.7755575615628914e-16,6.870165945803773e-10,0.5912289234068876,-0.3615200193871622,-0.16666666244710052,0.7014084825108567,0.0
14,0.333333333333334,-6.661338147750939e-16,4.744158473953027e-10,0.6223394926403342,0.7619318232404632,-0.16666666796886825,0.06614888072968385,0.0
15,0.33333333333333387,-5.551115123125783e-16,2.236916950288293e-10,0.6223394930110931,0.7619318231409367,-0.1666666678193872,0.06614887876454346,0.0
16,0.333333333333333,3.3306690738754696e-16,2.4592342850068125e-13,-0.6623824015270111,0.7282103926326534,-0.16666666666596774,-0.05640390439997438,0.0
17,0.3333333333333331,2.220446049250313e-16,8.664472688911978e-10,-0.6623824016752282,0.7282103915173662,-0.1666666711430133,-0.0564039038293238,0.0
18,0.33333333333333304,2.7755575615628914e-16,4.45219687228897e-10,-0.08670876073704938,-0.1950355410057339,0.16666666574272704,0.9626343807937924,0.0
19,0.33333333333333337,-5.551115123125783e-17,2.6256772839517477e-10,-0.6067842089340681,-0.20020590211960218,0.6666666667462452,-0.38377868100532153,0.0
20,0.33333333333333337,-5.551115123125783e-17,7.121067388128982e-11,3.7238568585680204e-11,-2.5930648123210754e-10,1.0,-3.735176659123432e-11,0.0
21,0.33333333333333304,2.7755575615628914e-16,6.096312789218624e-12,0.5912289249830442,-0.36152001534555916,-0.16666666665120303,0.7014084822664446,0.0
22,0.33333333333333337,-5.551115123125783e-17,7.04502752508465e-11,-0.07115347667906462,0.36669037781817376,0.6666666664293106,0.6450045778473802,0.0
23,0.33333333333333387,-5.551115123125783e-16,1.3963138801260628e-11,0.6934929700862906,0.39524144576904774,0.16666666676303418,-0.5788557006520606,0.0
24,0.3333333333333335,-1.6653345369377348e-16,6.146789558365575e-11,-0.055598192531808636,0.9284162964419975,0.16666666700691068,0.32737477544387655,0.0
25,0.3333333333333338,-4.996003610813204e-16,1.9141392682901723e-10,0.6223394945706537,0.7619318221471534,-0.16666666729794513,0.0661488768525802,0.0
26,0.33333333333333387,-5.551115123125783e-16,1.0800702879810556e-09,0.6934929719649542,0.3952414503912174,0.16666666785584566,-0.5788556949306894,0.0
27,0.33333333333333387,-5.551115123125783e-16,5.232389030869782e-11,0.6934929701737358,0.39524144570586783,0.16666666700612914,-0.5788557005204439,0.0
28,0.33333333333333304,2.7755575615628914e-16,5.466165290354539e-13,0.5912289249586192,-0.36152001531690003,-0.16666666666355928,0.7014084822988684,0.0
29,0.33333333333333337,-5.551115123125783e-17,2.5419304048056892e-12,0.6779376857771902,-0.16648447340978412,0.6666666666777472,-0.2612258981366824,0.0
30,0.3333333333333339,-6.106226635438361e-16,1.8521396344513307e-10,0.6223394939170043,0.7619318226057697,-0.1666666676089092,0.06614887693618374,0.0
31,0.33333333333333304,2.7755575615628914e-16,1.6849892861570052e-09,-0.6623824023795827,0.7282103901694497,-0.16666667250596962,-0.05640390893279113,0.0
32,0.3333333333333338,-4.996003610813204e-16,6.429065114872132e-12,0.6934929700261147,0.39524144581111664,0.16666666665118296,-0.578855700727634,0.0
33,0.3333333333333333,0.0,4.097861078209945e-11,-0.07115347648781814,0.3666903775567195,0.6666666665609394,0.645004577881067,0.0
34,0.33333333333333337,-5.551115123125783e-17,9.247124603231554e-10,0.6779376838133598,-0.16648447283035134,0.666666667786464,-0.2612259007730085,0.0
35,0.3333333333333329,3.885780586188048e-16,3.930020429443043e-12,-0.0867087608275738,-0.1950355418934729,0.16666666669395983,0.9626343804410845,0.0
36,0.3333333333333339,-6.106226635438361e-16,7.679904131305661e-11,0.6223394939232751,0.7619318227624479,-0.16666666687542003,0.06614887692057539,0.0
37,0.33333333333333304,2.7755575615628914e-16,5.118207063924658e-11,-0.08670876103239397,-0.19503554166910217,0.16666666698914004,0.9626343804169879,0.0
38,0.3333333333333329,3.885780586188048e-16,1.4642147528856155e-13,-0.0867087608314366,-0.19503554191320838,0.1666666666663714,0.9626343804415146,0.0
39,0.33333333333333315,1.6653345369377348e-16,3.4723827197486477e-12,0.5912289249672251,-0.3615200153345263,-0.166666666651161,0.7014084822854754,0.0
40,0.3333333333333333,0.0,1.5341743702005163e-12,-0.05559819229961351,0.9284162965447351,0.16666666667317118,0.3273747753618595,0.0
41,0.333333333333333,3.3306690738754696e-16,1.8973706665263404e-11,-0.08670876088141677,-0.19503554191586978,0.16666666673957334,0.9626343804237995,0.0
42,0.3333333333333329,3.885780586188048e-16,8.480065410179871e-12,-0.08670876079184019,-0.19503554193113787,0.1666666666776197,0.9626343804395011,0.0
43,0.33333333333333387,-5.551115123125783e-16,2.788939248834312e-11,0.6934929699318071,0.3952414459001414,0.16666666659275575,-0.5788557007966549,0.0
44,0.3333333333333329,3.885780586188048e-16,6.6360108027512174e-12,-0.662382401503696,0.7282103926533703,-0.16666666667593008,-0.05640390437687223,0.0
45,0.3333333333333329,3.885780586188048e-16,9.700099623059178e-11,-0.6623824014322617,0.7282103926785387,-0.16666666670593908,-0.05640390480215169,0.0
46,0.33333333333333337,-5.551115123125783e-17,1.4129038377978751e-09,-0.6067842116811746,-0.2002059040960418,0.6666666666835669,-0.38377867573976004,0.0
47,0.33333333333333326,5.551115123125783e-17,9.13615402784688e-11,0.6779376852798443,-0.16648447326161603,0.6666666672592038,-0.26122589803791507,0.0
48,0.3333333333333335,-1.6653345369377348e-16,1.0583955550771682e-10,-0.07115347625669664,0.36669037742390354,0.6666666666355061,0.645004577904999,0.0
49,0.3333333333333331,2.220446049250313e-16,3.519145987992262e-11,0.5912289249292024,-0.36152001534105616,-0.16666666677998557,0.7014084822835488,0.0
50,0.333333333333334,-6.661338147750939e-16,1.8659405253539177e-11,0.6223394933882305,0.7619318232081947,-0.16666666669116725,0.06614887728429195,0.0
51,0.33333333333333287,4.440892098500626e-16,4.172477162037921e-14,-0.6623824015282332,0.7282103926313178,-0.16666666666663327,-0.05640390440089936,0.0
52,0.3333333333333333,0.0,5.854704892906978e-11,-0.0555981923008583,0.9284162965619128,0.16666666680553868,0.3273747752455445,0.0
53,0.3333333333333333,0.0,2.483110458771048e-11,0.6779376857066861,-0.166484473302514,0.666666666791721,-0.26122589809715185,0.0
54,0.33333333333333315,1.6653345369377348e-16,4.223162015449932e-10,-0.0867087595825451,-0.19503554191007896,0.1666666650125418,0.9626343808409793,0.0
55,0.3333333333333329,3.885780586188048e-16,6.8720904466192784e-12,-0.08670876077640333,-0.1950355419319287,0.16666666665433497,0.9626343804447627,0.0
56,0.33333333333333337,-5.551115123125783e-17,4.3372274807737133e-11,-0.07115347665318172,0.3666903775976204,0.6666666665578056,0.6450045778428114,0.0
57,0.33333333333333387,-5.551115123125783e-16,2.436260825856859e-10,0.6934929703802326,0.3952414468693028,0.16666666690823848,-0.5788556995068461,0.0
58,0.3333333333333334,-1.1102230246251565e-16,3.665910120375656e-10,-0.05559819220258316,0.9284162971455817,0.1666666663334586,0.32737477384731917,0.0
59,0.3333333333333331,2.220446049250313e-16,1.8370878916259947e-09,0.5912289216269714,-0.36152001887577695,-0.1666666694623166,0.7014084826078206,0.0
60,0.3333333333333333,0.0,4.349093784508832e-12,-0.6067842092364941,-0.20020590391855977,0.6666666666498327,-0.3837786797561795,0.0
61,0.333333333333333,3.3306690738754696e-16,4.336008770593758e-11,-0.08670876097767101,-0.19503554166773174,0.16666666692994594,0.9626343804324434,0.0
62,0.33333333333333376,-4.440892098500626e-16,3.69277401001583e-09,0.6934929813594447,0.39524146091499546,0.1666666701407398,-0.5788556758322121,0.0
63,0.33333333333333337,-5.551115123125783e-17,4.134868515690363e-10,-0.6067842088793866,-0.20020590703715807,0.6666666668484839,-0.383778678348835,0.0
64,0.33333333333333326,5.551115123125783e-17,1.4051387171719057e-10,-0.07115347693311293,0.36669037686498995,0.6666666669665431,0.6450045778059728,0.0
65,0.3333333333333333,0.0,5.327822148072818e-10,-0.07115347636017391,0.36669037889033324,0.6666666693434486,0.6450045742610195,0.0
66,0.3333333333333339,-6.106226635438361e-16,5.747557708464294e-11,0.6934929700674509,0.39524144551789214,0.1666666667399209,-0.5788557008527746,0.0
67,0.3333333333333328,4.996003610813204e-16,5.265163919041293e-11,-0.6623824015317723,0.7282103926842871,-0.1666666664161108,-0.05640390441573351,0.0
68,0.3333333333333333,0.0,5.9300949901499e-11,9.323123638184447e-11,-2.1736119486439753e-11,1.0,2.836118746783536e-10,0.0
69,0.3333333333333334,-1.1102230246251565e-16,5.2678825090165245e-11,-0.606784209435933,-0.20020590395055948,0.666666666473691,-0.38377867973013513,0.0
70,0.33333333333333326,5.551115123125783e-17,1.4251204431945024e-11,-2.183519839889205e-11,2.906064307250608e-11,1.0,1.0088819594502066e-10,0.0
71,0.33333333333333354,-2.220446049250313e-16,4.4650215976903687e-10,-0.05559819608259299,0.928416296071743,0.16666666774383934,0.32737477551569544,0.0
72,0.33333333333333304,2.7755575615628914e-16,1.3174886441569153e-10,0.5912289247009831,-0.3615200155570925,-0.1666666668662715,0.7014084823440662,0.0
73,0.3333333333333334,-1.1102230246251565e-16,6.599492987596923e-11,-0.05559819180420858,0.9284162966483173,0.1666666665518339,0.327374775214014,0.0
74,0.3333333333333331,2.220446049250313e-16,4.1230284511070155e-10,-0.6623824012315739,0.7282103933255114,-0.1666666640166207,-0.05640390675271774,0.0
75,0.33333333333333387,-5.551115123125783e-16,2.5107035185276287e-10,0.622339493084527,0.76193182352449,-0.1666666667087283,0.06614887645411138,0.0
76,0.3333333333333328,4.996003610813204e-16,1.050068514169444e-12,-0.6623824015317188,0.7282103926283124,-0.16666666666440222,-0.05640390440536218,0.0
77,0.33333333333333354,-2.220446049250313e-16,7.599423961568719e-11,3.162890696362805e-10,-2.514437246313866e-10,1.0,-5.326949640198785e-10,0.0
78,0.33333333333333326,5.551115123125783e-17,9.703665857245802e-10,0.6779376838660515,-0.16648447872643615,0.6666666677068525,-0.26122589708174376,0.0
79,0.3333333333333334,-1.1102230246251565e-16,1.0450280571694546e-11,4.1151086038281856e-11,-2.5592345036684974e-11,1.0,-7.085302425581284e-11,0.0
80,0.3333333333333334,-1.1102230246251565e-16,3.667336436671536e-11,-0.6067842093043271,-0.20020590401623037,0.6666666666299659,-0.38377867963248913,0.0
81,0.33333333333333387,-5.551115123125783e-16,4.921467166615314e-13,0.6934929700492404,0.3952414458259752,0.16666666666947896,-0.5788557006845153,0.0
82,0.3333333333333334,-1.1102230246251565e-16,4.569204570979677e-11,-0.05559819248294547,0.9284162965413015,0.16666666654858123,0.32737477540389,0.0
83,0.3333333333333338,-4.996003610813204e-16,1.093488527063838e-10,0.6223394933395611,0.7619318233859762,-0.1666666660786599,0.06614887723767163,0.0
84,0.33333333333333337,-5.551115123125783e-17,3.092864640425442e-10,-0.05559819357489085,0.9284162969101036,0.16666666514708686,0.32737477488604433,0.0
85,0.333333333333333,3.3306690738754696e-16,1.5275012254148752e-10,-0.662382401636321,0.7282103926531546,-0.16666666581605283,-0.05640390536300117,0.0
86,0.3333333333333329,3.885780586188048e-16,1.4436131925874215e-10,-0.08670876055093739,-0.19503554247893515,0.16666666660658136,0.9626343803625125,0.0
87,0.33333333333333315,1.6653345369377348e-16,2.378567174936399e-10,0.5912289253241059,-0.3615200162869629,-0.16666666688468929,0.7014084814382594,0.0
88,0.3333333333333331,2.220446049250313e-16,1.7251400859980052e-10,0.5912289249103145,-0.3615200162162054,-0.16666666642611724,0.7014084819324854,0.0
89,0.33333333333333326,5.551115123125783e-17,7.757440771639916e-12,5.854378689370959e-11,-1.209514891494038e-11,1.0,-3.133936654171558e-11,0.0
90,0.3333333333333334,-1.1102230246251565e-16,3.55840658811592e-11,-0.07115347660553822,0.3666903775500964,0.6666666664705327,0.6450045779652889,0.0
91,0.33333333333333337,-5.551115123125783e-17,2.620681505366383e-09,1.1198907244664845e-08,3.3137628611426188e-09,1.0,-7.3380978852863866e-09,0.0
92,0.3333333333333335,-1.6653345369377348e-16,4.974869230554959e-10,-2.494585184355102e-09,-3.2583933043692807e-10,1.0,-2.596280326254664e-09,0.0
93,0.33333333333333404,-7.216449660063518e-16,1.1106141341419063e-10,0.6223394929629652,0.7619318235993362,-0.16666666651030107,0.06614887723562514,0.0
94,0.33333333333333337,-5.551115123125783e-17,3.0149974497993683e-10,-1.8622704221128364e-11,-1.2400214595583864e-09,1.0,-2.3969144741870803e-09,0.0
95,0.33333333333333376,-4.440892098500626e-16,2.939836673453731e-12,0.693492970037638,0.39524144581789056,0.16666666666552232,-0.5788557007050745,0.0
96,0.3333333333333334,-1.1102230246251565e-16,5.4927147462252e-10,-0.6067842098322825,-0.2002059057365486,0.6666666669887689,-0.3837786772770301,0.0
97,0.3333333333333331,2.220446049250313e-16,2.6321718796853255e-10,0.5912289237630195,-0.3615200151430868,-0.16666666550942416,0.7014084836704884,0.0
98,0.3333333333333333,0.0,2.374558153481533e-10,-0.05559819232629465,0.9284162967652785,0.16666666555826656,0.32737477529947806,0.0
99,0.33333333333333387,-5.551115123125783e-16,1.702030637563712e-11,0.6934929700843488,0.39524144583367615,0.16666666661821364,-0.5788557006519561,0.0
100,0.3333333333333329,3.885780586188048e-16,3.6784046521112746e-11,-0.6623824016385096,0.7282103925425428,-0.16666666656823959,-0.05640390454274631,0.0
101,0.33333333333333326,5.551115123125783e-17,6.07874112842938e-11,0.6779376857955584,-0.16648447368591235,0.6666666665693317,-0.2612258981897148,0.0
102,0.3333333333333334,-1.1102230246251565e-16,1.2652226341948672e-09,-0.07115347429709516,0.36669038303063856,0.6666666612891153,0.645004580459643,0.0
103,0.33333333333333337,-5.551115123125783e-17,1.39538195743349e-09,-0.6067842142544855,-0.20020591092722312,0.6666666587752995,-0.3837786818450786,0.0
104,0.33333333333333337,-5.551115123125783e-17,9.638130992328239e-10,-0.6067842073967461,-0.20020590411311823,0.6666666668468612,-0.38377868222120914,0.0
105,0.3333333333333333,0.0,2.679304425934999e-12,0.6779376857923729,-0.16648447340431985,0.6666666666582273,-0.2612258981505781,0.0
106,0.3333333333333334,-1.1102230246251565e-16,1.1344694276072112e-09,-0.07115347421029204,0.3666903825675371,0.6666666695507066,0.6450045721934439,0.0
107,0.3333333333333331,2.220446049250313e-16,4.787133159856739e-10,0.5912289229036959,-0.3615200153640575,-0.16666666707920905,0.7014084839079261,0.0
108,0.3333333333333332,1.1102230246251565e-16,1.3144963945890427e-10,0.6779376861207242,-0.16648447353718115,0.6666666664374438,-0.26122589777721533,0.0
109,0.33333333333333287,4.440892098500626e-16,1.1089726455907143e-10,-0.6623824016291702,0.7282103924217247,-0.16666666706952601,-0.05640390473102211,0.0
110,0.33333333333333287,4.440892098500626e-16,2.67061900752691e-10,-0.662382401643182,0.7282103922796916,-0.16666666744866201,-0.05640390527991023,0.0
111,0.3333333333333331,2.220446049250313e-16,2.752588399205486e-10,-0.08670875931504239,-0.19503554287749264,0.16666666640954805,0.9626343804271985,0.0
112,0.33333333333333304,2.7755575615628914e-16,1.1646910692614073e-10,-0.6623824021053728,0.7282103920030606,-0.16666666698972607,-0.05640390477972946,0.0
113,0.33333333333333326,5.551115123125783e-17,3.1316021141804914e-12,0.6779376858003865,-0.1664844734133394,0.6666666666545714,-0.261225898133363,0.0
114,0.33333333333333326,5.551115123125783e-17,3.31279894123686e-11,0.677937685684774,-0.16648447323232743,0.6666666668255841,-0.2612258981123291,0.0
115,0.33333333333333376,-4.440892098500626e-16,4.7398759742258406e-11,0.6223394936050607,0.7619318229610461,-0.16666666696024712,0.06614887741311827,0.0
116,0.33333333333333326,5.551115123125783e-17,1.5993540125602235e-11,0.6779376858233159,-0.1664844733799455,0.6666666666073454,-0.26122589821566333,0.0
117,0.33333333333333354,-2.220446049250313e-16,8.907826057188967e-10,-0.055598191746404506,0.9284162979544542,0.16666666600034455,0.3273747718004636,0.0
118,0.33333333333333337,-5.551115123125783e-17,1.8314013963533585e-10,-0.05559819233744195,0.9284162966203912,0.16666666598790825,0.3273747754897464,0.0
119,0.33333333333333337,-5.551115123125783e-17,6.997223260707659e-11,-0.05559819254268367,0.9284162965645686,0.16666666643041098,0.3273747753879212,0.0
120,0.333333333333334,-6.661338147750939e-16,6.28760967317496e-11,0.6223394933641356,0.7619318233467675,-0.1666666663074516,0.06614887688163744,0.0
121,0.33333333333333337,-5.551115123125783e-17,3.706835216258239e-10,-9.510966046551834e-10,9.143258899034054e-10,1.0,-5.900299622490941e-10,0.0
122,0.3333333333333333,0.0,1.7739114188806361e-10,-0.05559819382028359,0.928416296601676,0.16666666657967508,0.327374774989721,0.0
123,0.33333333333333337,-5.551115123125783e-17,3.112908063735811e-10,-0.6067842090995791,-0.2002059063482904,0.6666666666865331,-0.38377867864138165,0.0
124,0.3333333333333334,-1.1102230246251565e-16,2.603618456709426e-11,5.243804534242154e-11,-5.805154784395641e-11,1.0,5.3827955258997816e-11,0.0
125,0.33333333333333387,-5.551115123125783e-16,3.094665344020474e-11,0.693492969908127,0.39524144582020077,0.16666666663293347,-0.57885570086804,0.0
126,0.33333333333333326,5.551115123125783e-17,6.479765969552851e-10,0.6779376845743974,-0.1664844699604135,0.666666668944875,-0.26122589767067456,0.0
127,0.3333333333333333,0.0,7.670314423137151e-12,0.67793768578661,-0.16648447346195866,0.6666666666634307,-0.2612258981155205,0.0
128,0.3333333333333333,0.0,2.0281603986592913e-11,-5.951043657316318e-11,-4.0658885266067156e-11,1.0,4.1864910274169804e-11,0.0
129,0.33333333333333326,5.551115123125783e-17,5.871314476710055e-11,2.3017245109253037e-11,-2.1629194936961942e-10,1.0,-3.635516349742939e-11,0.0
130,0.3333333333333329,3.885780586188048e-16,8.742498224549548e-11,-0.08670876052823975,-0.1950355423168621,0.16666666610078168,0.9626343804849662,0.0
131,0.33333333333333337,-5.551115123125783e-17,2.1549448573748465e-09,0.6779376937180486,-0.16648446165044828,0.6666666587509789,-0.2612259052525605,0.0
132,0.33333333333333354,-2.220446049250313e-16,5.177198048928384e-11,-0.6067842089561695,-0.20020590381784215,0.6666666669607414,-0.3837786797118523,0.0
133,0.33333333333333287,4.440892098500626e-16,4.008797419429497e-11,-0.6623824014801695,0.72821039265416,-0.16666666671892993,-0.05640390451590283,0.0
134,0.33333333333333404,-7.216449660063518e-16,6.819615665643725e-12,0.6223394934753165,0.7619318231402586,-0.1666666667009516,0.06614887722283813,0.0
135,0.333333333333333,3.3306690738754696e-16,2.546608376493738e-11,-0.6623824015252816,0.7282103926084103,-0.16666666682242587,-0.0564039042709661,0.0
136,0.3333333333333334,-1.1102230246251565e-16,4.0803212212462294e-10,-0.07115347762147164,0.3666903771952121,0.6666666649206302,0.6450045796569261,0.0
137,0.3333333333333334,-1.1102230246251565e-16,2.482118332688778e-09,-0.055598193298552596,0.9284163040967471,0.1666666506699898,0.32737476192235854,0.0
138,0.33333333333333304,2.7755575615628914e-16,1.7963557222210787e-09,-0.0867087549301069,-0.19503554750713925,0.16666666738869965,0.9626343797146484,0.0
139,0.3333333333333332,1.1102230246251565e-16,1.2246004210440979e-11,0.5912289249024527,-0.36152001528737626,-0.16666666669207514,0.7014084823546534,0.0
140,0.3333333333333331,2.220446049250313e-16,7.818902962381165e-11,0.5912289247223357,-0.36152001559002894,-0.16666666613447362,0.7014084824829793,0.0
141,0.33333333333333315,1.6653345369377348e-16,8.995184685441463e-10,0.591228925582109,-0.3615200144538544,-0.16666666386030973,0.7014084828842494,0.0
142,0.3333333333333334,-1.1102230246251565e-16,9.630977645851716e-10,-2.5699205441254844e-09,4.7453823449250856e-09,1.0,6.018289604302524e-09,0.0
143,0.3333333333333333,0.0,2.454267141652287e-11,-0.07115347652650618,0.3666903771551682,0.6666666667062672,0.6450045779548758,0.0
144,0.33333333333333387,-5.551115123125783e-16,1.3839828420692083e-10,0.6934929699481127,0.39524144646420806,0.16666666661235613,-0.5788557003863332,0.0
145,0.33333333333333326,5.551115123125783e-17,3.475321853964775e-11,-1.2479753251640513e-10,-1.61103046417296e-10,1.0,-1.7962308121500028e-10,0.0
146,0.3333333333333334,-1.1102230246251565e-16,1.2745214651654096e-11,-5.4492696326295845e-11,5.7434865086595005e-11,1.0,5.302283294300757e-11,0.0
147,0.33333333333333404,-7.216449660063518e-16,1.3695089713016628e-11,0.6223394934460699,0.7619318231796139,-0.16666666665036553,0.06614887717213963,0.0
148,0.3333333333333339,-6.106226635438361e-16,5.207195738889769e-11,0.622339493410982,0.7619318232429362,-0.16666666657238813,0.06614887696934699,0.0
149,0.3333333333333332,1.1102230246251565e-16,1.0231495351830193e-10,0.6779376857772633,-0.16648447310204553,0.6666666668344334,-0.2612258979327462,0.0
150,0.33333333333333304,2.7755575615628914e-16,1.814255139222698e-10,-0.08670876177867631,-0.19503554244748125,0.1666666667127608,0.9626343802399139,0.0
151,0.3333333333333331,2.220446049250313e-16,6.610401985659215e-11,0.5912289248687874,-0.36152001493291835,-0.166666667046725,0.701408482481454,0.0
152,0.33333333333333404,-7.216449660063518e-16,1.5238777968565013e-09,0.6223395011268531,0.7619318160506466,-0.1666666706278001,0.066148877003224,0.0
153,0.33333333333333326,5.551115123125783e-17,1.3292920441738798e-11,1.456900648587658e-11,6.665718327038779e-11,1.0,6.683122436197015e-11,0.0
154,0.33333333333333337,-5.551115123125783e-17,1.1298422360319275e-11,-0.05559819227770203,0.928416296524777,0.1666666667362914,0.3273747753900461,0.0
155,0.33333333333333304,2.7755575615628914e-16,2.073351710254514e-10,0.5912289250384787,-0.36152001534228634,-0.16666666755965387,0.7014084820055413,0.0
156,0.333333333333334,-6.661338147750939e-16,1.437560338755357e-10,0.6934929702012753,0.39524144517510673,0.1666666676439861,-0.5788557006661982,0.0
157,0.33333333333333326,5.551115123125783e-17,2.3767246886696647e-10,1.727634277869291e-09,-6.677630890538452e-11,1.0,-7.568363424405122e-10,0.0
158,0.3333333333333334,-1.1102230246251565e-16,1.2332563016013972e-11,-0.055598192242435784,0.9284162965336028,0.16666666667518962,0.32737477540211285,0.0
159,0.33333333333333337,-5.551115123125783e-17,3.631440476677237e-11,-0.05559819240290995,0.9284162965524083,0.16666666675064862,0.3273747752831118,0.0
160,0.33333333333333287,4.440892098500626e-16,6.528816944997015e-11,-0.6623824015551651,0.7282103925308324,-0.16666666708222697,-0.05640390415392374,0.0
161,0.3333333333333333,0.0,9.116227821816442e-11,0.6779376855497372,-0.16648447382372297,0.6666666669957357,-0.2612258976516314,0.0
162,0.3333333333333334,-1.1102230246251565e-16,1.7469270582120137e-12,-0.6067842092152635,-0.20020590392666623,0.6666666666714907,-0.38377867974789515,0.0
163,0.3333333333333333,0.0,8.276651545816095e-12,-0.05559819229098619,0.9284162965717939,0.16666666662212543,0.32737477531257464,0.0
164,0.3333333333333331,2.220446049250313e-16,7.519290160357123e-12,0.5912289249647179,-0.3615200152734911,-0.16666666668303076,0.7014084823114748,0.0
165,0.33333333333333387,-5.551115123125783e-16,3.57617271327384e-11,0.6934929701195754,0.3952414456181755,0.16666666689832166,-0.5788557006762468,0.0
166,0.3333333333333341,-7.771561172376096e-16,1.494626935602479e-09,0.6223394900205398,0.7619318259861068,-0.166666663693226,0.06614888452438754,0.0
167,0.3333333333333331,2.220446049250313e-16,3.313853578140512e-11,0.5912289248792346,-0.3615200153676883,-0.16666666671348224,0.701408482327743,0.0
168,0.33333333333333387,-5.551115123125783e-16,5.074642248792598e-11,0.6223394935756831,0.7619318229806776,-0.16666666701272403,0.06614887733116417,0.0
169,0.3333333333333329,3.885780586188048e-16,2.962194915477521e-10,-0.6623824013005513,0.7282103929810205,-0.16666666670570685,-0.05640390244435205,0.0
170,0.3333333333333331,2.220446049250313e-16,8.821157595306796e-13,0.5912289249597955,-0.36152001531846656,-0.1666666666621371,0.7014084822974073,0.0
171,0.33333333333333337,-5.551115123125783e-17,5.7316496982080586e-12,-0.6067842092322637,-0.20020590388164908,0.666666666653919,-0.3837786797750242,0.0
172,0.33333333333333337,-5.551115123125783e-17,9.875067796684748e-12,-0.07115347654032296,0.36669037731531096,0.6666666666815457,0.6450045778878608,0.0
173,0.33333333333333337,-5.551115123125783e-17,2.982182495018184e-10,-0.6067842105379425,-0.20020590384413078,0.666666664744256,-0.38377868104751506,0.0
174,0.3333333333333338,-4.996003610813204e-16,1.577108707753097e-10,0.6223394926676273,0.7619318239369463,-0.16666666608190925,0.06614887720483223,0.0
175,0.3333333333333333,0.0,1.152423322951044e-10,0.6779376857947519,-0.16648447265831834,0.6666666668062599,-0.2612258982420565,0.0
176,0.33333333333333337,-5.551115123125783e-17,1.564738246179922e-11,-0.07115347652395371,0.36669037734634374,0.6666666666709723,0.6450045778829527,0.0
177,0.33333333333333337,-5.551115123125783e-17,4.899943586666554e-11,-0.07115347664762373,0.36669037713703634,0.666666666907409,0.6450045777439258,0.0
178,0.3333333333333329,3.885780586188048e-16,3.291258015420967e-11,-0.6623824015367659,0.7282103926429708,-0.16666666663171903,-0.056403904253415134,0.0
179,0.33333333333333326,5.551115123125783e-17,8.863540464049936e-11,0.6779376859383306,-0.16648447373365308,0.6666666665763535,-0.2612258977708436,0.0
180,0.3333333333333331,2.220446049250313e-16,5.7014104331247686e-12,0.5912289249728702,-0.3615200153496775,-0.16666666664396027,0.7014084822746188,0.0
181,0.33333333333333387,-5.551115123125783e-16,1.4544587842300487e-09,0.6934929693642445,0.39524145533729643,0.16666665833122313,-0.5788556974116453,0.0
182,0.3333333333333334,-1.1102230246251565e-16,4.407647138562552e-11,-0.05559819215386873,0.9284162965679363,0.16666666674931457,0.32737477528204917,0.0
183,0.3333333333333334,-1.1102230246251565e-16,1.7659517183147345e-11,-0.606784209237119,-0.20020590400069635,0.6666666666093907,-0.38377867978259556,0.0
184,0.3333333333333339,-6.106226635438361e-16,2.628911069875861e-09,0.6934929744325457,0.39524144389705657,0.16666665988699442,-0.5788556987030391,0.0
185,0.333333333333333,3.3306690738754696e-16,1.8820569735764897e-10,-0.662382401491489,0.7282103926745972,-0.16666666709070735,-0.056403903020554806,0.0
186,0.3333333333333333,0.0,1.41459697378622e-11,-0.07115347652864945,0.3666903772951452,0.6666666666766163,0.645004577905708,0.0
187,0.33333333333333404,-7.216449660063518e-16,3.3567678554042757e-09,0.6223394871988399,0.7619318227638,-0.16666668516893623,0.06614889407780833,0.0
188,0.3333333333333331,2.220446049250313e-16,1.9244636478840873e-10,0.5912289250938524,-0.3615200145997714,-0.16666666659598575,0.7014084825705572,0.0
189,0.3333333333333329,3.885780586188048e-16,6.791281647972652e-12,-0.6623824015110292,0.7282103926567112,-0.16666666662567972,-0.056403904396104196,0.0
190,0.3333333333333333,0.0,3.199257407618354e-10,0.677937687004883,-0.16648447364361674,0.6666666655728939,-0.2612258976211899,0.0
191,0.3333333333333333,0.0,2.0706280577676696e-11,0.6779376857969353,-0.16648447336011177,0.6666666666313374,-0.2612258982355373,0.0
192,0.33333333333333387,-5.551115123125783e-16,1.2384666885038477e-11,0.693492970072894,0.3952414457901582,0.16666666675007927,-0.578855700657426,0.0
193,0.333333333333334,-6.661338147750939e-16,5.602323898530623e-10,0.6223394945496213,0.7619318224458781,-0.1666666656339393,0.06614887780219408,0.0
194,0.33333333333333337,-5.551115123125783e-17,2.7475086055309764e-10,-0.60678420996908,-0.20020590524826337,0.6666666653017321,-0.38377868024603895,0.0
195,0.3333333333333333,0.0,3.2698673053410785e-11,-0.05559819213723582,0.9284162965109368,0.16666666668757113,0.3273747754779548,0.0
196,0.33333333333333337,-5.551115123125783e-17,2.1272597027413442e-11,-0.05559819219799385,0.9284162965984991,0.16666666654354606,0.3273747752926377,0.0
197,0.33333333333333326,5.551115123125783e-17,4.425699770041979e-12,0.677937685784021,-0.1664844733898861,0.6666666666666319,-0.2612258981600032,0.0
198,0.3333333333333333,0.0,1.0416288668363784e-11,-0.05559819224662139,0.9284162965521907,0.16666666663800264,0.32737477536761955,0.0
199,0.33333333333333326,5.551115123125783e-17,2.2937906445082056e-10,-0.05559819328296337,0.9284162968020956,0.16666666556714668,0.3273747750280744,0.0
200,0.33333333333333337,-5.551115123125783e-17,4.92310686523618e-12,-0.07115347657190617,0.3666903773486341,0.6666666666380031,0.6450045779104372,0.0
201,0.333333333333333,3.3306690738754696e-16,6.107750065021244e-11,-0.6623824014249283,0.7282103926860761,-0.16666666684297335,-0.05640390438603776,0.0
202,0.33333333333333287,4.440892098500626e-16,1.8809133979716507e-10,-0.662382402005515,0.7282103922683947,-0.16666666632094732,-0.05640390450294149,0.0
203,0.3333333333333329,3.885780586188048e-16,1.3378111111871503e-09,-0.6623824023675213,0.7282103910268238,-0.16666666774436428,-0.05640391207514892,0.0
204,0.33333333333333337,-5.551115123125783e-17,2.19332941325174e-11,-0.6067842091851141,-0.20020590395687754,0.6666666667504576,-0.38377867964262885,0.0
205,0.33333333333333326,5.551115123125783e-17,3.203485759911547e-11,0.6779376857362555,-0.16648447328210245,0.6666666667736103,-0.2612258980796411,0.0
206,0.33333333333333337,-5.551115123125783e-17,1.0456405426231414e-11,-3.6709410759962815e-11,2.370985220114758e-11,1.0,-1.828756829939703e-11,0.0
207,0.3333333333333328,4.996003610813204e-16,2.323145734013742e-10,-0.6623824005912804,0.7282103935414715,-0.16666666648726547,-0.05640390418340199,0.0
208,0.33333333333333326,5.551115123125783e-17,8.643763737574806e-11,0.6779376860214497,-0.16648447286168014,0.6666666664709296,-0.2612258983799063,0.0
209,0.333333333333333,3.3306690738754696e-16,3.1708109558117976e-10,-0.08670876143196701,-0.1950355434955498,0.16666666604150893,0.9626343801750165,0.0
210,0.33333333333333287,4.440892098500626e-16,1.785170819302827e-12,-0.6623824015254964,0.7282103926335406,-0.16666666666498203,-0.056403904409221675,0.0
211,0.3333333333333331,2.220446049250313e-16,2.2844043205932817e-11,0.5912289249342777,-0.3615200152766962,-0.1666666665912165,0.7014084823572979,0.0
212,0.333333333333333,3.3306690738754696e-16,5.748547767266209e-11,-0.08670876053461822,-0.195035541613691,0.1666666669558928,0.9626343804788077,0.0
213,0.3333333333333331,2.220446049250313e-16,8.494308131045985e-13,0.5912289249577083,-0.36152001531394495,-0.16666666666341495,0.7014084823011935,0.0
214,0.3333333333333334,-1.1102230246251565e-16,1.1571529760930054e-09,-6.88395245077381e-09,2.150986381236027e-09,1.0,-1.777841650328139e-09,0.0
215,0.3333333333333335,-1.6653345369377348e-16,4.608930968366395e-09,-0.6067842000763267,-0.20020587843936516,0.6666666855092309,-0.38377867476996524,0.0
216,0.33333333333333315,1.6653345369377348e-16,1.7370442571967274e-10,0.591228924578157,-0.3615200154366288,-0.16666666572043035,0.7014084827819592,0.0
217,0.33333333333333404,-7.216449660063518e-16,3.118087181784509e-09,0.6223394955038782,0.7619318273776207,-0.16666664736921705,0.06614885803763355,0.0
218,0.33333333333333326,5.551115123125783e-17,1.7256516744177155e-12,0.6779376857816035,-0.16648447339873454,0.6666666666764082,-0.26122589813568803,0.0
219,0.33333333333333304,2.7755575615628914e-16,2.2448739026001616e-12,0.5912289249545886,-0.36152001532620465,-0.16666666665116225,0.7014084823004157,0.0
220,0.3333333333333331,2.220446049250313e-16,8.869760446499299e-11,0.5912289254041845,-0.36152001564242336,-0.1666666667230684,0.7014084817413723,0.0
221,0.3333333333333331,2.220446049250313e-16,2.7885406485846288e-11,-0.6623824013986012,0.7282103927846167,-0.16666666652152304,-0.05640390437283724,0.0
222,0.33333333333333387,-5.551115123125783e-16,1.5892270180805834e-11,0.6934929700337151,0.39524144584194987,0.16666666658196863,-0.578855700717404,0.0
223,0.33333333333333326,5.551115123125783e-17,1.3862729598400187e-10,0.677937685250477,-0.1664844741045841,0.666666667203526,-0.26122589771898247,0.0
224,0.3333333333333333,0.0,4.2609166951097305e-09,0.6779377016233706,-0.16648445046900662,0.6666666488771763,-0.26122591706132536,0.0
225,0.3333333333333339,-6.106226635438361e-16,1.8919502463879635e-11,0.6934929701083115,0.39524144583011783,0.1666666666391501,-0.5788557006196495,0.0
226,0.3333333333333334,-1.1102230246251565e-16,6.22903622957482e-10,-0.071153476172384,0.36669037802703086,0.6666666629254949,0.6450045814060268,0.0
227,0.3333333333333335,-1.6653345369377348e-16,8.442650698376901e-12,-0.05559819229360352,0.9284162965420656,0.1666666667013865,0.327374775356086,0.0
228,0.3333333333333339,-6.106226635438361e-16,1.1520761538986743e-10,0.6223394934094294,0.7619318232455767,-0.16666666666183147,0.0661488767281814,0.0
229,0.33333333333333337,-5.551115123125783e-17,5.252863257215563e-12,-0.055598192295447234,0.9284162965623688,0.1666666666403082,0.3273747753292894,0.0
230,0.33333333333333337,-5.551115123125783e-17,4.089125368038445e-09,-0.055598188776661846,0.928416286183401,0.1666666820107845,0.32737479753593135,0.0
231,0.3333333333333339,-6.106226635438361e-16,1.6701416806971174e-09,0.6934929721594025,0.39524144404156064,0.1666666760369767,-0.5788556966777174,0.0
232,0.33333333333333337,-5.551115123125783e-17,6.425514782810475e-12,-0.05559819235859947,0.9284162965344086,0.16666666668955576,0.3273747753727854,0.0
233,0.3333333333333335,-1.6653345369377348e-16,1.3240362917257386e-09,-0.055598188045247604,0.9284162939458054,0.1666666698848379,0.32737478181973606,0.0
234,0.3333333333333333,0.0,8.222614887548558e-11,-3.794053698309339e-10,-6.79766748874866e-11,1.0,2.711656113727172e-10,0.0
235,0.3333333333333329,3.885780586188048e-16,3.3857070897131757e-11,-0.0867087608347676,-0.19503554185906646,0.16666666684903764,0.9626343804205579,0.0
236,0.3333333333333333,0.0,3.2891665238160855e-10,-0.07115347557701139,0.3666903771202705,0.6666666669251027,0.6450045778532737,0.0
237,0.3333333333333334,-1.1102230246251565e-16,1.1255005130430472e-12,-0.6067842092162716,-0.20020590392383475,0.6666666666682478,-0.3837786797534116,0.0
238,0.3333333333333333,0.0,5.660895824566614e-11,-0.05559819223943931,0.9284162965379963,0.16666666652795833,0.32737477546511756,0.0
239,0.33333333333333337,-5.551115123125783e-17,3.442827845443049e-11,-5.455125075843286e-11,-2.7562031169326136e-11,1.0,1.4166085676716694e-10,0.0
240,0.3333333333333333,0.0,1.5767267220328806e-10,-0.606784208542222,-0.20020590443776023,0.6666666674736076,-0.38377867915203684,0.0
241,0.3333333333333329,3.885780586188048e-16,1.5054318514094477e-11,-0.08670876073265725,-0.1950355418994182,0.1666666667186423,0.9626343804441561,0.0
242,0.33333333333333337,-5.551115123125783e-17,4.452563666129338e-11,-0.055598192363537205,0.928416296440622,0.1666666669655498,0.327374775497412,0.0
243,0.3333333333333333,0.0,9.65661344583057e-13,-0.07115347657041196,0.3666903773242619,0.6666666666670016,0.6450045778944855,0.0
244,0.33333333333333337,-5.551115123125783e-17,3.1883602000639e-13,7.184891063101825e-13,3.407551498299967e-13,1.0,-1.155843096119603e-12,0.0
245,0.3333333333333333,0.0,5.641068266870266e-10,3.166929014842912e-09,1.3763270109671744e-09,1.0,-8.431593181120038e-11,0.0
246,0.3333333333333334,-1.1102230246251565e-16,4.715825837060725e-10,-0.05559819069008944,0.9284162969982233,0.16666666703681018,0.32737477416401006,0.0
247,0.3333333333333334,-1.1102230246251565e-16,2.809034442530798e-12,-0.05559819232114945,0.9284162965504543,0.16666666665277108,0.3273747753523681,0.0
248,0.33333333333333326,5.551115123125783e-17,2.807316250782756e-10,1.0740577091828114e-09,1.2700991733874353e-09,1.0,1.7278912407802156e-09,0.0
249,0.3333333333333338,-4.996003610813204e-16,2.1386721823889972e-11,0.6223394934321902,0.7619318231853495,-0.1666666666765337,0.06614887717072566,0.0
250,0.333333333333333,3.3306690738754696e-16,1.5406104717219486e-10,-0.08670876150504715,-0.19503554149390578,0.16666666752929624,0.9626343803163894,0.0
251,0.33333333333333304,2.7755575615628914e-16,3.579488085315095e-11,-0.6623824013951258,0.7282103928025964,-0.16666666643322706,-0.05640390444242474,0.0
252,0.3333333333333335,-1.6653345369377348e-16,6.36072377278329e-10,-0.05559819165924824,0.9284162977318435,0.16666666571805538,0.32737477259029035,0.0
253,0.3333333333333341,-7.771561172376096e-16,1.7709956433700442e-09,0.6223394853219649,0.7619318279329071,-0.16666667082962305,0.06614888832460226,0.0
254,0.33333333333333337,-5.551115123125783e-17,6.225820680410371e-12,0.677937685768593,-0.16648447338485706,0.6666666666838769,-0.2612258981592368,0.0
255,0.33333333333333354,-2.220446049250313e-16,1.7370839985884368e-09,-0.606784201776018,-0.20020589811429765,0.6666666738857785,-0.38377868201003706,0.0
